chunk_id,doc_id,country,region,doc_type,pub_year,original_language,source_language_match,policy_topic_id
USA_National_AI_RD_Strategic_Plan_2023_chunk_0,USA_National_AI_RD_Strategic_Plan_2023,United States,North America,National Strategy,2023,en,True,-1
USA_National_AI_RD_Strategic_Plan_2023_chunk_1,USA_National_AI_RD_Strategic_Plan_2023,United States,North America,National Strategy,2023,en,True,-1
USA_National_AI_RD_Strategic_Plan_2023_chunk_4,USA_National_AI_RD_Strategic_Plan_2023,United States,North America,National Strategy,2023,en,True,-1
USA_National_AI_RD_Strategic_Plan_2023_chunk_5,USA_National_AI_RD_Strategic_Plan_2023,United States,North America,National Strategy,2023,en,True,-1
USA_National_AI_RD_Strategic_Plan_2023_chunk_6,USA_National_AI_RD_Strategic_Plan_2023,United States,North America,National Strategy,2023,en,True,-1
USA_National_AI_RD_Strategic_Plan_2023_chunk_7,USA_National_AI_RD_Strategic_Plan_2023,United States,North America,National Strategy,2023,en,True,-1
USA_National_AI_RD_Strategic_Plan_2023_chunk_8,USA_National_AI_RD_Strategic_Plan_2023,United States,North America,National Strategy,2023,en,True,9
USA_National_AI_RD_Strategic_Plan_2023_chunk_9,USA_National_AI_RD_Strategic_Plan_2023,United States,North America,National Strategy,2023,en,True,9
USA_National_AI_RD_Strategic_Plan_2023_chunk_10,USA_National_AI_RD_Strategic_Plan_2023,United States,North America,National Strategy,2023,en,True,9
USA_National_AI_RD_Strategic_Plan_2023_chunk_11,USA_National_AI_RD_Strategic_Plan_2023,United States,North America,National Strategy,2023,en,True,-1
USA_National_AI_RD_Strategic_Plan_2023_chunk_12,USA_National_AI_RD_Strategic_Plan_2023,United States,North America,National Strategy,2023,en,True,9
USA_National_AI_RD_Strategic_Plan_2023_chunk_13,USA_National_AI_RD_Strategic_Plan_2023,United States,North America,National Strategy,2023,en,True,9
USA_National_AI_RD_Strategic_Plan_2023_chunk_14,USA_National_AI_RD_Strategic_Plan_2023,United States,North America,National Strategy,2023,en,True,-1
USA_National_AI_RD_Strategic_Plan_2023_chunk_15,USA_National_AI_RD_Strategic_Plan_2023,United States,North America,National Strategy,2023,en,True,9
USA_National_AI_RD_Strategic_Plan_2023_chunk_16,USA_National_AI_RD_Strategic_Plan_2023,United States,North America,National Strategy,2023,en,True,-1
USA_National_AI_RD_Strategic_Plan_2023_chunk_17,USA_National_AI_RD_Strategic_Plan_2023,United States,North America,National Strategy,2023,en,True,-1
USA_National_AI_RD_Strategic_Plan_2023_chunk_18,USA_National_AI_RD_Strategic_Plan_2023,United States,North America,National Strategy,2023,en,True,3
USA_National_AI_RD_Strategic_Plan_2023_chunk_19,USA_National_AI_RD_Strategic_Plan_2023,United States,North America,National Strategy,2023,en,True,-1
USA_National_AI_RD_Strategic_Plan_2023_chunk_20,USA_National_AI_RD_Strategic_Plan_2023,United States,North America,National Strategy,2023,en,True,-1
USA_National_AI_RD_Strategic_Plan_2023_chunk_21,USA_National_AI_RD_Strategic_Plan_2023,United States,North America,National Strategy,2023,en,True,8
USA_National_AI_RD_Strategic_Plan_2023_chunk_22,USA_National_AI_RD_Strategic_Plan_2023,United States,North America,National Strategy,2023,en,True,-1
USA_National_AI_RD_Strategic_Plan_2023_chunk_23,USA_National_AI_RD_Strategic_Plan_2023,United States,North America,National Strategy,2023,en,True,-1
USA_National_AI_RD_Strategic_Plan_2023_chunk_24,USA_National_AI_RD_Strategic_Plan_2023,United States,North America,National Strategy,2023,en,True,-1
USA_National_AI_RD_Strategic_Plan_2023_chunk_25,USA_National_AI_RD_Strategic_Plan_2023,United States,North America,National Strategy,2023,en,True,-1
USA_National_AI_RD_Strategic_Plan_2023_chunk_26,USA_National_AI_RD_Strategic_Plan_2023,United States,North America,National Strategy,2023,en,True,9
USA_National_AI_RD_Strategic_Plan_2023_chunk_27,USA_National_AI_RD_Strategic_Plan_2023,United States,North America,National Strategy,2023,en,True,9
USA_National_AI_RD_Strategic_Plan_2023_chunk_28,USA_National_AI_RD_Strategic_Plan_2023,United States,North America,National Strategy,2023,en,True,-1
USA_National_AI_RD_Strategic_Plan_2023_chunk_29,USA_National_AI_RD_Strategic_Plan_2023,United States,North America,National Strategy,2023,en,True,-1
USA_National_AI_RD_Strategic_Plan_2023_chunk_30,USA_National_AI_RD_Strategic_Plan_2023,United States,North America,National Strategy,2023,en,True,-1
USA_National_AI_RD_Strategic_Plan_2023_chunk_31,USA_National_AI_RD_Strategic_Plan_2023,United States,North America,National Strategy,2023,en,True,-1
USA_National_AI_RD_Strategic_Plan_2023_chunk_32,USA_National_AI_RD_Strategic_Plan_2023,United States,North America,National Strategy,2023,en,True,-1
USA_National_AI_RD_Strategic_Plan_2023_chunk_33,USA_National_AI_RD_Strategic_Plan_2023,United States,North America,National Strategy,2023,en,True,-1
USA_National_AI_RD_Strategic_Plan_2023_chunk_34,USA_National_AI_RD_Strategic_Plan_2023,United States,North America,National Strategy,2023,en,True,-1
USA_National_AI_RD_Strategic_Plan_2023_chunk_35,USA_National_AI_RD_Strategic_Plan_2023,United States,North America,National Strategy,2023,en,True,-1
USA_National_AI_RD_Strategic_Plan_2023_chunk_36,USA_National_AI_RD_Strategic_Plan_2023,United States,North America,National Strategy,2023,en,True,-1
USA_National_AI_RD_Strategic_Plan_2023_chunk_37,USA_National_AI_RD_Strategic_Plan_2023,United States,North America,National Strategy,2023,en,True,-1
USA_National_AI_RD_Strategic_Plan_2023_chunk_38,USA_National_AI_RD_Strategic_Plan_2023,United States,North America,National Strategy,2023,en,True,-1
USA_National_AI_RD_Strategic_Plan_2023_chunk_39,USA_National_AI_RD_Strategic_Plan_2023,United States,North America,National Strategy,2023,en,True,-1
USA_National_AI_RD_Strategic_Plan_2023_chunk_40,USA_National_AI_RD_Strategic_Plan_2023,United States,North America,National Strategy,2023,en,True,-1
USA_National_AI_RD_Strategic_Plan_2023_chunk_41,USA_National_AI_RD_Strategic_Plan_2023,United States,North America,National Strategy,2023,en,True,2
USA_National_AI_RD_Strategic_Plan_2023_chunk_42,USA_National_AI_RD_Strategic_Plan_2023,United States,North America,National Strategy,2023,en,True,8
USA_National_AI_RD_Strategic_Plan_2023_chunk_43,USA_National_AI_RD_Strategic_Plan_2023,United States,North America,National Strategy,2023,en,True,2
USA_National_AI_RD_Strategic_Plan_2023_chunk_44,USA_National_AI_RD_Strategic_Plan_2023,United States,North America,National Strategy,2023,en,True,2
USA_National_AI_RD_Strategic_Plan_2023_chunk_45,USA_National_AI_RD_Strategic_Plan_2023,United States,North America,National Strategy,2023,en,True,8
USA_National_AI_RD_Strategic_Plan_2023_chunk_46,USA_National_AI_RD_Strategic_Plan_2023,United States,North America,National Strategy,2023,en,True,8
USA_National_AI_RD_Strategic_Plan_2023_chunk_47,USA_National_AI_RD_Strategic_Plan_2023,United States,North America,National Strategy,2023,en,True,-1
USA_National_AI_RD_Strategic_Plan_2023_chunk_48,USA_National_AI_RD_Strategic_Plan_2023,United States,North America,National Strategy,2023,en,True,8
USA_National_AI_RD_Strategic_Plan_2023_chunk_49,USA_National_AI_RD_Strategic_Plan_2023,United States,North America,National Strategy,2023,en,True,-1
USA_National_AI_RD_Strategic_Plan_2023_chunk_50,USA_National_AI_RD_Strategic_Plan_2023,United States,North America,National Strategy,2023,en,True,-1
USA_National_AI_RD_Strategic_Plan_2023_chunk_51,USA_National_AI_RD_Strategic_Plan_2023,United States,North America,National Strategy,2023,en,True,9
USA_National_AI_RD_Strategic_Plan_2023_chunk_52,USA_National_AI_RD_Strategic_Plan_2023,United States,North America,National Strategy,2023,en,True,3
USA_National_AI_RD_Strategic_Plan_2023_chunk_53,USA_National_AI_RD_Strategic_Plan_2023,United States,North America,National Strategy,2023,en,True,-1
USA_National_AI_RD_Strategic_Plan_2023_chunk_54,USA_National_AI_RD_Strategic_Plan_2023,United States,North America,National Strategy,2023,en,True,-1
USA_National_AI_RD_Strategic_Plan_2023_chunk_55,USA_National_AI_RD_Strategic_Plan_2023,United States,North America,National Strategy,2023,en,True,-1
USA_National_AI_RD_Strategic_Plan_2023_chunk_56,USA_National_AI_RD_Strategic_Plan_2023,United States,North America,National Strategy,2023,en,True,8
USA_NIST_AI_RMF_1_0_2023_chunk_0,USA_NIST_AI_RMF_1_0_2023,United States,North America,Framework,2023,en,True,-1
USA_NIST_AI_RMF_1_0_2023_chunk_1,USA_NIST_AI_RMF_1_0_2023,United States,North America,Framework,2023,en,True,-1
USA_NIST_AI_RMF_1_0_2023_chunk_2,USA_NIST_AI_RMF_1_0_2023,United States,North America,Framework,2023,en,True,-1
USA_NIST_AI_RMF_1_0_2023_chunk_3,USA_NIST_AI_RMF_1_0_2023,United States,North America,Framework,2023,en,True,1
USA_NIST_AI_RMF_1_0_2023_chunk_4,USA_NIST_AI_RMF_1_0_2023,United States,North America,Framework,2023,en,True,1
USA_NIST_AI_RMF_1_0_2023_chunk_5,USA_NIST_AI_RMF_1_0_2023,United States,North America,Framework,2023,en,True,1
USA_NIST_AI_RMF_1_0_2023_chunk_6,USA_NIST_AI_RMF_1_0_2023,United States,North America,Framework,2023,en,True,-1
USA_NIST_AI_RMF_1_0_2023_chunk_7,USA_NIST_AI_RMF_1_0_2023,United States,North America,Framework,2023,en,True,-1
USA_NIST_AI_RMF_1_0_2023_chunk_8,USA_NIST_AI_RMF_1_0_2023,United States,North America,Framework,2023,en,True,1
USA_NIST_AI_RMF_1_0_2023_chunk_9,USA_NIST_AI_RMF_1_0_2023,United States,North America,Framework,2023,en,True,-1
USA_NIST_AI_RMF_1_0_2023_chunk_10,USA_NIST_AI_RMF_1_0_2023,United States,North America,Framework,2023,en,True,1
USA_NIST_AI_RMF_1_0_2023_chunk_11,USA_NIST_AI_RMF_1_0_2023,United States,North America,Framework,2023,en,True,-1
USA_NIST_AI_RMF_1_0_2023_chunk_12,USA_NIST_AI_RMF_1_0_2023,United States,North America,Framework,2023,en,True,1
USA_NIST_AI_RMF_1_0_2023_chunk_13,USA_NIST_AI_RMF_1_0_2023,United States,North America,Framework,2023,en,True,1
USA_NIST_AI_RMF_1_0_2023_chunk_14,USA_NIST_AI_RMF_1_0_2023,United States,North America,Framework,2023,en,True,1
USA_NIST_AI_RMF_1_0_2023_chunk_15,USA_NIST_AI_RMF_1_0_2023,United States,North America,Framework,2023,en,True,1
USA_NIST_AI_RMF_1_0_2023_chunk_16,USA_NIST_AI_RMF_1_0_2023,United States,North America,Framework,2023,en,True,1
USA_NIST_AI_RMF_1_0_2023_chunk_17,USA_NIST_AI_RMF_1_0_2023,United States,North America,Framework,2023,en,True,-1
USA_NIST_AI_RMF_1_0_2023_chunk_18,USA_NIST_AI_RMF_1_0_2023,United States,North America,Framework,2023,en,True,1
USA_NIST_AI_RMF_1_0_2023_chunk_19,USA_NIST_AI_RMF_1_0_2023,United States,North America,Framework,2023,en,True,-1
USA_NIST_AI_RMF_1_0_2023_chunk_20,USA_NIST_AI_RMF_1_0_2023,United States,North America,Framework,2023,en,True,-1
USA_NIST_AI_RMF_1_0_2023_chunk_21,USA_NIST_AI_RMF_1_0_2023,United States,North America,Framework,2023,en,True,1
USA_NIST_AI_RMF_1_0_2023_chunk_22,USA_NIST_AI_RMF_1_0_2023,United States,North America,Framework,2023,en,True,-1
USA_NIST_AI_RMF_1_0_2023_chunk_23,USA_NIST_AI_RMF_1_0_2023,United States,North America,Framework,2023,en,True,-1
USA_OMB_M2521_Federal_AI_Governance_2025_chunk_0,USA_OMB_M2521_Federal_AI_Governance_2025,United States,North America,Federal Directive,2025,en,True,14
USA_OMB_M2521_Federal_AI_Governance_2025_chunk_1,USA_OMB_M2521_Federal_AI_Governance_2025,United States,North America,Federal Directive,2025,en,True,14
USA_OMB_M2521_Federal_AI_Governance_2025_chunk_2,USA_OMB_M2521_Federal_AI_Governance_2025,United States,North America,Federal Directive,2025,en,True,14
USA_OMB_M2521_Federal_AI_Governance_2025_chunk_3,USA_OMB_M2521_Federal_AI_Governance_2025,United States,North America,Federal Directive,2025,en,True,14
USA_OMB_M2521_Federal_AI_Governance_2025_chunk_4,USA_OMB_M2521_Federal_AI_Governance_2025,United States,North America,Federal Directive,2025,en,True,14
USA_OMB_M2521_Federal_AI_Governance_2025_chunk_5,USA_OMB_M2521_Federal_AI_Governance_2025,United States,North America,Federal Directive,2025,en,True,14
USA_OMB_M2521_Federal_AI_Governance_2025_chunk_6,USA_OMB_M2521_Federal_AI_Governance_2025,United States,North America,Federal Directive,2025,en,True,-1
USA_OMB_M2521_Federal_AI_Governance_2025_chunk_7,USA_OMB_M2521_Federal_AI_Governance_2025,United States,North America,Federal Directive,2025,en,True,14
USA_OMB_M2521_Federal_AI_Governance_2025_chunk_8,USA_OMB_M2521_Federal_AI_Governance_2025,United States,North America,Federal Directive,2025,en,True,14
USA_OMB_M2521_Federal_AI_Governance_2025_chunk_9,USA_OMB_M2521_Federal_AI_Governance_2025,United States,North America,Federal Directive,2025,en,True,14
USA_OMB_M2521_Federal_AI_Governance_2025_chunk_10,USA_OMB_M2521_Federal_AI_Governance_2025,United States,North America,Federal Directive,2025,en,True,-1
USA_OMB_M2521_Federal_AI_Governance_2025_chunk_11,USA_OMB_M2521_Federal_AI_Governance_2025,United States,North America,Federal Directive,2025,en,True,14
USA_OMB_M2521_Federal_AI_Governance_2025_chunk_12,USA_OMB_M2521_Federal_AI_Governance_2025,United States,North America,Federal Directive,2025,en,True,14
USA_OMB_M2521_Federal_AI_Governance_2025_chunk_13,USA_OMB_M2521_Federal_AI_Governance_2025,United States,North America,Federal Directive,2025,en,True,-1
USA_OMB_M2521_Federal_AI_Governance_2025_chunk_14,USA_OMB_M2521_Federal_AI_Governance_2025,United States,North America,Federal Directive,2025,en,True,14
USA_OMB_M2521_Federal_AI_Governance_2025_chunk_15,USA_OMB_M2521_Federal_AI_Governance_2025,United States,North America,Federal Directive,2025,en,True,14
USA_OMB_M2521_Federal_AI_Governance_2025_chunk_16,USA_OMB_M2521_Federal_AI_Governance_2025,United States,North America,Federal Directive,2025,en,True,1
USA_OMB_M2521_Federal_AI_Governance_2025_chunk_17,USA_OMB_M2521_Federal_AI_Governance_2025,United States,North America,Federal Directive,2025,en,True,1
USA_OMB_M2521_Federal_AI_Governance_2025_chunk_18,USA_OMB_M2521_Federal_AI_Governance_2025,United States,North America,Federal Directive,2025,en,True,-1
USA_OMB_M2521_Federal_AI_Governance_2025_chunk_19,USA_OMB_M2521_Federal_AI_Governance_2025,United States,North America,Federal Directive,2025,en,True,0
USA_OMB_M2521_Federal_AI_Governance_2025_chunk_20,USA_OMB_M2521_Federal_AI_Governance_2025,United States,North America,Federal Directive,2025,en,True,-1
USA_OMB_M2521_Federal_AI_Governance_2025_chunk_21,USA_OMB_M2521_Federal_AI_Governance_2025,United States,North America,Federal Directive,2025,en,True,14
Canada_Directive_Automated_Decision_Making_2023_chunk_0,Canada_Directive_Automated_Decision_Making_2023,Canada,North America,Regulation,2023,en,True,-1
Canada_Directive_Automated_Decision_Making_2023_chunk_1,Canada_Directive_Automated_Decision_Making_2023,Canada,North America,Regulation,2023,en,True,-1
Canada_Directive_Automated_Decision_Making_2023_chunk_2,Canada_Directive_Automated_Decision_Making_2023,Canada,North America,Regulation,2023,en,True,-1
Canada_Directive_Automated_Decision_Making_2023_chunk_3,Canada_Directive_Automated_Decision_Making_2023,Canada,North America,Regulation,2023,en,True,-1
Canada_Directive_Automated_Decision_Making_2023_chunk_4,Canada_Directive_Automated_Decision_Making_2023,Canada,North America,Regulation,2023,en,True,-1
Canada_Directive_Automated_Decision_Making_2023_chunk_5,Canada_Directive_Automated_Decision_Making_2023,Canada,North America,Regulation,2023,en,True,-1
EU_AI_Act_Regulation_2024_1689_chunk_0,EU_AI_Act_Regulation_2024_1689,European Union,Europe,Binding Regulation,2024,en,True,0
EU_AI_Act_Regulation_2024_1689_chunk_1,EU_AI_Act_Regulation_2024_1689,European Union,Europe,Binding Regulation,2024,en,True,0
EU_AI_Act_Regulation_2024_1689_chunk_2,EU_AI_Act_Regulation_2024_1689,European Union,Europe,Binding Regulation,2024,en,True,0
EU_AI_Act_Regulation_2024_1689_chunk_3,EU_AI_Act_Regulation_2024_1689,European Union,Europe,Binding Regulation,2024,en,True,0
EU_AI_Act_Regulation_2024_1689_chunk_4,EU_AI_Act_Regulation_2024_1689,European Union,Europe,Binding Regulation,2024,en,True,0
EU_AI_Act_Regulation_2024_1689_chunk_5,EU_AI_Act_Regulation_2024_1689,European Union,Europe,Binding Regulation,2024,en,True,0
EU_AI_Act_Regulation_2024_1689_chunk_6,EU_AI_Act_Regulation_2024_1689,European Union,Europe,Binding Regulation,2024,en,True,9
EU_AI_Act_Regulation_2024_1689_chunk_7,EU_AI_Act_Regulation_2024_1689,European Union,Europe,Binding Regulation,2024,en,True,0
EU_AI_Act_Regulation_2024_1689_chunk_8,EU_AI_Act_Regulation_2024_1689,European Union,Europe,Binding Regulation,2024,en,True,0
EU_AI_Act_Regulation_2024_1689_chunk_9,EU_AI_Act_Regulation_2024_1689,European Union,Europe,Binding Regulation,2024,en,True,0
EU_AI_Act_Regulation_2024_1689_chunk_10,EU_AI_Act_Regulation_2024_1689,European Union,Europe,Binding Regulation,2024,en,True,-1
EU_AI_Act_Regulation_2024_1689_chunk_11,EU_AI_Act_Regulation_2024_1689,European Union,Europe,Binding Regulation,2024,en,True,0
EU_AI_Act_Regulation_2024_1689_chunk_12,EU_AI_Act_Regulation_2024_1689,European Union,Europe,Binding Regulation,2024,en,True,14
EU_AI_Act_Regulation_2024_1689_chunk_13,EU_AI_Act_Regulation_2024_1689,European Union,Europe,Binding Regulation,2024,en,True,0
EU_AI_Act_Regulation_2024_1689_chunk_14,EU_AI_Act_Regulation_2024_1689,European Union,Europe,Binding Regulation,2024,en,True,3
EU_AI_Act_Regulation_2024_1689_chunk_15,EU_AI_Act_Regulation_2024_1689,European Union,Europe,Binding Regulation,2024,en,True,0
EU_AI_Act_Regulation_2024_1689_chunk_16,EU_AI_Act_Regulation_2024_1689,European Union,Europe,Binding Regulation,2024,en,True,0
EU_AI_Act_Regulation_2024_1689_chunk_17,EU_AI_Act_Regulation_2024_1689,European Union,Europe,Binding Regulation,2024,en,True,0
EU_AI_Act_Regulation_2024_1689_chunk_18,EU_AI_Act_Regulation_2024_1689,European Union,Europe,Binding Regulation,2024,en,True,0
EU_AI_Act_Regulation_2024_1689_chunk_19,EU_AI_Act_Regulation_2024_1689,European Union,Europe,Binding Regulation,2024,en,True,0
EU_AI_Act_Regulation_2024_1689_chunk_20,EU_AI_Act_Regulation_2024_1689,European Union,Europe,Binding Regulation,2024,en,True,0
EU_AI_Act_Regulation_2024_1689_chunk_21,EU_AI_Act_Regulation_2024_1689,European Union,Europe,Binding Regulation,2024,en,True,0
EU_AI_Act_Regulation_2024_1689_chunk_22,EU_AI_Act_Regulation_2024_1689,European Union,Europe,Binding Regulation,2024,en,True,0
EU_AI_Act_Regulation_2024_1689_chunk_23,EU_AI_Act_Regulation_2024_1689,European Union,Europe,Binding Regulation,2024,en,True,0
EU_AI_Act_Regulation_2024_1689_chunk_24,EU_AI_Act_Regulation_2024_1689,European Union,Europe,Binding Regulation,2024,en,True,0
EU_AI_Act_Regulation_2024_1689_chunk_25,EU_AI_Act_Regulation_2024_1689,European Union,Europe,Binding Regulation,2024,en,True,0
EU_AI_Act_Regulation_2024_1689_chunk_26,EU_AI_Act_Regulation_2024_1689,European Union,Europe,Binding Regulation,2024,en,True,0
EU_AI_Act_Regulation_2024_1689_chunk_27,EU_AI_Act_Regulation_2024_1689,European Union,Europe,Binding Regulation,2024,en,True,0
EU_AI_Act_Regulation_2024_1689_chunk_28,EU_AI_Act_Regulation_2024_1689,European Union,Europe,Binding Regulation,2024,en,True,0
EU_AI_Act_Regulation_2024_1689_chunk_29,EU_AI_Act_Regulation_2024_1689,European Union,Europe,Binding Regulation,2024,en,True,-1
EU_AI_Act_Regulation_2024_1689_chunk_30,EU_AI_Act_Regulation_2024_1689,European Union,Europe,Binding Regulation,2024,en,True,-1
EU_AI_Act_Regulation_2024_1689_chunk_31,EU_AI_Act_Regulation_2024_1689,European Union,Europe,Binding Regulation,2024,en,True,-1
EU_AI_Act_Regulation_2024_1689_chunk_32,EU_AI_Act_Regulation_2024_1689,European Union,Europe,Binding Regulation,2024,en,True,-1
EU_AI_Act_Regulation_2024_1689_chunk_33,EU_AI_Act_Regulation_2024_1689,European Union,Europe,Binding Regulation,2024,en,True,-1
EU_AI_Act_Regulation_2024_1689_chunk_34,EU_AI_Act_Regulation_2024_1689,European Union,Europe,Binding Regulation,2024,en,True,0
EU_AI_Act_Regulation_2024_1689_chunk_35,EU_AI_Act_Regulation_2024_1689,European Union,Europe,Binding Regulation,2024,en,True,0
EU_AI_Act_Regulation_2024_1689_chunk_36,EU_AI_Act_Regulation_2024_1689,European Union,Europe,Binding Regulation,2024,en,True,0
EU_AI_Act_Regulation_2024_1689_chunk_37,EU_AI_Act_Regulation_2024_1689,European Union,Europe,Binding Regulation,2024,en,True,0
EU_AI_Act_Regulation_2024_1689_chunk_38,EU_AI_Act_Regulation_2024_1689,European Union,Europe,Binding Regulation,2024,en,True,0
EU_AI_Act_Regulation_2024_1689_chunk_39,EU_AI_Act_Regulation_2024_1689,European Union,Europe,Binding Regulation,2024,en,True,0
EU_AI_Act_Regulation_2024_1689_chunk_40,EU_AI_Act_Regulation_2024_1689,European Union,Europe,Binding Regulation,2024,en,True,0
EU_AI_Act_Regulation_2024_1689_chunk_41,EU_AI_Act_Regulation_2024_1689,European Union,Europe,Binding Regulation,2024,en,True,0
EU_AI_Act_Regulation_2024_1689_chunk_42,EU_AI_Act_Regulation_2024_1689,European Union,Europe,Binding Regulation,2024,en,True,0
EU_AI_Act_Regulation_2024_1689_chunk_43,EU_AI_Act_Regulation_2024_1689,European Union,Europe,Binding Regulation,2024,en,True,0
EU_AI_Act_Regulation_2024_1689_chunk_44,EU_AI_Act_Regulation_2024_1689,European Union,Europe,Binding Regulation,2024,en,True,0
EU_AI_Act_Regulation_2024_1689_chunk_45,EU_AI_Act_Regulation_2024_1689,European Union,Europe,Binding Regulation,2024,en,True,0
EU_AI_Act_Regulation_2024_1689_chunk_46,EU_AI_Act_Regulation_2024_1689,European Union,Europe,Binding Regulation,2024,en,True,0
EU_AI_Act_Regulation_2024_1689_chunk_47,EU_AI_Act_Regulation_2024_1689,European Union,Europe,Binding Regulation,2024,en,True,0
EU_AI_Act_Regulation_2024_1689_chunk_48,EU_AI_Act_Regulation_2024_1689,European Union,Europe,Binding Regulation,2024,en,True,0
EU_AI_Act_Regulation_2024_1689_chunk_49,EU_AI_Act_Regulation_2024_1689,European Union,Europe,Binding Regulation,2024,en,True,0
EU_AI_Act_Regulation_2024_1689_chunk_50,EU_AI_Act_Regulation_2024_1689,European Union,Europe,Binding Regulation,2024,en,True,0
EU_AI_Act_Regulation_2024_1689_chunk_51,EU_AI_Act_Regulation_2024_1689,European Union,Europe,Binding Regulation,2024,en,True,0
EU_AI_Act_Regulation_2024_1689_chunk_52,EU_AI_Act_Regulation_2024_1689,European Union,Europe,Binding Regulation,2024,en,True,0
EU_AI_Act_Regulation_2024_1689_chunk_53,EU_AI_Act_Regulation_2024_1689,European Union,Europe,Binding Regulation,2024,en,True,0
EU_AI_Act_Regulation_2024_1689_chunk_54,EU_AI_Act_Regulation_2024_1689,European Union,Europe,Binding Regulation,2024,en,True,0
EU_AI_Act_Regulation_2024_1689_chunk_55,EU_AI_Act_Regulation_2024_1689,European Union,Europe,Binding Regulation,2024,en,True,0
EU_AI_Act_Regulation_2024_1689_chunk_56,EU_AI_Act_Regulation_2024_1689,European Union,Europe,Binding Regulation,2024,en,True,0
EU_AI_Act_Regulation_2024_1689_chunk_57,EU_AI_Act_Regulation_2024_1689,European Union,Europe,Binding Regulation,2024,en,True,0
EU_AI_Act_Regulation_2024_1689_chunk_58,EU_AI_Act_Regulation_2024_1689,European Union,Europe,Binding Regulation,2024,en,True,0
EU_AI_Act_Regulation_2024_1689_chunk_59,EU_AI_Act_Regulation_2024_1689,European Union,Europe,Binding Regulation,2024,en,True,0
EU_AI_Act_Regulation_2024_1689_chunk_60,EU_AI_Act_Regulation_2024_1689,European Union,Europe,Binding Regulation,2024,en,True,0
EU_AI_Act_Regulation_2024_1689_chunk_61,EU_AI_Act_Regulation_2024_1689,European Union,Europe,Binding Regulation,2024,en,True,0
EU_AI_Act_Regulation_2024_1689_chunk_62,EU_AI_Act_Regulation_2024_1689,European Union,Europe,Binding Regulation,2024,en,True,0
EU_AI_Act_Regulation_2024_1689_chunk_63,EU_AI_Act_Regulation_2024_1689,European Union,Europe,Binding Regulation,2024,en,True,15
EU_AI_Act_Regulation_2024_1689_chunk_64,EU_AI_Act_Regulation_2024_1689,European Union,Europe,Binding Regulation,2024,en,True,-1
EU_AI_Act_Regulation_2024_1689_chunk_65,EU_AI_Act_Regulation_2024_1689,European Union,Europe,Binding Regulation,2024,en,True,0
EU_AI_Act_Regulation_2024_1689_chunk_66,EU_AI_Act_Regulation_2024_1689,European Union,Europe,Binding Regulation,2024,en,True,0
EU_AI_Act_Regulation_2024_1689_chunk_67,EU_AI_Act_Regulation_2024_1689,European Union,Europe,Binding Regulation,2024,en,True,0
EU_AI_Act_Regulation_2024_1689_chunk_68,EU_AI_Act_Regulation_2024_1689,European Union,Europe,Binding Regulation,2024,en,True,0
EU_AI_Act_Regulation_2024_1689_chunk_69,EU_AI_Act_Regulation_2024_1689,European Union,Europe,Binding Regulation,2024,en,True,0
EU_AI_Act_Regulation_2024_1689_chunk_70,EU_AI_Act_Regulation_2024_1689,European Union,Europe,Binding Regulation,2024,en,True,0
EU_AI_Act_Regulation_2024_1689_chunk_71,EU_AI_Act_Regulation_2024_1689,European Union,Europe,Binding Regulation,2024,en,True,0
EU_AI_Act_Regulation_2024_1689_chunk_72,EU_AI_Act_Regulation_2024_1689,European Union,Europe,Binding Regulation,2024,en,True,0
EU_AI_Act_Regulation_2024_1689_chunk_73,EU_AI_Act_Regulation_2024_1689,European Union,Europe,Binding Regulation,2024,en,True,0
EU_AI_Act_Regulation_2024_1689_chunk_74,EU_AI_Act_Regulation_2024_1689,European Union,Europe,Binding Regulation,2024,en,True,0
EU_AI_Act_Regulation_2024_1689_chunk_75,EU_AI_Act_Regulation_2024_1689,European Union,Europe,Binding Regulation,2024,en,True,0
EU_AI_Act_Regulation_2024_1689_chunk_76,EU_AI_Act_Regulation_2024_1689,European Union,Europe,Binding Regulation,2024,en,True,0
EU_AI_Act_Regulation_2024_1689_chunk_77,EU_AI_Act_Regulation_2024_1689,European Union,Europe,Binding Regulation,2024,en,True,0
EU_AI_Act_Regulation_2024_1689_chunk_78,EU_AI_Act_Regulation_2024_1689,European Union,Europe,Binding Regulation,2024,en,True,0
EU_AI_Act_Regulation_2024_1689_chunk_79,EU_AI_Act_Regulation_2024_1689,European Union,Europe,Binding Regulation,2024,en,True,0
EU_AI_Act_Regulation_2024_1689_chunk_80,EU_AI_Act_Regulation_2024_1689,European Union,Europe,Binding Regulation,2024,en,True,0
EU_AI_Act_Regulation_2024_1689_chunk_81,EU_AI_Act_Regulation_2024_1689,European Union,Europe,Binding Regulation,2024,en,True,0
EU_AI_Act_Regulation_2024_1689_chunk_82,EU_AI_Act_Regulation_2024_1689,European Union,Europe,Binding Regulation,2024,en,True,0
EU_AI_Act_Regulation_2024_1689_chunk_83,EU_AI_Act_Regulation_2024_1689,European Union,Europe,Binding Regulation,2024,en,True,0
EU_AI_Act_Regulation_2024_1689_chunk_84,EU_AI_Act_Regulation_2024_1689,European Union,Europe,Binding Regulation,2024,en,True,0
EU_AI_Act_Regulation_2024_1689_chunk_85,EU_AI_Act_Regulation_2024_1689,European Union,Europe,Binding Regulation,2024,en,True,0
EU_AI_Act_Regulation_2024_1689_chunk_86,EU_AI_Act_Regulation_2024_1689,European Union,Europe,Binding Regulation,2024,en,True,0
EU_AI_Act_Regulation_2024_1689_chunk_87,EU_AI_Act_Regulation_2024_1689,European Union,Europe,Binding Regulation,2024,en,True,0
EU_AI_Act_Regulation_2024_1689_chunk_88,EU_AI_Act_Regulation_2024_1689,European Union,Europe,Binding Regulation,2024,en,True,0
EU_AI_Act_Regulation_2024_1689_chunk_89,EU_AI_Act_Regulation_2024_1689,European Union,Europe,Binding Regulation,2024,en,True,0
EU_AI_Act_Regulation_2024_1689_chunk_90,EU_AI_Act_Regulation_2024_1689,European Union,Europe,Binding Regulation,2024,en,True,0
EU_AI_Act_Regulation_2024_1689_chunk_91,EU_AI_Act_Regulation_2024_1689,European Union,Europe,Binding Regulation,2024,en,True,0
EU_AI_Act_Regulation_2024_1689_chunk_92,EU_AI_Act_Regulation_2024_1689,European Union,Europe,Binding Regulation,2024,en,True,0
EU_AI_Act_Regulation_2024_1689_chunk_93,EU_AI_Act_Regulation_2024_1689,European Union,Europe,Binding Regulation,2024,en,True,0
EU_AI_Act_Regulation_2024_1689_chunk_94,EU_AI_Act_Regulation_2024_1689,European Union,Europe,Binding Regulation,2024,en,True,0
EU_AI_Act_Regulation_2024_1689_chunk_95,EU_AI_Act_Regulation_2024_1689,European Union,Europe,Binding Regulation,2024,en,True,0
EU_AI_Act_Regulation_2024_1689_chunk_96,EU_AI_Act_Regulation_2024_1689,European Union,Europe,Binding Regulation,2024,en,True,0
EU_AI_Act_Regulation_2024_1689_chunk_97,EU_AI_Act_Regulation_2024_1689,European Union,Europe,Binding Regulation,2024,en,True,0
EU_AI_Act_Regulation_2024_1689_chunk_98,EU_AI_Act_Regulation_2024_1689,European Union,Europe,Binding Regulation,2024,en,True,0
EU_AI_Act_Regulation_2024_1689_chunk_99,EU_AI_Act_Regulation_2024_1689,European Union,Europe,Binding Regulation,2024,en,True,0
EU_AI_Act_Regulation_2024_1689_chunk_100,EU_AI_Act_Regulation_2024_1689,European Union,Europe,Binding Regulation,2024,en,True,0
EU_AI_Act_Regulation_2024_1689_chunk_101,EU_AI_Act_Regulation_2024_1689,European Union,Europe,Binding Regulation,2024,en,True,0
EU_AI_Act_Regulation_2024_1689_chunk_102,EU_AI_Act_Regulation_2024_1689,European Union,Europe,Binding Regulation,2024,en,True,0
EU_AI_Act_Regulation_2024_1689_chunk_103,EU_AI_Act_Regulation_2024_1689,European Union,Europe,Binding Regulation,2024,en,True,0
EU_AI_Act_Regulation_2024_1689_chunk_104,EU_AI_Act_Regulation_2024_1689,European Union,Europe,Binding Regulation,2024,en,True,-1
EU_AI_Act_Regulation_2024_1689_chunk_105,EU_AI_Act_Regulation_2024_1689,European Union,Europe,Binding Regulation,2024,en,True,0
EU_AI_Act_Regulation_2024_1689_chunk_106,EU_AI_Act_Regulation_2024_1689,European Union,Europe,Binding Regulation,2024,en,True,0
EU_AI_Act_Regulation_2024_1689_chunk_107,EU_AI_Act_Regulation_2024_1689,European Union,Europe,Binding Regulation,2024,en,True,0
EU_AI_Act_Regulation_2024_1689_chunk_108,EU_AI_Act_Regulation_2024_1689,European Union,Europe,Binding Regulation,2024,en,True,0
EU_AI_Act_Regulation_2024_1689_chunk_109,EU_AI_Act_Regulation_2024_1689,European Union,Europe,Binding Regulation,2024,en,True,0
EU_AI_Act_Regulation_2024_1689_chunk_110,EU_AI_Act_Regulation_2024_1689,European Union,Europe,Binding Regulation,2024,en,True,0
EU_AI_Act_Regulation_2024_1689_chunk_111,EU_AI_Act_Regulation_2024_1689,European Union,Europe,Binding Regulation,2024,en,True,0
EU_AI_Act_Regulation_2024_1689_chunk_112,EU_AI_Act_Regulation_2024_1689,European Union,Europe,Binding Regulation,2024,en,True,0
EU_AI_Act_Regulation_2024_1689_chunk_113,EU_AI_Act_Regulation_2024_1689,European Union,Europe,Binding Regulation,2024,en,True,0
EU_AI_Act_Regulation_2024_1689_chunk_114,EU_AI_Act_Regulation_2024_1689,European Union,Europe,Binding Regulation,2024,en,True,0
EU_AI_Act_Regulation_2024_1689_chunk_115,EU_AI_Act_Regulation_2024_1689,European Union,Europe,Binding Regulation,2024,en,True,0
EU_AI_Act_Regulation_2024_1689_chunk_116,EU_AI_Act_Regulation_2024_1689,European Union,Europe,Binding Regulation,2024,en,True,0
EU_AI_Act_Regulation_2024_1689_chunk_117,EU_AI_Act_Regulation_2024_1689,European Union,Europe,Binding Regulation,2024,en,True,0
EU_AI_Act_Regulation_2024_1689_chunk_118,EU_AI_Act_Regulation_2024_1689,European Union,Europe,Binding Regulation,2024,en,True,0
EU_AI_Act_Regulation_2024_1689_chunk_119,EU_AI_Act_Regulation_2024_1689,European Union,Europe,Binding Regulation,2024,en,True,0
EU_AI_Act_Regulation_2024_1689_chunk_120,EU_AI_Act_Regulation_2024_1689,European Union,Europe,Binding Regulation,2024,en,True,0
EU_AI_Act_Regulation_2024_1689_chunk_121,EU_AI_Act_Regulation_2024_1689,European Union,Europe,Binding Regulation,2024,en,True,0
EU_AI_Act_Regulation_2024_1689_chunk_122,EU_AI_Act_Regulation_2024_1689,European Union,Europe,Binding Regulation,2024,en,True,0
EU_AI_Act_Regulation_2024_1689_chunk_123,EU_AI_Act_Regulation_2024_1689,European Union,Europe,Binding Regulation,2024,en,True,0
EU_AI_Act_Regulation_2024_1689_chunk_124,EU_AI_Act_Regulation_2024_1689,European Union,Europe,Binding Regulation,2024,en,True,0
EU_AI_Act_Regulation_2024_1689_chunk_125,EU_AI_Act_Regulation_2024_1689,European Union,Europe,Binding Regulation,2024,en,True,0
EU_AI_Act_Regulation_2024_1689_chunk_126,EU_AI_Act_Regulation_2024_1689,European Union,Europe,Binding Regulation,2024,en,True,0
EU_AI_Act_Regulation_2024_1689_chunk_127,EU_AI_Act_Regulation_2024_1689,European Union,Europe,Binding Regulation,2024,en,True,0
EU_AI_Act_Regulation_2024_1689_chunk_128,EU_AI_Act_Regulation_2024_1689,European Union,Europe,Binding Regulation,2024,en,True,0
EU_AI_Act_Regulation_2024_1689_chunk_129,EU_AI_Act_Regulation_2024_1689,European Union,Europe,Binding Regulation,2024,en,True,0
EU_AI_Act_Regulation_2024_1689_chunk_130,EU_AI_Act_Regulation_2024_1689,European Union,Europe,Binding Regulation,2024,en,True,0
EU_AI_Act_Regulation_2024_1689_chunk_131,EU_AI_Act_Regulation_2024_1689,European Union,Europe,Binding Regulation,2024,en,True,0
EU_AI_Act_Regulation_2024_1689_chunk_132,EU_AI_Act_Regulation_2024_1689,European Union,Europe,Binding Regulation,2024,en,True,0
EU_AI_Act_Regulation_2024_1689_chunk_133,EU_AI_Act_Regulation_2024_1689,European Union,Europe,Binding Regulation,2024,en,True,0
EU_AI_Act_Regulation_2024_1689_chunk_134,EU_AI_Act_Regulation_2024_1689,European Union,Europe,Binding Regulation,2024,en,True,0
EU_AI_Act_Regulation_2024_1689_chunk_135,EU_AI_Act_Regulation_2024_1689,European Union,Europe,Binding Regulation,2024,en,True,0
EU_AI_Act_Regulation_2024_1689_chunk_136,EU_AI_Act_Regulation_2024_1689,European Union,Europe,Binding Regulation,2024,en,True,0
EU_AI_Act_Regulation_2024_1689_chunk_137,EU_AI_Act_Regulation_2024_1689,European Union,Europe,Binding Regulation,2024,en,True,0
EU_AI_Act_Regulation_2024_1689_chunk_138,EU_AI_Act_Regulation_2024_1689,European Union,Europe,Binding Regulation,2024,en,True,0
EU_AI_Act_Regulation_2024_1689_chunk_139,EU_AI_Act_Regulation_2024_1689,European Union,Europe,Binding Regulation,2024,en,True,0
EU_AI_Act_Regulation_2024_1689_chunk_140,EU_AI_Act_Regulation_2024_1689,European Union,Europe,Binding Regulation,2024,en,True,0
EU_AI_Act_Regulation_2024_1689_chunk_141,EU_AI_Act_Regulation_2024_1689,European Union,Europe,Binding Regulation,2024,en,True,0
EU_AI_Act_Regulation_2024_1689_chunk_142,EU_AI_Act_Regulation_2024_1689,European Union,Europe,Binding Regulation,2024,en,True,0
EU_AI_Act_Regulation_2024_1689_chunk_143,EU_AI_Act_Regulation_2024_1689,European Union,Europe,Binding Regulation,2024,en,True,0
EU_AI_Act_Regulation_2024_1689_chunk_144,EU_AI_Act_Regulation_2024_1689,European Union,Europe,Binding Regulation,2024,en,True,0
EU_AI_Act_Regulation_2024_1689_chunk_145,EU_AI_Act_Regulation_2024_1689,European Union,Europe,Binding Regulation,2024,en,True,0
EU_AI_Act_Regulation_2024_1689_chunk_146,EU_AI_Act_Regulation_2024_1689,European Union,Europe,Binding Regulation,2024,en,True,0
EU_AI_Act_Regulation_2024_1689_chunk_147,EU_AI_Act_Regulation_2024_1689,European Union,Europe,Binding Regulation,2024,en,True,0
EU_AI_Act_Regulation_2024_1689_chunk_148,EU_AI_Act_Regulation_2024_1689,European Union,Europe,Binding Regulation,2024,en,True,0
EU_AI_Act_Regulation_2024_1689_chunk_149,EU_AI_Act_Regulation_2024_1689,European Union,Europe,Binding Regulation,2024,en,True,0
EU_AI_Act_Regulation_2024_1689_chunk_150,EU_AI_Act_Regulation_2024_1689,European Union,Europe,Binding Regulation,2024,en,True,0
EU_AI_Act_Regulation_2024_1689_chunk_151,EU_AI_Act_Regulation_2024_1689,European Union,Europe,Binding Regulation,2024,en,True,0
EU_AI_Act_Regulation_2024_1689_chunk_152,EU_AI_Act_Regulation_2024_1689,European Union,Europe,Binding Regulation,2024,en,True,0
EU_AI_Act_Regulation_2024_1689_chunk_153,EU_AI_Act_Regulation_2024_1689,European Union,Europe,Binding Regulation,2024,en,True,0
EU_AI_Act_Regulation_2024_1689_chunk_154,EU_AI_Act_Regulation_2024_1689,European Union,Europe,Binding Regulation,2024,en,True,0
EU_AI_Act_Regulation_2024_1689_chunk_155,EU_AI_Act_Regulation_2024_1689,European Union,Europe,Binding Regulation,2024,en,True,0
EU_AI_Act_Regulation_2024_1689_chunk_156,EU_AI_Act_Regulation_2024_1689,European Union,Europe,Binding Regulation,2024,en,True,0
EU_AI_Act_Regulation_2024_1689_chunk_157,EU_AI_Act_Regulation_2024_1689,European Union,Europe,Binding Regulation,2024,en,True,0
EU_AI_Act_Regulation_2024_1689_chunk_158,EU_AI_Act_Regulation_2024_1689,European Union,Europe,Binding Regulation,2024,en,True,0
EU_AI_Act_Regulation_2024_1689_chunk_159,EU_AI_Act_Regulation_2024_1689,European Union,Europe,Binding Regulation,2024,en,True,0
EU_AI_Act_Regulation_2024_1689_chunk_160,EU_AI_Act_Regulation_2024_1689,European Union,Europe,Binding Regulation,2024,en,True,0
EU_AI_Act_Regulation_2024_1689_chunk_161,EU_AI_Act_Regulation_2024_1689,European Union,Europe,Binding Regulation,2024,en,True,0
EU_AI_Act_Regulation_2024_1689_chunk_162,EU_AI_Act_Regulation_2024_1689,European Union,Europe,Binding Regulation,2024,en,True,0
EU_AI_Act_Regulation_2024_1689_chunk_163,EU_AI_Act_Regulation_2024_1689,European Union,Europe,Binding Regulation,2024,en,True,0
EU_AI_Act_Regulation_2024_1689_chunk_164,EU_AI_Act_Regulation_2024_1689,European Union,Europe,Binding Regulation,2024,en,True,0
EU_AI_Act_Regulation_2024_1689_chunk_165,EU_AI_Act_Regulation_2024_1689,European Union,Europe,Binding Regulation,2024,en,True,0
EU_AI_Act_Regulation_2024_1689_chunk_166,EU_AI_Act_Regulation_2024_1689,European Union,Europe,Binding Regulation,2024,en,True,0
EU_AI_Act_Regulation_2024_1689_chunk_167,EU_AI_Act_Regulation_2024_1689,European Union,Europe,Binding Regulation,2024,en,True,0
EU_AI_Act_Regulation_2024_1689_chunk_168,EU_AI_Act_Regulation_2024_1689,European Union,Europe,Binding Regulation,2024,en,True,0
EU_AI_Act_Regulation_2024_1689_chunk_169,EU_AI_Act_Regulation_2024_1689,European Union,Europe,Binding Regulation,2024,en,True,0
EU_AI_Act_Regulation_2024_1689_chunk_170,EU_AI_Act_Regulation_2024_1689,European Union,Europe,Binding Regulation,2024,en,True,0
EU_AI_Act_Regulation_2024_1689_chunk_171,EU_AI_Act_Regulation_2024_1689,European Union,Europe,Binding Regulation,2024,en,True,0
EU_AI_Act_Regulation_2024_1689_chunk_172,EU_AI_Act_Regulation_2024_1689,European Union,Europe,Binding Regulation,2024,en,True,0
EU_AI_Act_Regulation_2024_1689_chunk_173,EU_AI_Act_Regulation_2024_1689,European Union,Europe,Binding Regulation,2024,en,True,0
EU_AI_Act_Regulation_2024_1689_chunk_174,EU_AI_Act_Regulation_2024_1689,European Union,Europe,Binding Regulation,2024,en,True,-1
EU_AI_Act_Regulation_2024_1689_chunk_175,EU_AI_Act_Regulation_2024_1689,European Union,Europe,Binding Regulation,2024,en,True,0
EU_AI_Act_Regulation_2024_1689_chunk_176,EU_AI_Act_Regulation_2024_1689,European Union,Europe,Binding Regulation,2024,en,True,0
EU_AI_Act_Regulation_2024_1689_chunk_177,EU_AI_Act_Regulation_2024_1689,European Union,Europe,Binding Regulation,2024,en,True,-1
EU_AI_Act_Regulation_2024_1689_chunk_178,EU_AI_Act_Regulation_2024_1689,European Union,Europe,Binding Regulation,2024,en,True,0
EU_AI_Act_Regulation_2024_1689_chunk_179,EU_AI_Act_Regulation_2024_1689,European Union,Europe,Binding Regulation,2024,en,True,0
EU_AI_Act_Regulation_2024_1689_chunk_183,EU_AI_Act_Regulation_2024_1689,European Union,Europe,Binding Regulation,2024,en,True,0
EU_AI_Act_Regulation_2024_1689_chunk_184,EU_AI_Act_Regulation_2024_1689,European Union,Europe,Binding Regulation,2024,en,True,0
EU_AI_Act_Regulation_2024_1689_chunk_185,EU_AI_Act_Regulation_2024_1689,European Union,Europe,Binding Regulation,2024,en,True,0
EU_AI_Act_Regulation_2024_1689_chunk_188,EU_AI_Act_Regulation_2024_1689,European Union,Europe,Binding Regulation,2024,en,True,0
EU_AI_Act_Regulation_2024_1689_chunk_189,EU_AI_Act_Regulation_2024_1689,European Union,Europe,Binding Regulation,2024,en,True,-1
EU_AI_Act_Regulation_2024_1689_chunk_190,EU_AI_Act_Regulation_2024_1689,European Union,Europe,Binding Regulation,2024,en,True,-1
EU_AI_Act_Regulation_2024_1689_chunk_191,EU_AI_Act_Regulation_2024_1689,European Union,Europe,Binding Regulation,2024,en,True,-1
EU_AI_Act_Regulation_2024_1689_chunk_192,EU_AI_Act_Regulation_2024_1689,European Union,Europe,Binding Regulation,2024,en,True,-1
EU_AI_Act_Regulation_2024_1689_chunk_193,EU_AI_Act_Regulation_2024_1689,European Union,Europe,Binding Regulation,2024,en,True,0
EU_AI_Act_Regulation_2024_1689_chunk_194,EU_AI_Act_Regulation_2024_1689,European Union,Europe,Binding Regulation,2024,en,True,0
EU_AI_Act_Regulation_2024_1689_chunk_195,EU_AI_Act_Regulation_2024_1689,European Union,Europe,Binding Regulation,2024,en,True,0
EU_AI_Act_Regulation_2024_1689_chunk_196,EU_AI_Act_Regulation_2024_1689,European Union,Europe,Binding Regulation,2024,en,True,0
EU_AI_Act_Regulation_2024_1689_chunk_197,EU_AI_Act_Regulation_2024_1689,European Union,Europe,Binding Regulation,2024,en,True,0
EU_AI_Act_Regulation_2024_1689_chunk_198,EU_AI_Act_Regulation_2024_1689,European Union,Europe,Binding Regulation,2024,en,True,0
EU_AI_Act_Regulation_2024_1689_chunk_200,EU_AI_Act_Regulation_2024_1689,European Union,Europe,Binding Regulation,2024,en,True,0
EU_AI_Act_Regulation_2024_1689_chunk_201,EU_AI_Act_Regulation_2024_1689,European Union,Europe,Binding Regulation,2024,en,True,0
EU_AI_Act_Regulation_2024_1689_chunk_202,EU_AI_Act_Regulation_2024_1689,European Union,Europe,Binding Regulation,2024,en,True,0
UK_National_AI_Strategy_2021_chunk_0,UK_National_AI_Strategy_2021,United Kingdom,Europe,National Strategy,2021,en,True,18
UK_AI_Opportunities_Action_Plan_2025_chunk_1,UK_AI_Opportunities_Action_Plan_2025,United Kingdom,Europe,Action Plan,2025,en,True,18
UK_AI_Opportunities_Action_Plan_2025_chunk_2,UK_AI_Opportunities_Action_Plan_2025,United Kingdom,Europe,Action Plan,2025,en,True,18
UK_AI_Opportunities_Action_Plan_2025_chunk_3,UK_AI_Opportunities_Action_Plan_2025,United Kingdom,Europe,Action Plan,2025,en,True,18
UK_AI_Opportunities_Action_Plan_2025_chunk_4,UK_AI_Opportunities_Action_Plan_2025,United Kingdom,Europe,Action Plan,2025,en,True,18
UK_AI_Opportunities_Action_Plan_2025_chunk_5,UK_AI_Opportunities_Action_Plan_2025,United Kingdom,Europe,Action Plan,2025,en,True,18
UK_AI_Opportunities_Action_Plan_2025_chunk_6,UK_AI_Opportunities_Action_Plan_2025,United Kingdom,Europe,Action Plan,2025,en,True,18
UK_AI_Opportunities_Action_Plan_2025_chunk_7,UK_AI_Opportunities_Action_Plan_2025,United Kingdom,Europe,Action Plan,2025,en,True,-1
UK_AI_Opportunities_Action_Plan_2025_chunk_8,UK_AI_Opportunities_Action_Plan_2025,United Kingdom,Europe,Action Plan,2025,en,True,5
UK_AI_Opportunities_Action_Plan_2025_chunk_9,UK_AI_Opportunities_Action_Plan_2025,United Kingdom,Europe,Action Plan,2025,en,True,5
UK_AI_Opportunities_Action_Plan_2025_chunk_10,UK_AI_Opportunities_Action_Plan_2025,United Kingdom,Europe,Action Plan,2025,en,True,5
UK_AI_Opportunities_Action_Plan_2025_chunk_11,UK_AI_Opportunities_Action_Plan_2025,United Kingdom,Europe,Action Plan,2025,en,True,8
UK_AI_Opportunities_Action_Plan_2025_chunk_12,UK_AI_Opportunities_Action_Plan_2025,United Kingdom,Europe,Action Plan,2025,en,True,8
UK_AI_Opportunities_Action_Plan_2025_chunk_13,UK_AI_Opportunities_Action_Plan_2025,United Kingdom,Europe,Action Plan,2025,en,True,-1
UK_AI_Opportunities_Action_Plan_2025_chunk_14,UK_AI_Opportunities_Action_Plan_2025,United Kingdom,Europe,Action Plan,2025,en,True,-1
UK_AI_Opportunities_Action_Plan_2025_chunk_15,UK_AI_Opportunities_Action_Plan_2025,United Kingdom,Europe,Action Plan,2025,en,True,18
UK_AI_Opportunities_Action_Plan_2025_chunk_16,UK_AI_Opportunities_Action_Plan_2025,United Kingdom,Europe,Action Plan,2025,en,True,18
UK_AI_Opportunities_Action_Plan_2025_chunk_17,UK_AI_Opportunities_Action_Plan_2025,United Kingdom,Europe,Action Plan,2025,en,True,18
UK_AI_Opportunities_Action_Plan_2025_chunk_18,UK_AI_Opportunities_Action_Plan_2025,United Kingdom,Europe,Action Plan,2025,en,True,18
UK_AI_Opportunities_Action_Plan_2025_chunk_19,UK_AI_Opportunities_Action_Plan_2025,United Kingdom,Europe,Action Plan,2025,en,True,18
Germany_AI_Strategy_Update_2023_chunk_0,Germany_AI_Strategy_Update_2023,Germany,Europe,National Strategy,2023,en,True,7
Germany_AI_Strategy_Update_2023_chunk_2,Germany_AI_Strategy_Update_2023,Germany,Europe,National Strategy,2023,en,True,7
Germany_AI_Strategy_Update_2023_chunk_3,Germany_AI_Strategy_Update_2023,Germany,Europe,National Strategy,2023,en,True,-1
Germany_AI_Strategy_Update_2023_chunk_4,Germany_AI_Strategy_Update_2023,Germany,Europe,National Strategy,2023,en,True,7
Germany_AI_Strategy_Update_2023_chunk_5,Germany_AI_Strategy_Update_2023,Germany,Europe,National Strategy,2023,en,True,-1
Germany_AI_Strategy_Update_2023_chunk_6,Germany_AI_Strategy_Update_2023,Germany,Europe,National Strategy,2023,en,True,8
Germany_AI_Strategy_Update_2023_chunk_7,Germany_AI_Strategy_Update_2023,Germany,Europe,National Strategy,2023,en,True,-1
Germany_AI_Strategy_Update_2023_chunk_8,Germany_AI_Strategy_Update_2023,Germany,Europe,National Strategy,2023,en,True,-1
Germany_AI_Strategy_Update_2023_chunk_9,Germany_AI_Strategy_Update_2023,Germany,Europe,National Strategy,2023,en,True,-1
Germany_AI_Strategy_Update_2023_chunk_10,Germany_AI_Strategy_Update_2023,Germany,Europe,National Strategy,2023,en,True,18
Germany_AI_Strategy_Update_2023_chunk_11,Germany_AI_Strategy_Update_2023,Germany,Europe,National Strategy,2023,en,True,5
Germany_AI_Strategy_Update_2023_chunk_12,Germany_AI_Strategy_Update_2023,Germany,Europe,National Strategy,2023,en,True,-1
Germany_AI_Strategy_Update_2023_chunk_13,Germany_AI_Strategy_Update_2023,Germany,Europe,National Strategy,2023,en,True,-1
Germany_AI_Strategy_Update_2023_chunk_14,Germany_AI_Strategy_Update_2023,Germany,Europe,National Strategy,2023,en,True,7
Germany_AI_Strategy_Update_2023_chunk_15,Germany_AI_Strategy_Update_2023,Germany,Europe,National Strategy,2023,en,True,2
Germany_AI_Strategy_Update_2023_chunk_16,Germany_AI_Strategy_Update_2023,Germany,Europe,National Strategy,2023,en,True,2
Germany_AI_Strategy_Update_2023_chunk_17,Germany_AI_Strategy_Update_2023,Germany,Europe,National Strategy,2023,en,True,7
Germany_AI_Strategy_Update_2023_chunk_18,Germany_AI_Strategy_Update_2023,Germany,Europe,National Strategy,2023,en,True,17
Germany_AI_Strategy_Update_2023_chunk_19,Germany_AI_Strategy_Update_2023,Germany,Europe,National Strategy,2023,en,True,5
Germany_AI_Strategy_Update_2023_chunk_20,Germany_AI_Strategy_Update_2023,Germany,Europe,National Strategy,2023,en,True,-1
Germany_AI_Strategy_Update_2023_chunk_21,Germany_AI_Strategy_Update_2023,Germany,Europe,National Strategy,2023,en,True,-1
Germany_AI_Strategy_Update_2023_chunk_22,Germany_AI_Strategy_Update_2023,Germany,Europe,National Strategy,2023,en,True,-1
Germany_AI_Strategy_Update_2023_chunk_23,Germany_AI_Strategy_Update_2023,Germany,Europe,National Strategy,2023,en,True,0
Germany_AI_Strategy_Update_2023_chunk_24,Germany_AI_Strategy_Update_2023,Germany,Europe,National Strategy,2023,en,True,-1
Germany_AI_Strategy_Update_2023_chunk_25,Germany_AI_Strategy_Update_2023,Germany,Europe,National Strategy,2023,en,True,7
Germany_AI_Strategy_Update_2023_chunk_26,Germany_AI_Strategy_Update_2023,Germany,Europe,National Strategy,2023,en,True,-1
Singapore_Model_AI_Governance_Framework_2020_chunk_1,Singapore_Model_AI_Governance_Framework_2020,Singapore,Asia-Pacific,Framework,2020,en,True,3
Singapore_Model_AI_Governance_Framework_2020_chunk_2,Singapore_Model_AI_Governance_Framework_2020,Singapore,Asia-Pacific,Framework,2020,en,True,15
Singapore_Model_AI_Governance_Framework_2020_chunk_3,Singapore_Model_AI_Governance_Framework_2020,Singapore,Asia-Pacific,Framework,2020,en,True,16
Singapore_Model_AI_Governance_Framework_2020_chunk_4,Singapore_Model_AI_Governance_Framework_2020,Singapore,Asia-Pacific,Framework,2020,en,True,1
Singapore_Model_AI_Governance_Framework_2020_chunk_5,Singapore_Model_AI_Governance_Framework_2020,Singapore,Asia-Pacific,Framework,2020,en,True,1
Singapore_Model_AI_Governance_Framework_2020_chunk_6,Singapore_Model_AI_Governance_Framework_2020,Singapore,Asia-Pacific,Framework,2020,en,True,9
Singapore_Model_AI_Governance_Framework_2020_chunk_7,Singapore_Model_AI_Governance_Framework_2020,Singapore,Asia-Pacific,Framework,2020,en,True,1
Singapore_Model_AI_Governance_Framework_2020_chunk_8,Singapore_Model_AI_Governance_Framework_2020,Singapore,Asia-Pacific,Framework,2020,en,True,1
Singapore_Model_AI_Governance_Framework_2020_chunk_9,Singapore_Model_AI_Governance_Framework_2020,Singapore,Asia-Pacific,Framework,2020,en,True,1
Singapore_Model_AI_Governance_Framework_2020_chunk_10,Singapore_Model_AI_Governance_Framework_2020,Singapore,Asia-Pacific,Framework,2020,en,True,1
Singapore_Model_AI_Governance_Framework_2020_chunk_11,Singapore_Model_AI_Governance_Framework_2020,Singapore,Asia-Pacific,Framework,2020,en,True,1
Singapore_Model_AI_Governance_Framework_2020_chunk_12,Singapore_Model_AI_Governance_Framework_2020,Singapore,Asia-Pacific,Framework,2020,en,True,-1
Singapore_Model_AI_Governance_Framework_2020_chunk_13,Singapore_Model_AI_Governance_Framework_2020,Singapore,Asia-Pacific,Framework,2020,en,True,1
Singapore_Model_AI_Governance_Framework_2020_chunk_14,Singapore_Model_AI_Governance_Framework_2020,Singapore,Asia-Pacific,Framework,2020,en,True,-1
Singapore_Model_AI_Governance_Framework_2020_chunk_15,Singapore_Model_AI_Governance_Framework_2020,Singapore,Asia-Pacific,Framework,2020,en,True,1
Singapore_Model_AI_Governance_Framework_2020_chunk_16,Singapore_Model_AI_Governance_Framework_2020,Singapore,Asia-Pacific,Framework,2020,en,True,-1
Singapore_Model_AI_Governance_Framework_2020_chunk_17,Singapore_Model_AI_Governance_Framework_2020,Singapore,Asia-Pacific,Framework,2020,en,True,-1
Singapore_Model_AI_Governance_Framework_2020_chunk_18,Singapore_Model_AI_Governance_Framework_2020,Singapore,Asia-Pacific,Framework,2020,en,True,-1
Singapore_Model_AI_Governance_Framework_2020_chunk_19,Singapore_Model_AI_Governance_Framework_2020,Singapore,Asia-Pacific,Framework,2020,en,True,-1
Singapore_Model_AI_Governance_Framework_2020_chunk_20,Singapore_Model_AI_Governance_Framework_2020,Singapore,Asia-Pacific,Framework,2020,en,True,1
Singapore_Model_AI_Governance_Framework_2020_chunk_21,Singapore_Model_AI_Governance_Framework_2020,Singapore,Asia-Pacific,Framework,2020,en,True,1
Singapore_Model_AI_Governance_Framework_2020_chunk_22,Singapore_Model_AI_Governance_Framework_2020,Singapore,Asia-Pacific,Framework,2020,en,True,1
Singapore_Model_AI_Governance_Framework_2020_chunk_23,Singapore_Model_AI_Governance_Framework_2020,Singapore,Asia-Pacific,Framework,2020,en,True,1
Singapore_Model_AI_Governance_Framework_2020_chunk_24,Singapore_Model_AI_Governance_Framework_2020,Singapore,Asia-Pacific,Framework,2020,en,True,1
Singapore_Model_AI_Governance_Framework_2020_chunk_25,Singapore_Model_AI_Governance_Framework_2020,Singapore,Asia-Pacific,Framework,2020,en,True,1
Singapore_Model_AI_Governance_Framework_2020_chunk_26,Singapore_Model_AI_Governance_Framework_2020,Singapore,Asia-Pacific,Framework,2020,en,True,1
Singapore_Model_AI_Governance_Framework_2020_chunk_27,Singapore_Model_AI_Governance_Framework_2020,Singapore,Asia-Pacific,Framework,2020,en,True,1
Singapore_Model_AI_Governance_Framework_2020_chunk_28,Singapore_Model_AI_Governance_Framework_2020,Singapore,Asia-Pacific,Framework,2020,en,True,0
Singapore_Model_AI_Governance_Framework_2020_chunk_29,Singapore_Model_AI_Governance_Framework_2020,Singapore,Asia-Pacific,Framework,2020,en,True,1
Singapore_Model_AI_Governance_Framework_2020_chunk_30,Singapore_Model_AI_Governance_Framework_2020,Singapore,Asia-Pacific,Framework,2020,en,True,1
Singapore_Model_AI_Governance_Framework_2020_chunk_31,Singapore_Model_AI_Governance_Framework_2020,Singapore,Asia-Pacific,Framework,2020,en,True,-1
Singapore_Model_AI_Governance_Framework_2020_chunk_32,Singapore_Model_AI_Governance_Framework_2020,Singapore,Asia-Pacific,Framework,2020,en,True,-1
Singapore_Model_AI_Governance_Framework_2020_chunk_33,Singapore_Model_AI_Governance_Framework_2020,Singapore,Asia-Pacific,Framework,2020,en,True,3
Singapore_Model_AI_Governance_Framework_2020_chunk_34,Singapore_Model_AI_Governance_Framework_2020,Singapore,Asia-Pacific,Framework,2020,en,True,1
Singapore_Model_AI_Governance_Framework_2020_chunk_35,Singapore_Model_AI_Governance_Framework_2020,Singapore,Asia-Pacific,Framework,2020,en,True,1
Singapore_Model_AI_Governance_GenAI_2024_chunk_0,Singapore_Model_AI_Governance_GenAI_2024,Singapore,Asia-Pacific,Framework,2024,en,True,15
Singapore_Model_AI_Governance_GenAI_2024_chunk_1,Singapore_Model_AI_Governance_GenAI_2024,Singapore,Asia-Pacific,Framework,2024,en,True,15
Singapore_Model_AI_Governance_GenAI_2024_chunk_2,Singapore_Model_AI_Governance_GenAI_2024,Singapore,Asia-Pacific,Framework,2024,en,True,15
Singapore_Model_AI_Governance_GenAI_2024_chunk_3,Singapore_Model_AI_Governance_GenAI_2024,Singapore,Asia-Pacific,Framework,2024,en,True,-1
Singapore_Model_AI_Governance_GenAI_2024_chunk_4,Singapore_Model_AI_Governance_GenAI_2024,Singapore,Asia-Pacific,Framework,2024,en,True,15
Singapore_Model_AI_Governance_GenAI_2024_chunk_5,Singapore_Model_AI_Governance_GenAI_2024,Singapore,Asia-Pacific,Framework,2024,en,True,16
Singapore_Model_AI_Governance_GenAI_2024_chunk_6,Singapore_Model_AI_Governance_GenAI_2024,Singapore,Asia-Pacific,Framework,2024,en,True,16
Singapore_Model_AI_Governance_GenAI_2024_chunk_7,Singapore_Model_AI_Governance_GenAI_2024,Singapore,Asia-Pacific,Framework,2024,en,True,16
Singapore_Model_AI_Governance_GenAI_2024_chunk_8,Singapore_Model_AI_Governance_GenAI_2024,Singapore,Asia-Pacific,Framework,2024,en,True,15
Singapore_Model_AI_Governance_GenAI_2024_chunk_9,Singapore_Model_AI_Governance_GenAI_2024,Singapore,Asia-Pacific,Framework,2024,en,True,15
Singapore_Model_AI_Governance_GenAI_2024_chunk_10,Singapore_Model_AI_Governance_GenAI_2024,Singapore,Asia-Pacific,Framework,2024,en,True,0
Singapore_Model_AI_Governance_GenAI_2024_chunk_11,Singapore_Model_AI_Governance_GenAI_2024,Singapore,Asia-Pacific,Framework,2024,en,True,0
Singapore_Model_AI_Governance_GenAI_2024_chunk_12,Singapore_Model_AI_Governance_GenAI_2024,Singapore,Asia-Pacific,Framework,2024,en,True,11
Singapore_Model_AI_Governance_GenAI_2024_chunk_13,Singapore_Model_AI_Governance_GenAI_2024,Singapore,Asia-Pacific,Framework,2024,en,True,15
Singapore_Model_AI_Governance_GenAI_2024_chunk_14,Singapore_Model_AI_Governance_GenAI_2024,Singapore,Asia-Pacific,Framework,2024,en,True,15
Singapore_Model_AI_Governance_GenAI_2024_chunk_15,Singapore_Model_AI_Governance_GenAI_2024,Singapore,Asia-Pacific,Framework,2024,en,True,15
Singapore_Model_AI_Governance_GenAI_2024_chunk_16,Singapore_Model_AI_Governance_GenAI_2024,Singapore,Asia-Pacific,Framework,2024,en,True,-1
Singapore_Model_AI_Governance_GenAI_2024_chunk_17,Singapore_Model_AI_Governance_GenAI_2024,Singapore,Asia-Pacific,Framework,2024,en,True,17
Singapore_Model_AI_Governance_GenAI_2024_chunk_18,Singapore_Model_AI_Governance_GenAI_2024,Singapore,Asia-Pacific,Framework,2024,en,True,-1
Singapore_Model_AI_Governance_GenAI_2024_chunk_19,Singapore_Model_AI_Governance_GenAI_2024,Singapore,Asia-Pacific,Framework,2024,en,True,-1
India_National_AI_Strategy_2021_chunk_0,India_National_AI_Strategy_2021,India,Asia-Pacific,National Strategy,2021,en,True,2
India_National_AI_Strategy_2021_chunk_1,India_National_AI_Strategy_2021,India,Asia-Pacific,National Strategy,2021,en,True,2
India_National_AI_Strategy_2021_chunk_2,India_National_AI_Strategy_2021,India,Asia-Pacific,National Strategy,2021,en,True,2
India_National_AI_Strategy_2021_chunk_3,India_National_AI_Strategy_2021,India,Asia-Pacific,National Strategy,2021,en,True,2
India_National_AI_Strategy_2021_chunk_4,India_National_AI_Strategy_2021,India,Asia-Pacific,National Strategy,2021,en,True,16
India_National_AI_Strategy_2021_chunk_5,India_National_AI_Strategy_2021,India,Asia-Pacific,National Strategy,2021,en,True,2
India_National_AI_Strategy_2021_chunk_6,India_National_AI_Strategy_2021,India,Asia-Pacific,National Strategy,2021,en,True,2
India_National_AI_Strategy_2021_chunk_7,India_National_AI_Strategy_2021,India,Asia-Pacific,National Strategy,2021,en,True,9
India_National_AI_Strategy_2021_chunk_8,India_National_AI_Strategy_2021,India,Asia-Pacific,National Strategy,2021,en,True,-1
India_National_AI_Strategy_2021_chunk_9,India_National_AI_Strategy_2021,India,Asia-Pacific,National Strategy,2021,en,True,-1
India_National_AI_Strategy_2021_chunk_10,India_National_AI_Strategy_2021,India,Asia-Pacific,National Strategy,2021,en,True,2
India_National_AI_Strategy_2021_chunk_11,India_National_AI_Strategy_2021,India,Asia-Pacific,National Strategy,2021,en,True,2
India_National_AI_Strategy_2021_chunk_12,India_National_AI_Strategy_2021,India,Asia-Pacific,National Strategy,2021,en,True,7
India_National_AI_Strategy_2021_chunk_13,India_National_AI_Strategy_2021,India,Asia-Pacific,National Strategy,2021,en,True,2
India_National_AI_Strategy_2021_chunk_14,India_National_AI_Strategy_2021,India,Asia-Pacific,National Strategy,2021,en,True,-1
India_National_AI_Strategy_2021_chunk_15,India_National_AI_Strategy_2021,India,Asia-Pacific,National Strategy,2021,en,True,2
India_National_AI_Strategy_2021_chunk_16,India_National_AI_Strategy_2021,India,Asia-Pacific,National Strategy,2021,en,True,2
India_National_AI_Strategy_2021_chunk_17,India_National_AI_Strategy_2021,India,Asia-Pacific,National Strategy,2021,en,True,2
India_National_AI_Strategy_2021_chunk_18,India_National_AI_Strategy_2021,India,Asia-Pacific,National Strategy,2021,en,True,2
India_National_AI_Strategy_2021_chunk_19,India_National_AI_Strategy_2021,India,Asia-Pacific,National Strategy,2021,en,True,-1
India_National_AI_Strategy_2021_chunk_20,India_National_AI_Strategy_2021,India,Asia-Pacific,National Strategy,2021,en,True,-1
India_National_AI_Strategy_2021_chunk_21,India_National_AI_Strategy_2021,India,Asia-Pacific,National Strategy,2021,en,True,-1
India_National_AI_Strategy_2021_chunk_22,India_National_AI_Strategy_2021,India,Asia-Pacific,National Strategy,2021,en,True,-1
India_National_AI_Strategy_2021_chunk_23,India_National_AI_Strategy_2021,India,Asia-Pacific,National Strategy,2021,en,True,-1
India_National_AI_Strategy_2021_chunk_24,India_National_AI_Strategy_2021,India,Asia-Pacific,National Strategy,2021,en,True,2
India_National_AI_Strategy_2021_chunk_25,India_National_AI_Strategy_2021,India,Asia-Pacific,National Strategy,2021,en,True,2
India_National_AI_Strategy_2021_chunk_26,India_National_AI_Strategy_2021,India,Asia-Pacific,National Strategy,2021,en,True,2
India_National_AI_Strategy_2021_chunk_27,India_National_AI_Strategy_2021,India,Asia-Pacific,National Strategy,2021,en,True,2
India_National_AI_Strategy_2021_chunk_28,India_National_AI_Strategy_2021,India,Asia-Pacific,National Strategy,2021,en,True,2
India_National_AI_Strategy_2021_chunk_29,India_National_AI_Strategy_2021,India,Asia-Pacific,National Strategy,2021,en,True,-1
India_National_AI_Strategy_2021_chunk_30,India_National_AI_Strategy_2021,India,Asia-Pacific,National Strategy,2021,en,True,-1
India_National_AI_Strategy_2021_chunk_31,India_National_AI_Strategy_2021,India,Asia-Pacific,National Strategy,2021,en,True,2
India_National_AI_Strategy_2021_chunk_32,India_National_AI_Strategy_2021,India,Asia-Pacific,National Strategy,2021,en,True,2
India_National_AI_Strategy_2021_chunk_33,India_National_AI_Strategy_2021,India,Asia-Pacific,National Strategy,2021,en,True,2
India_National_AI_Strategy_2021_chunk_34,India_National_AI_Strategy_2021,India,Asia-Pacific,National Strategy,2021,en,True,2
India_National_AI_Strategy_2021_chunk_35,India_National_AI_Strategy_2021,India,Asia-Pacific,National Strategy,2021,en,True,2
India_National_AI_Strategy_2021_chunk_36,India_National_AI_Strategy_2021,India,Asia-Pacific,National Strategy,2021,en,True,2
India_National_AI_Strategy_2021_chunk_37,India_National_AI_Strategy_2021,India,Asia-Pacific,National Strategy,2021,en,True,2
India_National_AI_Strategy_2021_chunk_38,India_National_AI_Strategy_2021,India,Asia-Pacific,National Strategy,2021,en,True,2
India_National_AI_Strategy_2021_chunk_39,India_National_AI_Strategy_2021,India,Asia-Pacific,National Strategy,2021,en,True,-1
India_National_AI_Strategy_2021_chunk_40,India_National_AI_Strategy_2021,India,Asia-Pacific,National Strategy,2021,en,True,2
India_National_AI_Strategy_2021_chunk_41,India_National_AI_Strategy_2021,India,Asia-Pacific,National Strategy,2021,en,True,2
India_National_AI_Strategy_2021_chunk_42,India_National_AI_Strategy_2021,India,Asia-Pacific,National Strategy,2021,en,True,2
India_National_AI_Strategy_2021_chunk_43,India_National_AI_Strategy_2021,India,Asia-Pacific,National Strategy,2021,en,True,2
India_National_AI_Strategy_2021_chunk_44,India_National_AI_Strategy_2021,India,Asia-Pacific,National Strategy,2021,en,True,2
India_National_AI_Strategy_2021_chunk_45,India_National_AI_Strategy_2021,India,Asia-Pacific,National Strategy,2021,en,True,2
India_National_AI_Strategy_2021_chunk_46,India_National_AI_Strategy_2021,India,Asia-Pacific,National Strategy,2021,en,True,-1
India_National_AI_Strategy_2021_chunk_47,India_National_AI_Strategy_2021,India,Asia-Pacific,National Strategy,2021,en,True,2
India_National_AI_Strategy_2021_chunk_48,India_National_AI_Strategy_2021,India,Asia-Pacific,National Strategy,2021,en,True,2
India_National_AI_Strategy_2021_chunk_49,India_National_AI_Strategy_2021,India,Asia-Pacific,National Strategy,2021,en,True,-1
India_National_AI_Strategy_2021_chunk_50,India_National_AI_Strategy_2021,India,Asia-Pacific,National Strategy,2021,en,True,2
India_National_AI_Strategy_2021_chunk_51,India_National_AI_Strategy_2021,India,Asia-Pacific,National Strategy,2021,en,True,2
India_National_AI_Strategy_2021_chunk_52,India_National_AI_Strategy_2021,India,Asia-Pacific,National Strategy,2021,en,True,2
India_National_AI_Strategy_2021_chunk_53,India_National_AI_Strategy_2021,India,Asia-Pacific,National Strategy,2021,en,True,-1
India_National_AI_Strategy_2021_chunk_54,India_National_AI_Strategy_2021,India,Asia-Pacific,National Strategy,2021,en,True,2
India_National_AI_Strategy_2021_chunk_55,India_National_AI_Strategy_2021,India,Asia-Pacific,National Strategy,2021,en,True,2
India_National_AI_Strategy_2021_chunk_56,India_National_AI_Strategy_2021,India,Asia-Pacific,National Strategy,2021,en,True,2
India_National_AI_Strategy_2021_chunk_57,India_National_AI_Strategy_2021,India,Asia-Pacific,National Strategy,2021,en,True,2
India_National_AI_Strategy_2021_chunk_58,India_National_AI_Strategy_2021,India,Asia-Pacific,National Strategy,2021,en,True,2
India_National_AI_Strategy_2021_chunk_59,India_National_AI_Strategy_2021,India,Asia-Pacific,National Strategy,2021,en,True,9
India_National_AI_Strategy_2021_chunk_60,India_National_AI_Strategy_2021,India,Asia-Pacific,National Strategy,2021,en,True,9
India_National_AI_Strategy_2021_chunk_61,India_National_AI_Strategy_2021,India,Asia-Pacific,National Strategy,2021,en,True,2
India_National_AI_Strategy_2021_chunk_62,India_National_AI_Strategy_2021,India,Asia-Pacific,National Strategy,2021,en,True,-1
India_National_AI_Strategy_2021_chunk_63,India_National_AI_Strategy_2021,India,Asia-Pacific,National Strategy,2021,en,True,9
India_National_AI_Strategy_2021_chunk_64,India_National_AI_Strategy_2021,India,Asia-Pacific,National Strategy,2021,en,True,9
India_National_AI_Strategy_2021_chunk_65,India_National_AI_Strategy_2021,India,Asia-Pacific,National Strategy,2021,en,True,9
India_National_AI_Strategy_2021_chunk_66,India_National_AI_Strategy_2021,India,Asia-Pacific,National Strategy,2021,en,True,9
India_National_AI_Strategy_2021_chunk_67,India_National_AI_Strategy_2021,India,Asia-Pacific,National Strategy,2021,en,True,9
India_National_AI_Strategy_2021_chunk_68,India_National_AI_Strategy_2021,India,Asia-Pacific,National Strategy,2021,en,True,2
India_National_AI_Strategy_2021_chunk_69,India_National_AI_Strategy_2021,India,Asia-Pacific,National Strategy,2021,en,True,9
India_National_AI_Strategy_2021_chunk_70,India_National_AI_Strategy_2021,India,Asia-Pacific,National Strategy,2021,en,True,-1
India_National_AI_Strategy_2021_chunk_71,India_National_AI_Strategy_2021,India,Asia-Pacific,National Strategy,2021,en,True,1
India_National_AI_Strategy_2021_chunk_72,India_National_AI_Strategy_2021,India,Asia-Pacific,National Strategy,2021,en,True,16
India_National_AI_Strategy_2021_chunk_73,India_National_AI_Strategy_2021,India,Asia-Pacific,National Strategy,2021,en,True,16
India_National_AI_Strategy_2021_chunk_74,India_National_AI_Strategy_2021,India,Asia-Pacific,National Strategy,2021,en,True,2
India_National_AI_Strategy_2021_chunk_75,India_National_AI_Strategy_2021,India,Asia-Pacific,National Strategy,2021,en,True,2
India_National_AI_Strategy_2021_chunk_76,India_National_AI_Strategy_2021,India,Asia-Pacific,National Strategy,2021,en,True,2
India_National_AI_Strategy_2021_chunk_77,India_National_AI_Strategy_2021,India,Asia-Pacific,National Strategy,2021,en,True,9
India_National_AI_Strategy_2021_chunk_78,India_National_AI_Strategy_2021,India,Asia-Pacific,National Strategy,2021,en,True,9
India_National_AI_Strategy_2021_chunk_79,India_National_AI_Strategy_2021,India,Asia-Pacific,National Strategy,2021,en,True,-1
India_National_AI_Strategy_2021_chunk_80,India_National_AI_Strategy_2021,India,Asia-Pacific,National Strategy,2021,en,True,-1
India_National_AI_Strategy_2021_chunk_81,India_National_AI_Strategy_2021,India,Asia-Pacific,National Strategy,2021,en,True,5
India_National_AI_Strategy_2021_chunk_83,India_National_AI_Strategy_2021,India,Asia-Pacific,National Strategy,2021,en,True,-1
India_National_AI_Strategy_2021_chunk_85,India_National_AI_Strategy_2021,India,Asia-Pacific,National Strategy,2021,en,True,-1
India_National_AI_Strategy_2021_chunk_86,India_National_AI_Strategy_2021,India,Asia-Pacific,National Strategy,2021,en,True,-1
India_National_AI_Strategy_2021_chunk_87,India_National_AI_Strategy_2021,India,Asia-Pacific,National Strategy,2021,en,True,-1
India_National_AI_Strategy_2021_chunk_88,India_National_AI_Strategy_2021,India,Asia-Pacific,National Strategy,2021,en,True,16
India_National_AI_Strategy_2021_chunk_90,India_National_AI_Strategy_2021,India,Asia-Pacific,National Strategy,2021,en,True,-1
India_National_AI_Strategy_2021_chunk_91,India_National_AI_Strategy_2021,India,Asia-Pacific,National Strategy,2021,en,True,-1
India_National_AI_Strategy_2021_chunk_92,India_National_AI_Strategy_2021,India,Asia-Pacific,National Strategy,2021,en,True,-1
India_National_AI_Strategy_2021_chunk_93,India_National_AI_Strategy_2021,India,Asia-Pacific,National Strategy,2021,en,True,-1
India_National_AI_Strategy_2021_chunk_94,India_National_AI_Strategy_2021,India,Asia-Pacific,National Strategy,2021,en,True,9
India_National_AI_Strategy_2021_chunk_95,India_National_AI_Strategy_2021,India,Asia-Pacific,National Strategy,2021,en,True,2
India_National_AI_Strategy_2021_chunk_96,India_National_AI_Strategy_2021,India,Asia-Pacific,National Strategy,2021,en,True,2
Australia_AI_Ethics_Framework_2019_chunk_0,Australia_AI_Ethics_Framework_2019,Australia,Asia-Pacific,Framework,2019,en,True,3
Australia_AI_Ethics_Framework_2019_chunk_1,Australia_AI_Ethics_Framework_2019,Australia,Asia-Pacific,Framework,2019,en,True,3
Australia_AI_Ethics_Framework_2019_chunk_2,Australia_AI_Ethics_Framework_2019,Australia,Asia-Pacific,Framework,2019,en,True,3
Australia_AI_Ethics_Framework_2019_chunk_3,Australia_AI_Ethics_Framework_2019,Australia,Asia-Pacific,Framework,2019,en,True,3
Australia_AI_Ethics_Framework_2019_chunk_4,Australia_AI_Ethics_Framework_2019,Australia,Asia-Pacific,Framework,2019,en,True,3
Australia_AI_Ethics_Framework_2019_chunk_5,Australia_AI_Ethics_Framework_2019,Australia,Asia-Pacific,Framework,2019,en,True,3
Australia_AI_Ethics_Framework_2019_chunk_6,Australia_AI_Ethics_Framework_2019,Australia,Asia-Pacific,Framework,2019,en,True,19
Australia_AI_Ethics_Framework_2019_chunk_7,Australia_AI_Ethics_Framework_2019,Australia,Asia-Pacific,Framework,2019,en,True,3
Australia_AI_Ethics_Framework_2019_chunk_8,Australia_AI_Ethics_Framework_2019,Australia,Asia-Pacific,Framework,2019,en,True,3
Australia_AI_Ethics_Framework_2019_chunk_9,Australia_AI_Ethics_Framework_2019,Australia,Asia-Pacific,Framework,2019,en,True,-1
Australia_AI_Ethics_Framework_2019_chunk_11,Australia_AI_Ethics_Framework_2019,Australia,Asia-Pacific,Framework,2019,en,True,3
Australia_AI_Ethics_Framework_2019_chunk_12,Australia_AI_Ethics_Framework_2019,Australia,Asia-Pacific,Framework,2019,en,True,3
Australia_AI_Ethics_Framework_2019_chunk_13,Australia_AI_Ethics_Framework_2019,Australia,Asia-Pacific,Framework,2019,en,True,3
Australia_AI_Ethics_Framework_2019_chunk_14,Australia_AI_Ethics_Framework_2019,Australia,Asia-Pacific,Framework,2019,en,True,3
Australia_AI_Ethics_Framework_2019_chunk_15,Australia_AI_Ethics_Framework_2019,Australia,Asia-Pacific,Framework,2019,en,True,-1
Australia_AI_Ethics_Framework_2019_chunk_16,Australia_AI_Ethics_Framework_2019,Australia,Asia-Pacific,Framework,2019,en,True,3
Australia_AI_Ethics_Framework_2019_chunk_17,Australia_AI_Ethics_Framework_2019,Australia,Asia-Pacific,Framework,2019,en,True,-1
Australia_AI_Ethics_Framework_2019_chunk_18,Australia_AI_Ethics_Framework_2019,Australia,Asia-Pacific,Framework,2019,en,True,-1
Australia_AI_Ethics_Framework_2019_chunk_19,Australia_AI_Ethics_Framework_2019,Australia,Asia-Pacific,Framework,2019,en,True,3
Australia_AI_Ethics_Framework_2019_chunk_20,Australia_AI_Ethics_Framework_2019,Australia,Asia-Pacific,Framework,2019,en,True,19
Australia_AI_Ethics_Framework_2019_chunk_21,Australia_AI_Ethics_Framework_2019,Australia,Asia-Pacific,Framework,2019,en,True,3
Australia_AI_Ethics_Framework_2019_chunk_22,Australia_AI_Ethics_Framework_2019,Australia,Asia-Pacific,Framework,2019,en,True,3
Australia_AI_Ethics_Framework_2019_chunk_23,Australia_AI_Ethics_Framework_2019,Australia,Asia-Pacific,Framework,2019,en,True,3
Australia_AI_Ethics_Framework_2019_chunk_24,Australia_AI_Ethics_Framework_2019,Australia,Asia-Pacific,Framework,2019,en,True,-1
Australia_AI_Ethics_Framework_2019_chunk_25,Australia_AI_Ethics_Framework_2019,Australia,Asia-Pacific,Framework,2019,en,True,3
Australia_AI_Ethics_Framework_2019_chunk_26,Australia_AI_Ethics_Framework_2019,Australia,Asia-Pacific,Framework,2019,en,True,3
Australia_AI_Ethics_Framework_2019_chunk_27,Australia_AI_Ethics_Framework_2019,Australia,Asia-Pacific,Framework,2019,en,True,-1
Australia_AI_Ethics_Framework_2019_chunk_28,Australia_AI_Ethics_Framework_2019,Australia,Asia-Pacific,Framework,2019,en,True,-1
Australia_AI_Ethics_Framework_2019_chunk_29,Australia_AI_Ethics_Framework_2019,Australia,Asia-Pacific,Framework,2019,en,True,-1
Australia_AI_Ethics_Framework_2019_chunk_30,Australia_AI_Ethics_Framework_2019,Australia,Asia-Pacific,Framework,2019,en,True,-1
Australia_AI_Ethics_Framework_2019_chunk_31,Australia_AI_Ethics_Framework_2019,Australia,Asia-Pacific,Framework,2019,en,True,-1
Australia_AI_Ethics_Framework_2019_chunk_32,Australia_AI_Ethics_Framework_2019,Australia,Asia-Pacific,Framework,2019,en,True,3
Australia_AI_Ethics_Framework_2019_chunk_33,Australia_AI_Ethics_Framework_2019,Australia,Asia-Pacific,Framework,2019,en,True,3
Australia_AI_Ethics_Framework_2019_chunk_34,Australia_AI_Ethics_Framework_2019,Australia,Asia-Pacific,Framework,2019,en,True,-1
Australia_AI_Ethics_Framework_2019_chunk_35,Australia_AI_Ethics_Framework_2019,Australia,Asia-Pacific,Framework,2019,en,True,3
Australia_AI_Ethics_Framework_2019_chunk_36,Australia_AI_Ethics_Framework_2019,Australia,Asia-Pacific,Framework,2019,en,True,0
Australia_AI_Ethics_Framework_2019_chunk_37,Australia_AI_Ethics_Framework_2019,Australia,Asia-Pacific,Framework,2019,en,True,19
Australia_AI_Ethics_Framework_2019_chunk_38,Australia_AI_Ethics_Framework_2019,Australia,Asia-Pacific,Framework,2019,en,True,3
Australia_AI_Ethics_Framework_2019_chunk_39,Australia_AI_Ethics_Framework_2019,Australia,Asia-Pacific,Framework,2019,en,True,-1
Australia_AI_Ethics_Framework_2019_chunk_40,Australia_AI_Ethics_Framework_2019,Australia,Asia-Pacific,Framework,2019,en,True,3
Australia_AI_Ethics_Framework_2019_chunk_41,Australia_AI_Ethics_Framework_2019,Australia,Asia-Pacific,Framework,2019,en,True,-1
Australia_AI_Ethics_Framework_2019_chunk_42,Australia_AI_Ethics_Framework_2019,Australia,Asia-Pacific,Framework,2019,en,True,3
Australia_AI_Ethics_Framework_2019_chunk_43,Australia_AI_Ethics_Framework_2019,Australia,Asia-Pacific,Framework,2019,en,True,3
Australia_AI_Ethics_Framework_2019_chunk_44,Australia_AI_Ethics_Framework_2019,Australia,Asia-Pacific,Framework,2019,en,True,3
Australia_AI_Ethics_Framework_2019_chunk_45,Australia_AI_Ethics_Framework_2019,Australia,Asia-Pacific,Framework,2019,en,True,3
Australia_AI_Ethics_Framework_2019_chunk_46,Australia_AI_Ethics_Framework_2019,Australia,Asia-Pacific,Framework,2019,en,True,-1
Australia_AI_Ethics_Framework_2019_chunk_47,Australia_AI_Ethics_Framework_2019,Australia,Asia-Pacific,Framework,2019,en,True,-1
Australia_AI_Ethics_Framework_2019_chunk_48,Australia_AI_Ethics_Framework_2019,Australia,Asia-Pacific,Framework,2019,en,True,1
Australia_AI_Ethics_Framework_2019_chunk_49,Australia_AI_Ethics_Framework_2019,Australia,Asia-Pacific,Framework,2019,en,True,-1
Australia_AI_Ethics_Framework_2019_chunk_50,Australia_AI_Ethics_Framework_2019,Australia,Asia-Pacific,Framework,2019,en,True,3
Australia_AI_Ethics_Framework_2019_chunk_51,Australia_AI_Ethics_Framework_2019,Australia,Asia-Pacific,Framework,2019,en,True,19
Australia_AI_Ethics_Framework_2019_chunk_52,Australia_AI_Ethics_Framework_2019,Australia,Asia-Pacific,Framework,2019,en,True,19
Australia_AI_Ethics_Framework_2019_chunk_53,Australia_AI_Ethics_Framework_2019,Australia,Asia-Pacific,Framework,2019,en,True,19
Australia_AI_Ethics_Framework_2019_chunk_54,Australia_AI_Ethics_Framework_2019,Australia,Asia-Pacific,Framework,2019,en,True,19
Australia_AI_Ethics_Framework_2019_chunk_55,Australia_AI_Ethics_Framework_2019,Australia,Asia-Pacific,Framework,2019,en,True,19
Australia_AI_Ethics_Framework_2019_chunk_56,Australia_AI_Ethics_Framework_2019,Australia,Asia-Pacific,Framework,2019,en,True,19
Australia_AI_Ethics_Framework_2019_chunk_57,Australia_AI_Ethics_Framework_2019,Australia,Asia-Pacific,Framework,2019,en,True,3
Australia_AI_Ethics_Framework_2019_chunk_58,Australia_AI_Ethics_Framework_2019,Australia,Asia-Pacific,Framework,2019,en,True,19
Australia_AI_Ethics_Framework_2019_chunk_59,Australia_AI_Ethics_Framework_2019,Australia,Asia-Pacific,Framework,2019,en,True,-1
Australia_AI_Ethics_Framework_2019_chunk_60,Australia_AI_Ethics_Framework_2019,Australia,Asia-Pacific,Framework,2019,en,True,3
Australia_AI_Ethics_Framework_2019_chunk_61,Australia_AI_Ethics_Framework_2019,Australia,Asia-Pacific,Framework,2019,en,True,19
Australia_AI_Ethics_Framework_2019_chunk_62,Australia_AI_Ethics_Framework_2019,Australia,Asia-Pacific,Framework,2019,en,True,-1
Australia_AI_Ethics_Framework_2019_chunk_63,Australia_AI_Ethics_Framework_2019,Australia,Asia-Pacific,Framework,2019,en,True,-1
Australia_AI_Ethics_Framework_2019_chunk_64,Australia_AI_Ethics_Framework_2019,Australia,Asia-Pacific,Framework,2019,en,True,3
Australia_AI_Ethics_Framework_2019_chunk_65,Australia_AI_Ethics_Framework_2019,Australia,Asia-Pacific,Framework,2019,en,True,3
Australia_AI_Ethics_Framework_2019_chunk_66,Australia_AI_Ethics_Framework_2019,Australia,Asia-Pacific,Framework,2019,en,True,3
Australia_AI_Ethics_Framework_2019_chunk_67,Australia_AI_Ethics_Framework_2019,Australia,Asia-Pacific,Framework,2019,en,True,3
Australia_AI_Ethics_Framework_2019_chunk_68,Australia_AI_Ethics_Framework_2019,Australia,Asia-Pacific,Framework,2019,en,True,1
Australia_AI_Ethics_Framework_2019_chunk_69,Australia_AI_Ethics_Framework_2019,Australia,Asia-Pacific,Framework,2019,en,True,-1
Australia_AI_Ethics_Framework_2019_chunk_70,Australia_AI_Ethics_Framework_2019,Australia,Asia-Pacific,Framework,2019,en,True,3
Australia_AI_Ethics_Framework_2019_chunk_71,Australia_AI_Ethics_Framework_2019,Australia,Asia-Pacific,Framework,2019,en,True,3
Australia_AI_Ethics_Framework_2019_chunk_72,Australia_AI_Ethics_Framework_2019,Australia,Asia-Pacific,Framework,2019,en,True,3
Australia_AI_Ethics_Framework_2019_chunk_73,Australia_AI_Ethics_Framework_2019,Australia,Asia-Pacific,Framework,2019,en,True,-1
Australia_AI_Ethics_Framework_2019_chunk_74,Australia_AI_Ethics_Framework_2019,Australia,Asia-Pacific,Framework,2019,en,True,-1
Australia_AI_Ethics_Framework_2019_chunk_75,Australia_AI_Ethics_Framework_2019,Australia,Asia-Pacific,Framework,2019,en,True,3
Australia_AI_Ethics_Framework_2019_chunk_76,Australia_AI_Ethics_Framework_2019,Australia,Asia-Pacific,Framework,2019,en,True,3
Australia_AI_Ethics_Framework_2019_chunk_77,Australia_AI_Ethics_Framework_2019,Australia,Asia-Pacific,Framework,2019,en,True,19
Australia_AI_Ethics_Framework_2019_chunk_78,Australia_AI_Ethics_Framework_2019,Australia,Asia-Pacific,Framework,2019,en,True,19
Australia_AI_Ethics_Framework_2019_chunk_79,Australia_AI_Ethics_Framework_2019,Australia,Asia-Pacific,Framework,2019,en,True,3
Australia_AI_Ethics_Framework_2019_chunk_80,Australia_AI_Ethics_Framework_2019,Australia,Asia-Pacific,Framework,2019,en,True,3
Australia_AI_Ethics_Framework_2019_chunk_81,Australia_AI_Ethics_Framework_2019,Australia,Asia-Pacific,Framework,2019,en,True,3
Japan_AI_Strategy_2022_chunk_0,Japan_AI_Strategy_2022,Japan,Asia-Pacific,National Strategy,2022,ja,False,-1
Japan_AI_Strategy_2022_chunk_1,Japan_AI_Strategy_2022,Japan,Asia-Pacific,National Strategy,2022,ja,False,17
Japan_AI_Strategy_2022_chunk_2,Japan_AI_Strategy_2022,Japan,Asia-Pacific,National Strategy,2022,ja,False,-1
Japan_AI_Strategy_2022_chunk_3,Japan_AI_Strategy_2022,Japan,Asia-Pacific,National Strategy,2022,ja,False,5
Japan_AI_Strategy_2022_chunk_4,Japan_AI_Strategy_2022,Japan,Asia-Pacific,National Strategy,2022,ja,False,17
Japan_AI_Strategy_2022_chunk_5,Japan_AI_Strategy_2022,Japan,Asia-Pacific,National Strategy,2022,ja,False,17
Japan_AI_Strategy_2022_chunk_6,Japan_AI_Strategy_2022,Japan,Asia-Pacific,National Strategy,2022,ja,False,17
Japan_AI_Strategy_2022_chunk_7,Japan_AI_Strategy_2022,Japan,Asia-Pacific,National Strategy,2022,ja,False,17
Japan_AI_Strategy_2022_chunk_8,Japan_AI_Strategy_2022,Japan,Asia-Pacific,National Strategy,2022,ja,False,-1
Japan_AI_Strategy_2022_chunk_9,Japan_AI_Strategy_2022,Japan,Asia-Pacific,National Strategy,2022,ja,False,17
Japan_AI_Strategy_2022_chunk_10,Japan_AI_Strategy_2022,Japan,Asia-Pacific,National Strategy,2022,ja,False,17
Japan_AI_Strategy_2022_chunk_11,Japan_AI_Strategy_2022,Japan,Asia-Pacific,National Strategy,2022,ja,False,-1
Japan_AI_Strategy_2022_chunk_12,Japan_AI_Strategy_2022,Japan,Asia-Pacific,National Strategy,2022,ja,False,17
Japan_AI_Strategy_2022_chunk_13,Japan_AI_Strategy_2022,Japan,Asia-Pacific,National Strategy,2022,ja,False,-1
Japan_AI_Strategy_2022_chunk_14,Japan_AI_Strategy_2022,Japan,Asia-Pacific,National Strategy,2022,ja,False,-1
Japan_AI_Strategy_2022_chunk_15,Japan_AI_Strategy_2022,Japan,Asia-Pacific,National Strategy,2022,ja,False,-1
Japan_AI_Strategy_2022_chunk_16,Japan_AI_Strategy_2022,Japan,Asia-Pacific,National Strategy,2022,ja,False,-1
Japan_AI_Strategy_2022_chunk_17,Japan_AI_Strategy_2022,Japan,Asia-Pacific,National Strategy,2022,ja,False,-1
Japan_AI_Strategy_2022_chunk_18,Japan_AI_Strategy_2022,Japan,Asia-Pacific,National Strategy,2022,ja,False,-1
Japan_AI_Strategy_2022_chunk_19,Japan_AI_Strategy_2022,Japan,Asia-Pacific,National Strategy,2022,ja,False,-1
Japan_AI_Strategy_2022_chunk_20,Japan_AI_Strategy_2022,Japan,Asia-Pacific,National Strategy,2022,ja,False,-1
Japan_AI_Strategy_2022_chunk_21,Japan_AI_Strategy_2022,Japan,Asia-Pacific,National Strategy,2022,ja,False,-1
Japan_AI_Strategy_2022_chunk_22,Japan_AI_Strategy_2022,Japan,Asia-Pacific,National Strategy,2022,ja,False,5
Japan_AI_Strategy_2022_chunk_23,Japan_AI_Strategy_2022,Japan,Asia-Pacific,National Strategy,2022,ja,False,7
Japan_AI_Strategy_2022_chunk_24,Japan_AI_Strategy_2022,Japan,Asia-Pacific,National Strategy,2022,ja,False,-1
Japan_AI_Strategy_2022_chunk_25,Japan_AI_Strategy_2022,Japan,Asia-Pacific,National Strategy,2022,ja,False,-1
Japan_AI_Strategy_2022_chunk_26,Japan_AI_Strategy_2022,Japan,Asia-Pacific,National Strategy,2022,ja,False,2
Japan_AI_Strategy_2022_chunk_27,Japan_AI_Strategy_2022,Japan,Asia-Pacific,National Strategy,2022,ja,False,-1
Japan_AI_Strategy_2022_chunk_28,Japan_AI_Strategy_2022,Japan,Asia-Pacific,National Strategy,2022,ja,False,17
Japan_AI_Strategy_2022_chunk_29,Japan_AI_Strategy_2022,Japan,Asia-Pacific,National Strategy,2022,ja,False,-1
China_New_Generation_AI_Development_Plan_2017_chunk_0,China_New_Generation_AI_Development_Plan_2017,China,Asia-Pacific,National Strategy,2017,zh,False,7
China_New_Generation_AI_Development_Plan_2017_chunk_1,China_New_Generation_AI_Development_Plan_2017,China,Asia-Pacific,National Strategy,2017,zh,False,7
China_New_Generation_AI_Development_Plan_2017_chunk_2,China_New_Generation_AI_Development_Plan_2017,China,Asia-Pacific,National Strategy,2017,zh,False,7
China_New_Generation_AI_Development_Plan_2017_chunk_3,China_New_Generation_AI_Development_Plan_2017,China,Asia-Pacific,National Strategy,2017,zh,False,7
China_New_Generation_AI_Development_Plan_2017_chunk_4,China_New_Generation_AI_Development_Plan_2017,China,Asia-Pacific,National Strategy,2017,zh,False,7
China_New_Generation_AI_Development_Plan_2017_chunk_5,China_New_Generation_AI_Development_Plan_2017,China,Asia-Pacific,National Strategy,2017,zh,False,7
China_New_Generation_AI_Development_Plan_2017_chunk_6,China_New_Generation_AI_Development_Plan_2017,China,Asia-Pacific,National Strategy,2017,zh,False,7
China_New_Generation_AI_Development_Plan_2017_chunk_7,China_New_Generation_AI_Development_Plan_2017,China,Asia-Pacific,National Strategy,2017,zh,False,7
China_New_Generation_AI_Development_Plan_2017_chunk_8,China_New_Generation_AI_Development_Plan_2017,China,Asia-Pacific,National Strategy,2017,zh,False,7
China_New_Generation_AI_Development_Plan_2017_chunk_9,China_New_Generation_AI_Development_Plan_2017,China,Asia-Pacific,National Strategy,2017,zh,False,7
China_New_Generation_AI_Development_Plan_2017_chunk_10,China_New_Generation_AI_Development_Plan_2017,China,Asia-Pacific,National Strategy,2017,zh,False,7
China_New_Generation_AI_Development_Plan_2017_chunk_11,China_New_Generation_AI_Development_Plan_2017,China,Asia-Pacific,National Strategy,2017,zh,False,7
China_New_Generation_AI_Development_Plan_2017_chunk_12,China_New_Generation_AI_Development_Plan_2017,China,Asia-Pacific,National Strategy,2017,zh,False,7
China_New_Generation_AI_Development_Plan_2017_chunk_13,China_New_Generation_AI_Development_Plan_2017,China,Asia-Pacific,National Strategy,2017,zh,False,-1
China_New_Generation_AI_Development_Plan_2017_chunk_14,China_New_Generation_AI_Development_Plan_2017,China,Asia-Pacific,National Strategy,2017,zh,False,7
China_New_Generation_AI_Development_Plan_2017_chunk_15,China_New_Generation_AI_Development_Plan_2017,China,Asia-Pacific,National Strategy,2017,zh,False,7
China_New_Generation_AI_Development_Plan_2017_chunk_16,China_New_Generation_AI_Development_Plan_2017,China,Asia-Pacific,National Strategy,2017,zh,False,7
China_New_Generation_AI_Development_Plan_2017_chunk_17,China_New_Generation_AI_Development_Plan_2017,China,Asia-Pacific,National Strategy,2017,zh,False,7
China_New_Generation_AI_Development_Plan_2017_chunk_18,China_New_Generation_AI_Development_Plan_2017,China,Asia-Pacific,National Strategy,2017,zh,False,2
China_New_Generation_AI_Development_Plan_2017_chunk_19,China_New_Generation_AI_Development_Plan_2017,China,Asia-Pacific,National Strategy,2017,zh,False,7
China_New_Generation_AI_Development_Plan_2017_chunk_20,China_New_Generation_AI_Development_Plan_2017,China,Asia-Pacific,National Strategy,2017,zh,False,7
China_New_Generation_AI_Development_Plan_2017_chunk_21,China_New_Generation_AI_Development_Plan_2017,China,Asia-Pacific,National Strategy,2017,zh,False,7
China_New_Generation_AI_Development_Plan_2017_chunk_22,China_New_Generation_AI_Development_Plan_2017,China,Asia-Pacific,National Strategy,2017,zh,False,7
China_New_Generation_AI_Development_Plan_2017_chunk_23,China_New_Generation_AI_Development_Plan_2017,China,Asia-Pacific,National Strategy,2017,zh,False,7
China_New_Generation_AI_Development_Plan_2017_chunk_24,China_New_Generation_AI_Development_Plan_2017,China,Asia-Pacific,National Strategy,2017,zh,False,3
China_New_Generation_AI_Development_Plan_2017_chunk_25,China_New_Generation_AI_Development_Plan_2017,China,Asia-Pacific,National Strategy,2017,zh,False,7
China_New_Generation_AI_Development_Plan_2017_chunk_26,China_New_Generation_AI_Development_Plan_2017,China,Asia-Pacific,National Strategy,2017,zh,False,7
China_New_Generation_AI_Development_Plan_2017_chunk_27,China_New_Generation_AI_Development_Plan_2017,China,Asia-Pacific,National Strategy,2017,zh,False,7
China_Interim_Measures_Generative_AI_2023_chunk_0,China_Interim_Measures_Generative_AI_2023,China,Asia-Pacific,Binding Regulation,2023,zh,False,-1
China_Interim_Measures_Generative_AI_2023_chunk_1,China_Interim_Measures_Generative_AI_2023,China,Asia-Pacific,Binding Regulation,2023,zh,False,-1
China_Interim_Measures_Generative_AI_2023_chunk_2,China_Interim_Measures_Generative_AI_2023,China,Asia-Pacific,Binding Regulation,2023,zh,False,-1
China_Interim_Measures_Generative_AI_2023_chunk_3,China_Interim_Measures_Generative_AI_2023,China,Asia-Pacific,Binding Regulation,2023,zh,False,-1
China_Interim_Measures_Generative_AI_2023_chunk_4,China_Interim_Measures_Generative_AI_2023,China,Asia-Pacific,Binding Regulation,2023,zh,False,-1
China_Interim_Measures_Generative_AI_2023_chunk_5,China_Interim_Measures_Generative_AI_2023,China,Asia-Pacific,Binding Regulation,2023,zh,False,-1
SouthKorea_AI_Basic_Act_2025_chunk_0,SouthKorea_AI_Basic_Act_2025,South Korea,Asia-Pacific,National Law,2025,ko,False,0
SouthKorea_AI_Basic_Act_2025_chunk_1,SouthKorea_AI_Basic_Act_2025,South Korea,Asia-Pacific,National Law,2025,ko,False,0
SouthKorea_AI_Basic_Act_2025_chunk_2,SouthKorea_AI_Basic_Act_2025,South Korea,Asia-Pacific,National Law,2025,ko,False,3
SouthKorea_AI_Basic_Act_2025_chunk_3,SouthKorea_AI_Basic_Act_2025,South Korea,Asia-Pacific,National Law,2025,ko,False,0
SouthKorea_AI_Basic_Act_2025_chunk_4,SouthKorea_AI_Basic_Act_2025,South Korea,Asia-Pacific,National Law,2025,ko,False,-1
SouthKorea_AI_Basic_Act_2025_chunk_5,SouthKorea_AI_Basic_Act_2025,South Korea,Asia-Pacific,National Law,2025,ko,False,-1
SouthKorea_AI_Basic_Act_2025_chunk_6,SouthKorea_AI_Basic_Act_2025,South Korea,Asia-Pacific,National Law,2025,ko,False,-1
SouthKorea_AI_Basic_Act_2025_chunk_7,SouthKorea_AI_Basic_Act_2025,South Korea,Asia-Pacific,National Law,2025,ko,False,0
SouthKorea_AI_Basic_Act_2025_chunk_8,SouthKorea_AI_Basic_Act_2025,South Korea,Asia-Pacific,National Law,2025,ko,False,0
SouthKorea_AI_Basic_Act_2025_chunk_9,SouthKorea_AI_Basic_Act_2025,South Korea,Asia-Pacific,National Law,2025,ko,False,-1
SouthKorea_AI_Basic_Act_2025_chunk_10,SouthKorea_AI_Basic_Act_2025,South Korea,Asia-Pacific,National Law,2025,ko,False,0
SouthKorea_AI_Basic_Act_2025_chunk_11,SouthKorea_AI_Basic_Act_2025,South Korea,Asia-Pacific,National Law,2025,ko,False,0
SouthKorea_AI_Basic_Act_2025_chunk_12,SouthKorea_AI_Basic_Act_2025,South Korea,Asia-Pacific,National Law,2025,ko,False,3
SouthKorea_AI_Basic_Act_2025_chunk_13,SouthKorea_AI_Basic_Act_2025,South Korea,Asia-Pacific,National Law,2025,ko,False,0
SouthKorea_AI_Basic_Act_2025_chunk_14,SouthKorea_AI_Basic_Act_2025,South Korea,Asia-Pacific,National Law,2025,ko,False,0
SouthKorea_AI_Basic_Act_2025_chunk_15,SouthKorea_AI_Basic_Act_2025,South Korea,Asia-Pacific,National Law,2025,ko,False,0
SouthKorea_AI_Basic_Act_2025_chunk_16,SouthKorea_AI_Basic_Act_2025,South Korea,Asia-Pacific,National Law,2025,ko,False,0
SouthKorea_AI_Basic_Act_2025_chunk_17,SouthKorea_AI_Basic_Act_2025,South Korea,Asia-Pacific,National Law,2025,ko,False,0
Rwanda_National_AI_Policy_2023_chunk_0,Rwanda_National_AI_Policy_2023,Rwanda,Africa & Middle East,National Strategy,2023,en,True,2
Rwanda_National_AI_Policy_2023_chunk_1,Rwanda_National_AI_Policy_2023,Rwanda,Africa & Middle East,National Strategy,2023,en,True,2
Rwanda_National_AI_Policy_2023_chunk_2,Rwanda_National_AI_Policy_2023,Rwanda,Africa & Middle East,National Strategy,2023,en,True,-1
Rwanda_National_AI_Policy_2023_chunk_3,Rwanda_National_AI_Policy_2023,Rwanda,Africa & Middle East,National Strategy,2023,en,True,2
Rwanda_National_AI_Policy_2023_chunk_4,Rwanda_National_AI_Policy_2023,Rwanda,Africa & Middle East,National Strategy,2023,en,True,-1
Rwanda_National_AI_Policy_2023_chunk_5,Rwanda_National_AI_Policy_2023,Rwanda,Africa & Middle East,National Strategy,2023,en,True,2
Rwanda_National_AI_Policy_2023_chunk_6,Rwanda_National_AI_Policy_2023,Rwanda,Africa & Middle East,National Strategy,2023,en,True,2
Rwanda_National_AI_Policy_2023_chunk_7,Rwanda_National_AI_Policy_2023,Rwanda,Africa & Middle East,National Strategy,2023,en,True,-1
Rwanda_National_AI_Policy_2023_chunk_8,Rwanda_National_AI_Policy_2023,Rwanda,Africa & Middle East,National Strategy,2023,en,True,-1
Rwanda_National_AI_Policy_2023_chunk_9,Rwanda_National_AI_Policy_2023,Rwanda,Africa & Middle East,National Strategy,2023,en,True,-1
Rwanda_National_AI_Policy_2023_chunk_10,Rwanda_National_AI_Policy_2023,Rwanda,Africa & Middle East,National Strategy,2023,en,True,-1
Kenya_National_AI_Strategy_Draft_2025_chunk_3,Kenya_National_AI_Strategy_Draft_2025,Kenya,Africa & Middle East,National Strategy,2025,en,True,4
Kenya_National_AI_Strategy_Draft_2025_chunk_4,Kenya_National_AI_Strategy_Draft_2025,Kenya,Africa & Middle East,National Strategy,2025,en,True,4
Kenya_National_AI_Strategy_Draft_2025_chunk_5,Kenya_National_AI_Strategy_Draft_2025,Kenya,Africa & Middle East,National Strategy,2025,en,True,4
Kenya_National_AI_Strategy_Draft_2025_chunk_6,Kenya_National_AI_Strategy_Draft_2025,Kenya,Africa & Middle East,National Strategy,2025,en,True,4
Kenya_National_AI_Strategy_Draft_2025_chunk_7,Kenya_National_AI_Strategy_Draft_2025,Kenya,Africa & Middle East,National Strategy,2025,en,True,4
Kenya_National_AI_Strategy_Draft_2025_chunk_8,Kenya_National_AI_Strategy_Draft_2025,Kenya,Africa & Middle East,National Strategy,2025,en,True,4
Kenya_National_AI_Strategy_Draft_2025_chunk_9,Kenya_National_AI_Strategy_Draft_2025,Kenya,Africa & Middle East,National Strategy,2025,en,True,-1
Kenya_National_AI_Strategy_Draft_2025_chunk_10,Kenya_National_AI_Strategy_Draft_2025,Kenya,Africa & Middle East,National Strategy,2025,en,True,4
Kenya_National_AI_Strategy_Draft_2025_chunk_11,Kenya_National_AI_Strategy_Draft_2025,Kenya,Africa & Middle East,National Strategy,2025,en,True,4
Kenya_National_AI_Strategy_Draft_2025_chunk_12,Kenya_National_AI_Strategy_Draft_2025,Kenya,Africa & Middle East,National Strategy,2025,en,True,4
Kenya_National_AI_Strategy_Draft_2025_chunk_13,Kenya_National_AI_Strategy_Draft_2025,Kenya,Africa & Middle East,National Strategy,2025,en,True,4
Kenya_National_AI_Strategy_Draft_2025_chunk_14,Kenya_National_AI_Strategy_Draft_2025,Kenya,Africa & Middle East,National Strategy,2025,en,True,4
Kenya_National_AI_Strategy_Draft_2025_chunk_15,Kenya_National_AI_Strategy_Draft_2025,Kenya,Africa & Middle East,National Strategy,2025,en,True,-1
Kenya_National_AI_Strategy_Draft_2025_chunk_16,Kenya_National_AI_Strategy_Draft_2025,Kenya,Africa & Middle East,National Strategy,2025,en,True,4
Kenya_National_AI_Strategy_Draft_2025_chunk_17,Kenya_National_AI_Strategy_Draft_2025,Kenya,Africa & Middle East,National Strategy,2025,en,True,10
Kenya_National_AI_Strategy_Draft_2025_chunk_18,Kenya_National_AI_Strategy_Draft_2025,Kenya,Africa & Middle East,National Strategy,2025,en,True,4
Kenya_National_AI_Strategy_Draft_2025_chunk_19,Kenya_National_AI_Strategy_Draft_2025,Kenya,Africa & Middle East,National Strategy,2025,en,True,4
Kenya_National_AI_Strategy_Draft_2025_chunk_20,Kenya_National_AI_Strategy_Draft_2025,Kenya,Africa & Middle East,National Strategy,2025,en,True,4
Kenya_National_AI_Strategy_Draft_2025_chunk_21,Kenya_National_AI_Strategy_Draft_2025,Kenya,Africa & Middle East,National Strategy,2025,en,True,8
Kenya_National_AI_Strategy_Draft_2025_chunk_22,Kenya_National_AI_Strategy_Draft_2025,Kenya,Africa & Middle East,National Strategy,2025,en,True,-1
Kenya_National_AI_Strategy_Draft_2025_chunk_23,Kenya_National_AI_Strategy_Draft_2025,Kenya,Africa & Middle East,National Strategy,2025,en,True,8
Kenya_National_AI_Strategy_Draft_2025_chunk_24,Kenya_National_AI_Strategy_Draft_2025,Kenya,Africa & Middle East,National Strategy,2025,en,True,8
Kenya_National_AI_Strategy_Draft_2025_chunk_25,Kenya_National_AI_Strategy_Draft_2025,Kenya,Africa & Middle East,National Strategy,2025,en,True,8
Kenya_National_AI_Strategy_Draft_2025_chunk_26,Kenya_National_AI_Strategy_Draft_2025,Kenya,Africa & Middle East,National Strategy,2025,en,True,10
Kenya_National_AI_Strategy_Draft_2025_chunk_27,Kenya_National_AI_Strategy_Draft_2025,Kenya,Africa & Middle East,National Strategy,2025,en,True,4
Kenya_National_AI_Strategy_Draft_2025_chunk_28,Kenya_National_AI_Strategy_Draft_2025,Kenya,Africa & Middle East,National Strategy,2025,en,True,4
Kenya_National_AI_Strategy_Draft_2025_chunk_29,Kenya_National_AI_Strategy_Draft_2025,Kenya,Africa & Middle East,National Strategy,2025,en,True,4
Kenya_National_AI_Strategy_Draft_2025_chunk_30,Kenya_National_AI_Strategy_Draft_2025,Kenya,Africa & Middle East,National Strategy,2025,en,True,4
Kenya_National_AI_Strategy_Draft_2025_chunk_31,Kenya_National_AI_Strategy_Draft_2025,Kenya,Africa & Middle East,National Strategy,2025,en,True,4
Kenya_National_AI_Strategy_Draft_2025_chunk_32,Kenya_National_AI_Strategy_Draft_2025,Kenya,Africa & Middle East,National Strategy,2025,en,True,4
Kenya_National_AI_Strategy_Draft_2025_chunk_33,Kenya_National_AI_Strategy_Draft_2025,Kenya,Africa & Middle East,National Strategy,2025,en,True,4
Kenya_National_AI_Strategy_Draft_2025_chunk_34,Kenya_National_AI_Strategy_Draft_2025,Kenya,Africa & Middle East,National Strategy,2025,en,True,8
Kenya_National_AI_Strategy_Draft_2025_chunk_35,Kenya_National_AI_Strategy_Draft_2025,Kenya,Africa & Middle East,National Strategy,2025,en,True,4
Kenya_National_AI_Strategy_Draft_2025_chunk_36,Kenya_National_AI_Strategy_Draft_2025,Kenya,Africa & Middle East,National Strategy,2025,en,True,4
Kenya_National_AI_Strategy_Draft_2025_chunk_37,Kenya_National_AI_Strategy_Draft_2025,Kenya,Africa & Middle East,National Strategy,2025,en,True,4
Kenya_National_AI_Strategy_Draft_2025_chunk_38,Kenya_National_AI_Strategy_Draft_2025,Kenya,Africa & Middle East,National Strategy,2025,en,True,4
Kenya_National_AI_Strategy_Draft_2025_chunk_39,Kenya_National_AI_Strategy_Draft_2025,Kenya,Africa & Middle East,National Strategy,2025,en,True,4
Kenya_National_AI_Strategy_Draft_2025_chunk_40,Kenya_National_AI_Strategy_Draft_2025,Kenya,Africa & Middle East,National Strategy,2025,en,True,4
Kenya_National_AI_Strategy_Draft_2025_chunk_41,Kenya_National_AI_Strategy_Draft_2025,Kenya,Africa & Middle East,National Strategy,2025,en,True,4
Kenya_National_AI_Strategy_Draft_2025_chunk_42,Kenya_National_AI_Strategy_Draft_2025,Kenya,Africa & Middle East,National Strategy,2025,en,True,4
Kenya_National_AI_Strategy_Draft_2025_chunk_43,Kenya_National_AI_Strategy_Draft_2025,Kenya,Africa & Middle East,National Strategy,2025,en,True,4
Kenya_National_AI_Strategy_Draft_2025_chunk_44,Kenya_National_AI_Strategy_Draft_2025,Kenya,Africa & Middle East,National Strategy,2025,en,True,4
Kenya_National_AI_Strategy_Draft_2025_chunk_45,Kenya_National_AI_Strategy_Draft_2025,Kenya,Africa & Middle East,National Strategy,2025,en,True,4
Kenya_National_AI_Strategy_Draft_2025_chunk_52,Kenya_National_AI_Strategy_Draft_2025,Kenya,Africa & Middle East,National Strategy,2025,en,True,4
Kenya_National_AI_Strategy_Draft_2025_chunk_53,Kenya_National_AI_Strategy_Draft_2025,Kenya,Africa & Middle East,National Strategy,2025,en,True,4
Kenya_National_AI_Strategy_Draft_2025_chunk_54,Kenya_National_AI_Strategy_Draft_2025,Kenya,Africa & Middle East,National Strategy,2025,en,True,4
Kenya_National_AI_Strategy_Draft_2025_chunk_55,Kenya_National_AI_Strategy_Draft_2025,Kenya,Africa & Middle East,National Strategy,2025,en,True,4
Egypt_National_AI_Strategy_2021_chunk_0,Egypt_National_AI_Strategy_2021,Egypt,Africa & Middle East,National Strategy,2021,en,True,5
Egypt_National_AI_Strategy_2021_chunk_1,Egypt_National_AI_Strategy_2021,Egypt,Africa & Middle East,National Strategy,2021,en,True,5
Egypt_National_AI_Strategy_2021_chunk_2,Egypt_National_AI_Strategy_2021,Egypt,Africa & Middle East,National Strategy,2021,en,True,5
Egypt_National_AI_Strategy_2021_chunk_3,Egypt_National_AI_Strategy_2021,Egypt,Africa & Middle East,National Strategy,2021,en,True,-1
Egypt_National_AI_Strategy_2021_chunk_4,Egypt_National_AI_Strategy_2021,Egypt,Africa & Middle East,National Strategy,2021,en,True,-1
Egypt_National_AI_Strategy_2021_chunk_5,Egypt_National_AI_Strategy_2021,Egypt,Africa & Middle East,National Strategy,2021,en,True,-1
Egypt_National_AI_Strategy_2021_chunk_6,Egypt_National_AI_Strategy_2021,Egypt,Africa & Middle East,National Strategy,2021,en,True,5
Egypt_National_AI_Strategy_2021_chunk_7,Egypt_National_AI_Strategy_2021,Egypt,Africa & Middle East,National Strategy,2021,en,True,5
Egypt_National_AI_Strategy_2021_chunk_8,Egypt_National_AI_Strategy_2021,Egypt,Africa & Middle East,National Strategy,2021,en,True,5
Egypt_National_AI_Strategy_2021_chunk_9,Egypt_National_AI_Strategy_2021,Egypt,Africa & Middle East,National Strategy,2021,en,True,5
Egypt_National_AI_Strategy_2021_chunk_11,Egypt_National_AI_Strategy_2021,Egypt,Africa & Middle East,National Strategy,2021,en,True,5
Egypt_National_AI_Strategy_2021_chunk_12,Egypt_National_AI_Strategy_2021,Egypt,Africa & Middle East,National Strategy,2021,en,True,5
Egypt_National_AI_Strategy_2021_chunk_13,Egypt_National_AI_Strategy_2021,Egypt,Africa & Middle East,National Strategy,2021,en,True,5
Egypt_National_AI_Strategy_2021_chunk_14,Egypt_National_AI_Strategy_2021,Egypt,Africa & Middle East,National Strategy,2021,en,True,5
Egypt_National_AI_Strategy_2021_chunk_15,Egypt_National_AI_Strategy_2021,Egypt,Africa & Middle East,National Strategy,2021,en,True,-1
Egypt_National_AI_Strategy_2021_chunk_16,Egypt_National_AI_Strategy_2021,Egypt,Africa & Middle East,National Strategy,2021,en,True,-1
Egypt_National_AI_Strategy_2021_chunk_17,Egypt_National_AI_Strategy_2021,Egypt,Africa & Middle East,National Strategy,2021,en,True,-1
Egypt_National_AI_Strategy_2021_chunk_18,Egypt_National_AI_Strategy_2021,Egypt,Africa & Middle East,National Strategy,2021,en,True,2
Egypt_National_AI_Strategy_2021_chunk_19,Egypt_National_AI_Strategy_2021,Egypt,Africa & Middle East,National Strategy,2021,en,True,5
Egypt_National_AI_Strategy_2021_chunk_20,Egypt_National_AI_Strategy_2021,Egypt,Africa & Middle East,National Strategy,2021,en,True,-1
Egypt_National_AI_Strategy_2021_chunk_21,Egypt_National_AI_Strategy_2021,Egypt,Africa & Middle East,National Strategy,2021,en,True,-1
Egypt_National_AI_Strategy_2021_chunk_22,Egypt_National_AI_Strategy_2021,Egypt,Africa & Middle East,National Strategy,2021,en,True,5
Egypt_National_AI_Strategy_2021_chunk_23,Egypt_National_AI_Strategy_2021,Egypt,Africa & Middle East,National Strategy,2021,en,True,-1
Egypt_National_AI_Strategy_2021_chunk_24,Egypt_National_AI_Strategy_2021,Egypt,Africa & Middle East,National Strategy,2021,en,True,5
Egypt_National_AI_Strategy_2021_chunk_25,Egypt_National_AI_Strategy_2021,Egypt,Africa & Middle East,National Strategy,2021,en,True,5
Egypt_National_AI_Strategy_2021_chunk_26,Egypt_National_AI_Strategy_2021,Egypt,Africa & Middle East,National Strategy,2021,en,True,-1
Egypt_National_AI_Strategy_2021_chunk_27,Egypt_National_AI_Strategy_2021,Egypt,Africa & Middle East,National Strategy,2021,en,True,-1
Egypt_National_AI_Strategy_2021_chunk_28,Egypt_National_AI_Strategy_2021,Egypt,Africa & Middle East,National Strategy,2021,en,True,5
Egypt_National_AI_Strategy_2021_chunk_29,Egypt_National_AI_Strategy_2021,Egypt,Africa & Middle East,National Strategy,2021,en,True,5
Egypt_National_AI_Strategy_2021_chunk_30,Egypt_National_AI_Strategy_2021,Egypt,Africa & Middle East,National Strategy,2021,en,True,5
Egypt_National_AI_Strategy_2021_chunk_31,Egypt_National_AI_Strategy_2021,Egypt,Africa & Middle East,National Strategy,2021,en,True,-1
Egypt_National_AI_Strategy_2021_chunk_32,Egypt_National_AI_Strategy_2021,Egypt,Africa & Middle East,National Strategy,2021,en,True,-1
Egypt_National_AI_Strategy_2021_chunk_33,Egypt_National_AI_Strategy_2021,Egypt,Africa & Middle East,National Strategy,2021,en,True,16
Egypt_National_AI_Strategy_2021_chunk_34,Egypt_National_AI_Strategy_2021,Egypt,Africa & Middle East,National Strategy,2021,en,True,5
Egypt_National_AI_Strategy_2021_chunk_35,Egypt_National_AI_Strategy_2021,Egypt,Africa & Middle East,National Strategy,2021,en,True,5
Egypt_National_AI_Strategy_2021_chunk_36,Egypt_National_AI_Strategy_2021,Egypt,Africa & Middle East,National Strategy,2021,en,True,5
Egypt_National_AI_Strategy_2021_chunk_37,Egypt_National_AI_Strategy_2021,Egypt,Africa & Middle East,National Strategy,2021,en,True,5
Egypt_National_AI_Strategy_2021_chunk_38,Egypt_National_AI_Strategy_2021,Egypt,Africa & Middle East,National Strategy,2021,en,True,-1
Egypt_National_AI_Strategy_2021_chunk_39,Egypt_National_AI_Strategy_2021,Egypt,Africa & Middle East,National Strategy,2021,en,True,5
Egypt_National_AI_Strategy_2021_chunk_40,Egypt_National_AI_Strategy_2021,Egypt,Africa & Middle East,National Strategy,2021,en,True,9
Egypt_National_AI_Strategy_2021_chunk_41,Egypt_National_AI_Strategy_2021,Egypt,Africa & Middle East,National Strategy,2021,en,True,5
Egypt_National_AI_Strategy_2021_chunk_42,Egypt_National_AI_Strategy_2021,Egypt,Africa & Middle East,National Strategy,2021,en,True,5
Egypt_National_AI_Strategy_2021_chunk_43,Egypt_National_AI_Strategy_2021,Egypt,Africa & Middle East,National Strategy,2021,en,True,-1
Egypt_National_AI_Strategy_2021_chunk_44,Egypt_National_AI_Strategy_2021,Egypt,Africa & Middle East,National Strategy,2021,en,True,-1
Egypt_National_AI_Strategy_2021_chunk_45,Egypt_National_AI_Strategy_2021,Egypt,Africa & Middle East,National Strategy,2021,en,True,-1
Egypt_National_AI_Strategy_2021_chunk_46,Egypt_National_AI_Strategy_2021,Egypt,Africa & Middle East,National Strategy,2021,en,True,-1
Egypt_National_AI_Strategy_2021_chunk_47,Egypt_National_AI_Strategy_2021,Egypt,Africa & Middle East,National Strategy,2021,en,True,-1
Egypt_National_AI_Strategy_2021_chunk_48,Egypt_National_AI_Strategy_2021,Egypt,Africa & Middle East,National Strategy,2021,en,True,5
Egypt_National_AI_Strategy_2021_chunk_49,Egypt_National_AI_Strategy_2021,Egypt,Africa & Middle East,National Strategy,2021,en,True,5
Egypt_National_AI_Strategy_2021_chunk_50,Egypt_National_AI_Strategy_2021,Egypt,Africa & Middle East,National Strategy,2021,en,True,5
Egypt_National_AI_Strategy_2021_chunk_51,Egypt_National_AI_Strategy_2021,Egypt,Africa & Middle East,National Strategy,2021,en,True,-1
UAE_National_AI_Strategy_2031_chunk_0,UAE_National_AI_Strategy_2031,UAE,Africa & Middle East,National Strategy,2022,en,True,12
UAE_National_AI_Strategy_2031_chunk_1,UAE_National_AI_Strategy_2031,UAE,Africa & Middle East,National Strategy,2022,en,True,12
UAE_National_AI_Strategy_2031_chunk_2,UAE_National_AI_Strategy_2031,UAE,Africa & Middle East,National Strategy,2022,en,True,12
UAE_National_AI_Strategy_2031_chunk_3,UAE_National_AI_Strategy_2031,UAE,Africa & Middle East,National Strategy,2022,en,True,12
UAE_National_AI_Strategy_2031_chunk_4,UAE_National_AI_Strategy_2031,UAE,Africa & Middle East,National Strategy,2022,en,True,12
UAE_National_AI_Strategy_2031_chunk_5,UAE_National_AI_Strategy_2031,UAE,Africa & Middle East,National Strategy,2022,en,True,12
UAE_National_AI_Strategy_2031_chunk_6,UAE_National_AI_Strategy_2031,UAE,Africa & Middle East,National Strategy,2022,en,True,12
UAE_National_AI_Strategy_2031_chunk_7,UAE_National_AI_Strategy_2031,UAE,Africa & Middle East,National Strategy,2022,en,True,12
UAE_National_AI_Strategy_2031_chunk_8,UAE_National_AI_Strategy_2031,UAE,Africa & Middle East,National Strategy,2022,en,True,12
UAE_National_AI_Strategy_2031_chunk_9,UAE_National_AI_Strategy_2031,UAE,Africa & Middle East,National Strategy,2022,en,True,12
UAE_National_AI_Strategy_2031_chunk_10,UAE_National_AI_Strategy_2031,UAE,Africa & Middle East,National Strategy,2022,en,True,12
UAE_National_AI_Strategy_2031_chunk_11,UAE_National_AI_Strategy_2031,UAE,Africa & Middle East,National Strategy,2022,en,True,12
UAE_National_AI_Strategy_2031_chunk_12,UAE_National_AI_Strategy_2031,UAE,Africa & Middle East,National Strategy,2022,en,True,12
UAE_National_AI_Strategy_2031_chunk_13,UAE_National_AI_Strategy_2031,UAE,Africa & Middle East,National Strategy,2022,en,True,12
UAE_National_AI_Strategy_2031_chunk_14,UAE_National_AI_Strategy_2031,UAE,Africa & Middle East,National Strategy,2022,en,True,12
UAE_National_AI_Strategy_2031_chunk_15,UAE_National_AI_Strategy_2031,UAE,Africa & Middle East,National Strategy,2022,en,True,12
UAE_National_AI_Strategy_2031_chunk_16,UAE_National_AI_Strategy_2031,UAE,Africa & Middle East,National Strategy,2022,en,True,12
UAE_National_AI_Strategy_2031_chunk_17,UAE_National_AI_Strategy_2031,UAE,Africa & Middle East,National Strategy,2022,en,True,12
UAE_National_AI_Strategy_2031_chunk_18,UAE_National_AI_Strategy_2031,UAE,Africa & Middle East,National Strategy,2022,en,True,12
UAE_National_AI_Strategy_2031_chunk_19,UAE_National_AI_Strategy_2031,UAE,Africa & Middle East,National Strategy,2022,en,True,12
UAE_National_AI_Strategy_2031_chunk_20,UAE_National_AI_Strategy_2031,UAE,Africa & Middle East,National Strategy,2022,en,True,12
UAE_National_AI_Strategy_2031_chunk_21,UAE_National_AI_Strategy_2031,UAE,Africa & Middle East,National Strategy,2022,en,True,12
UAE_National_AI_Strategy_2031_chunk_22,UAE_National_AI_Strategy_2031,UAE,Africa & Middle East,National Strategy,2022,en,True,12
SouthAfrica_National_AI_Policy_Framework_2023_chunk_1,SouthAfrica_National_AI_Policy_Framework_2023,South Africa,Africa & Middle East,Policy Framework,2023,en,True,8
SouthAfrica_National_AI_Policy_Framework_2023_chunk_2,SouthAfrica_National_AI_Policy_Framework_2023,South Africa,Africa & Middle East,Policy Framework,2023,en,True,6
SouthAfrica_National_AI_Policy_Framework_2023_chunk_3,SouthAfrica_National_AI_Policy_Framework_2023,South Africa,Africa & Middle East,Policy Framework,2023,en,True,8
SouthAfrica_National_AI_Policy_Framework_2023_chunk_4,SouthAfrica_National_AI_Policy_Framework_2023,South Africa,Africa & Middle East,Policy Framework,2023,en,True,-1
SouthAfrica_National_AI_Policy_Framework_2023_chunk_5,SouthAfrica_National_AI_Policy_Framework_2023,South Africa,Africa & Middle East,Policy Framework,2023,en,True,-1
SouthAfrica_National_AI_Policy_Framework_2023_chunk_6,SouthAfrica_National_AI_Policy_Framework_2023,South Africa,Africa & Middle East,Policy Framework,2023,en,True,3
SouthAfrica_National_AI_Policy_Framework_2023_chunk_7,SouthAfrica_National_AI_Policy_Framework_2023,South Africa,Africa & Middle East,Policy Framework,2023,en,True,8
SouthAfrica_National_AI_Policy_Framework_2023_chunk_8,SouthAfrica_National_AI_Policy_Framework_2023,South Africa,Africa & Middle East,Policy Framework,2023,en,True,-1
Zimbabwe_National_AI_Strategy_chunk_0,Zimbabwe_National_AI_Strategy,Zimbabwe,Africa & Middle East,National Strategy,2024,en,True,6
Zimbabwe_National_AI_Strategy_chunk_1,Zimbabwe_National_AI_Strategy,Zimbabwe,Africa & Middle East,National Strategy,2024,en,True,6
Zimbabwe_National_AI_Strategy_chunk_2,Zimbabwe_National_AI_Strategy,Zimbabwe,Africa & Middle East,National Strategy,2024,en,True,6
Zimbabwe_National_AI_Strategy_chunk_3,Zimbabwe_National_AI_Strategy,Zimbabwe,Africa & Middle East,National Strategy,2024,en,True,6
Zimbabwe_National_AI_Strategy_chunk_4,Zimbabwe_National_AI_Strategy,Zimbabwe,Africa & Middle East,National Strategy,2024,en,True,6
Zimbabwe_National_AI_Strategy_chunk_5,Zimbabwe_National_AI_Strategy,Zimbabwe,Africa & Middle East,National Strategy,2024,en,True,6
Zimbabwe_National_AI_Strategy_chunk_6,Zimbabwe_National_AI_Strategy,Zimbabwe,Africa & Middle East,National Strategy,2024,en,True,6
Zimbabwe_National_AI_Strategy_chunk_7,Zimbabwe_National_AI_Strategy,Zimbabwe,Africa & Middle East,National Strategy,2024,en,True,6
Zimbabwe_National_AI_Strategy_chunk_8,Zimbabwe_National_AI_Strategy,Zimbabwe,Africa & Middle East,National Strategy,2024,en,True,6
Zimbabwe_National_AI_Strategy_chunk_9,Zimbabwe_National_AI_Strategy,Zimbabwe,Africa & Middle East,National Strategy,2024,en,True,6
Zimbabwe_National_AI_Strategy_chunk_10,Zimbabwe_National_AI_Strategy,Zimbabwe,Africa & Middle East,National Strategy,2024,en,True,-1
Zimbabwe_National_AI_Strategy_chunk_11,Zimbabwe_National_AI_Strategy,Zimbabwe,Africa & Middle East,National Strategy,2024,en,True,-1
Zimbabwe_National_AI_Strategy_chunk_12,Zimbabwe_National_AI_Strategy,Zimbabwe,Africa & Middle East,National Strategy,2024,en,True,-1
Zimbabwe_National_AI_Strategy_chunk_13,Zimbabwe_National_AI_Strategy,Zimbabwe,Africa & Middle East,National Strategy,2024,en,True,7
Zimbabwe_National_AI_Strategy_chunk_14,Zimbabwe_National_AI_Strategy,Zimbabwe,Africa & Middle East,National Strategy,2024,en,True,-1
Zimbabwe_National_AI_Strategy_chunk_15,Zimbabwe_National_AI_Strategy,Zimbabwe,Africa & Middle East,National Strategy,2024,en,True,6
Zimbabwe_National_AI_Strategy_chunk_16,Zimbabwe_National_AI_Strategy,Zimbabwe,Africa & Middle East,National Strategy,2024,en,True,8
Zimbabwe_National_AI_Strategy_chunk_17,Zimbabwe_National_AI_Strategy,Zimbabwe,Africa & Middle East,National Strategy,2024,en,True,17
Zimbabwe_National_AI_Strategy_chunk_18,Zimbabwe_National_AI_Strategy,Zimbabwe,Africa & Middle East,National Strategy,2024,en,True,6
Zimbabwe_National_AI_Strategy_chunk_19,Zimbabwe_National_AI_Strategy,Zimbabwe,Africa & Middle East,National Strategy,2024,en,True,6
Zimbabwe_National_AI_Strategy_chunk_20,Zimbabwe_National_AI_Strategy,Zimbabwe,Africa & Middle East,National Strategy,2024,en,True,10
Zimbabwe_National_AI_Strategy_chunk_21,Zimbabwe_National_AI_Strategy,Zimbabwe,Africa & Middle East,National Strategy,2024,en,True,6
Zimbabwe_National_AI_Strategy_chunk_22,Zimbabwe_National_AI_Strategy,Zimbabwe,Africa & Middle East,National Strategy,2024,en,True,6
Zimbabwe_National_AI_Strategy_chunk_23,Zimbabwe_National_AI_Strategy,Zimbabwe,Africa & Middle East,National Strategy,2024,en,True,6
Zimbabwe_National_AI_Strategy_chunk_24,Zimbabwe_National_AI_Strategy,Zimbabwe,Africa & Middle East,National Strategy,2024,en,True,6
Zimbabwe_National_AI_Strategy_chunk_25,Zimbabwe_National_AI_Strategy,Zimbabwe,Africa & Middle East,National Strategy,2024,en,True,4
Zimbabwe_National_AI_Strategy_chunk_26,Zimbabwe_National_AI_Strategy,Zimbabwe,Africa & Middle East,National Strategy,2024,en,True,-1
Zimbabwe_National_AI_Strategy_chunk_27,Zimbabwe_National_AI_Strategy,Zimbabwe,Africa & Middle East,National Strategy,2024,en,True,6
Zimbabwe_National_AI_Strategy_chunk_28,Zimbabwe_National_AI_Strategy,Zimbabwe,Africa & Middle East,National Strategy,2024,en,True,6
Zimbabwe_National_AI_Strategy_chunk_29,Zimbabwe_National_AI_Strategy,Zimbabwe,Africa & Middle East,National Strategy,2024,en,True,6
Zimbabwe_National_AI_Strategy_chunk_30,Zimbabwe_National_AI_Strategy,Zimbabwe,Africa & Middle East,National Strategy,2024,en,True,6
Zimbabwe_National_AI_Strategy_chunk_31,Zimbabwe_National_AI_Strategy,Zimbabwe,Africa & Middle East,National Strategy,2024,en,True,6
Zimbabwe_National_AI_Strategy_chunk_32,Zimbabwe_National_AI_Strategy,Zimbabwe,Africa & Middle East,National Strategy,2024,en,True,6
Zimbabwe_National_AI_Strategy_chunk_33,Zimbabwe_National_AI_Strategy,Zimbabwe,Africa & Middle East,National Strategy,2024,en,True,6
Zimbabwe_National_AI_Strategy_chunk_34,Zimbabwe_National_AI_Strategy,Zimbabwe,Africa & Middle East,National Strategy,2024,en,True,-1
Zimbabwe_National_AI_Strategy_chunk_35,Zimbabwe_National_AI_Strategy,Zimbabwe,Africa & Middle East,National Strategy,2024,en,True,5
Zimbabwe_National_AI_Strategy_chunk_36,Zimbabwe_National_AI_Strategy,Zimbabwe,Africa & Middle East,National Strategy,2024,en,True,6
Zimbabwe_National_AI_Strategy_chunk_37,Zimbabwe_National_AI_Strategy,Zimbabwe,Africa & Middle East,National Strategy,2024,en,True,0
Zimbabwe_National_AI_Strategy_chunk_38,Zimbabwe_National_AI_Strategy,Zimbabwe,Africa & Middle East,National Strategy,2024,en,True,6
Zimbabwe_National_AI_Strategy_chunk_39,Zimbabwe_National_AI_Strategy,Zimbabwe,Africa & Middle East,National Strategy,2024,en,True,6
Zimbabwe_National_AI_Strategy_chunk_40,Zimbabwe_National_AI_Strategy,Zimbabwe,Africa & Middle East,National Strategy,2024,en,True,6
Zimbabwe_National_AI_Strategy_chunk_41,Zimbabwe_National_AI_Strategy,Zimbabwe,Africa & Middle East,National Strategy,2024,en,True,6
Zimbabwe_National_AI_Strategy_chunk_42,Zimbabwe_National_AI_Strategy,Zimbabwe,Africa & Middle East,National Strategy,2024,en,True,6
Zimbabwe_National_AI_Strategy_chunk_43,Zimbabwe_National_AI_Strategy,Zimbabwe,Africa & Middle East,National Strategy,2024,en,True,6
Zimbabwe_National_AI_Strategy_chunk_44,Zimbabwe_National_AI_Strategy,Zimbabwe,Africa & Middle East,National Strategy,2024,en,True,-1
Zimbabwe_National_AI_Strategy_chunk_45,Zimbabwe_National_AI_Strategy,Zimbabwe,Africa & Middle East,National Strategy,2024,en,True,6
Zimbabwe_National_AI_Strategy_chunk_46,Zimbabwe_National_AI_Strategy,Zimbabwe,Africa & Middle East,National Strategy,2024,en,True,6
Nigeria_National_AI_Strategy_2024_chunk_0,Nigeria_National_AI_Strategy_2024,Nigeria,Africa & Middle East,National Strategy,2024,en,True,13
Nigeria_National_AI_Strategy_2024_chunk_1,Nigeria_National_AI_Strategy_2024,Nigeria,Africa & Middle East,National Strategy,2024,en,True,13
Nigeria_National_AI_Strategy_2024_chunk_2,Nigeria_National_AI_Strategy_2024,Nigeria,Africa & Middle East,National Strategy,2024,en,True,13
Nigeria_National_AI_Strategy_2024_chunk_3,Nigeria_National_AI_Strategy_2024,Nigeria,Africa & Middle East,National Strategy,2024,en,True,13
Nigeria_National_AI_Strategy_2024_chunk_4,Nigeria_National_AI_Strategy_2024,Nigeria,Africa & Middle East,National Strategy,2024,en,True,-1
Nigeria_National_AI_Strategy_2024_chunk_5,Nigeria_National_AI_Strategy_2024,Nigeria,Africa & Middle East,National Strategy,2024,en,True,-1
Nigeria_National_AI_Strategy_2024_chunk_6,Nigeria_National_AI_Strategy_2024,Nigeria,Africa & Middle East,National Strategy,2024,en,True,-1
Nigeria_National_AI_Strategy_2024_chunk_7,Nigeria_National_AI_Strategy_2024,Nigeria,Africa & Middle East,National Strategy,2024,en,True,13
Nigeria_National_AI_Strategy_2024_chunk_8,Nigeria_National_AI_Strategy_2024,Nigeria,Africa & Middle East,National Strategy,2024,en,True,13
Nigeria_National_AI_Strategy_2024_chunk_9,Nigeria_National_AI_Strategy_2024,Nigeria,Africa & Middle East,National Strategy,2024,en,True,-1
Nigeria_National_AI_Strategy_2024_chunk_10,Nigeria_National_AI_Strategy_2024,Nigeria,Africa & Middle East,National Strategy,2024,en,True,13
Nigeria_National_AI_Strategy_2024_chunk_11,Nigeria_National_AI_Strategy_2024,Nigeria,Africa & Middle East,National Strategy,2024,en,True,16
Nigeria_National_AI_Strategy_2024_chunk_12,Nigeria_National_AI_Strategy_2024,Nigeria,Africa & Middle East,National Strategy,2024,en,True,13
Nigeria_National_AI_Strategy_2024_chunk_13,Nigeria_National_AI_Strategy_2024,Nigeria,Africa & Middle East,National Strategy,2024,en,True,13
Nigeria_National_AI_Strategy_2024_chunk_14,Nigeria_National_AI_Strategy_2024,Nigeria,Africa & Middle East,National Strategy,2024,en,True,-1
Nigeria_National_AI_Strategy_2024_chunk_15,Nigeria_National_AI_Strategy_2024,Nigeria,Africa & Middle East,National Strategy,2024,en,True,13
Nigeria_National_AI_Strategy_2024_chunk_16,Nigeria_National_AI_Strategy_2024,Nigeria,Africa & Middle East,National Strategy,2024,en,True,13
Nigeria_National_AI_Strategy_2024_chunk_17,Nigeria_National_AI_Strategy_2024,Nigeria,Africa & Middle East,National Strategy,2024,en,True,-1
Nigeria_National_AI_Strategy_2024_chunk_18,Nigeria_National_AI_Strategy_2024,Nigeria,Africa & Middle East,National Strategy,2024,en,True,13
Nigeria_National_AI_Strategy_2024_chunk_19,Nigeria_National_AI_Strategy_2024,Nigeria,Africa & Middle East,National Strategy,2024,en,True,-1
Nigeria_National_AI_Strategy_2024_chunk_20,Nigeria_National_AI_Strategy_2024,Nigeria,Africa & Middle East,National Strategy,2024,en,True,-1
Nigeria_National_AI_Strategy_2024_chunk_21,Nigeria_National_AI_Strategy_2024,Nigeria,Africa & Middle East,National Strategy,2024,en,True,13
Nigeria_National_AI_Strategy_2024_chunk_22,Nigeria_National_AI_Strategy_2024,Nigeria,Africa & Middle East,National Strategy,2024,en,True,13
Nigeria_National_AI_Strategy_2024_chunk_23,Nigeria_National_AI_Strategy_2024,Nigeria,Africa & Middle East,National Strategy,2024,en,True,13
Nigeria_National_AI_Strategy_2024_chunk_24,Nigeria_National_AI_Strategy_2024,Nigeria,Africa & Middle East,National Strategy,2024,en,True,-1
Nigeria_National_AI_Strategy_2024_chunk_25,Nigeria_National_AI_Strategy_2024,Nigeria,Africa & Middle East,National Strategy,2024,en,True,13
Nigeria_National_AI_Strategy_2024_chunk_26,Nigeria_National_AI_Strategy_2024,Nigeria,Africa & Middle East,National Strategy,2024,en,True,8
Nigeria_National_AI_Strategy_2024_chunk_27,Nigeria_National_AI_Strategy_2024,Nigeria,Africa & Middle East,National Strategy,2024,en,True,-1
Nigeria_National_AI_Strategy_2024_chunk_28,Nigeria_National_AI_Strategy_2024,Nigeria,Africa & Middle East,National Strategy,2024,en,True,13
Nigeria_National_AI_Strategy_2024_chunk_29,Nigeria_National_AI_Strategy_2024,Nigeria,Africa & Middle East,National Strategy,2024,en,True,-1
Nigeria_National_AI_Strategy_2024_chunk_30,Nigeria_National_AI_Strategy_2024,Nigeria,Africa & Middle East,National Strategy,2024,en,True,13
Nigeria_National_AI_Strategy_2024_chunk_31,Nigeria_National_AI_Strategy_2024,Nigeria,Africa & Middle East,National Strategy,2024,en,True,8
Nigeria_National_AI_Strategy_2024_chunk_32,Nigeria_National_AI_Strategy_2024,Nigeria,Africa & Middle East,National Strategy,2024,en,True,13
Nigeria_National_AI_Strategy_2024_chunk_33,Nigeria_National_AI_Strategy_2024,Nigeria,Africa & Middle East,National Strategy,2024,en,True,8
Nigeria_National_AI_Strategy_2024_chunk_34,Nigeria_National_AI_Strategy_2024,Nigeria,Africa & Middle East,National Strategy,2024,en,True,-1
Nigeria_National_AI_Strategy_2024_chunk_35,Nigeria_National_AI_Strategy_2024,Nigeria,Africa & Middle East,National Strategy,2024,en,True,-1
Nigeria_National_AI_Strategy_2024_chunk_36,Nigeria_National_AI_Strategy_2024,Nigeria,Africa & Middle East,National Strategy,2024,en,True,-1
Nigeria_National_AI_Strategy_2024_chunk_37,Nigeria_National_AI_Strategy_2024,Nigeria,Africa & Middle East,National Strategy,2024,en,True,-1
Nigeria_National_AI_Strategy_2024_chunk_38,Nigeria_National_AI_Strategy_2024,Nigeria,Africa & Middle East,National Strategy,2024,en,True,6
Nigeria_National_AI_Strategy_2024_chunk_39,Nigeria_National_AI_Strategy_2024,Nigeria,Africa & Middle East,National Strategy,2024,en,True,13
Nigeria_National_AI_Strategy_2024_chunk_40,Nigeria_National_AI_Strategy_2024,Nigeria,Africa & Middle East,National Strategy,2024,en,True,13
Nigeria_National_AI_Strategy_2024_chunk_41,Nigeria_National_AI_Strategy_2024,Nigeria,Africa & Middle East,National Strategy,2024,en,True,13
Nigeria_National_AI_Strategy_2024_chunk_42,Nigeria_National_AI_Strategy_2024,Nigeria,Africa & Middle East,National Strategy,2024,en,True,13
Nigeria_National_AI_Strategy_2024_chunk_43,Nigeria_National_AI_Strategy_2024,Nigeria,Africa & Middle East,National Strategy,2024,en,True,-1
Nigeria_National_AI_Strategy_2024_chunk_44,Nigeria_National_AI_Strategy_2024,Nigeria,Africa & Middle East,National Strategy,2024,en,True,13
UNESCO_Recommendation_Ethics_AI_2021_chunk_0,UNESCO_Recommendation_Ethics_AI_2021,UNESCO,International,International Recommendation,2021,en,True,-1
UNESCO_Recommendation_Ethics_AI_2021_chunk_1,UNESCO_Recommendation_Ethics_AI_2021,UNESCO,International,International Recommendation,2021,en,True,3
UNESCO_Recommendation_Ethics_AI_2021_chunk_2,UNESCO_Recommendation_Ethics_AI_2021,UNESCO,International,International Recommendation,2021,en,True,3
UNESCO_Recommendation_Ethics_AI_2021_chunk_3,UNESCO_Recommendation_Ethics_AI_2021,UNESCO,International,International Recommendation,2021,en,True,0
UNESCO_Recommendation_Ethics_AI_2021_chunk_4,UNESCO_Recommendation_Ethics_AI_2021,UNESCO,International,International Recommendation,2021,en,True,-1
UNESCO_Recommendation_Ethics_AI_2021_chunk_5,UNESCO_Recommendation_Ethics_AI_2021,UNESCO,International,International Recommendation,2021,en,True,9
UNESCO_Recommendation_Ethics_AI_2021_chunk_6,UNESCO_Recommendation_Ethics_AI_2021,UNESCO,International,International Recommendation,2021,en,True,-1
UNESCO_Recommendation_Ethics_AI_2021_chunk_7,UNESCO_Recommendation_Ethics_AI_2021,UNESCO,International,International Recommendation,2021,en,True,-1
UNESCO_Recommendation_Ethics_AI_2021_chunk_8,UNESCO_Recommendation_Ethics_AI_2021,UNESCO,International,International Recommendation,2021,en,True,3
UNESCO_Recommendation_Ethics_AI_2021_chunk_9,UNESCO_Recommendation_Ethics_AI_2021,UNESCO,International,International Recommendation,2021,en,True,17
UNESCO_Recommendation_Ethics_AI_2021_chunk_10,UNESCO_Recommendation_Ethics_AI_2021,UNESCO,International,International Recommendation,2021,en,True,-1
UNESCO_Recommendation_Ethics_AI_2021_chunk_11,UNESCO_Recommendation_Ethics_AI_2021,UNESCO,International,International Recommendation,2021,en,True,16
UNESCO_Recommendation_Ethics_AI_2021_chunk_12,UNESCO_Recommendation_Ethics_AI_2021,UNESCO,International,International Recommendation,2021,en,True,-1
UNESCO_Recommendation_Ethics_AI_2021_chunk_13,UNESCO_Recommendation_Ethics_AI_2021,UNESCO,International,International Recommendation,2021,en,True,-1
UNESCO_Recommendation_Ethics_AI_2021_chunk_14,UNESCO_Recommendation_Ethics_AI_2021,UNESCO,International,International Recommendation,2021,en,True,3
UNESCO_Recommendation_Ethics_AI_2021_chunk_15,UNESCO_Recommendation_Ethics_AI_2021,UNESCO,International,International Recommendation,2021,en,True,-1
UNESCO_Recommendation_Ethics_AI_2021_chunk_16,UNESCO_Recommendation_Ethics_AI_2021,UNESCO,International,International Recommendation,2021,en,True,-1
UNESCO_Recommendation_Ethics_AI_2021_chunk_17,UNESCO_Recommendation_Ethics_AI_2021,UNESCO,International,International Recommendation,2021,en,True,8
UNESCO_Recommendation_Ethics_AI_2021_chunk_18,UNESCO_Recommendation_Ethics_AI_2021,UNESCO,International,International Recommendation,2021,en,True,-1
UNESCO_Recommendation_Ethics_AI_2021_chunk_19,UNESCO_Recommendation_Ethics_AI_2021,UNESCO,International,International Recommendation,2021,en,True,0
UNESCO_Recommendation_Ethics_AI_2021_chunk_20,UNESCO_Recommendation_Ethics_AI_2021,UNESCO,International,International Recommendation,2021,en,True,16
UNESCO_Recommendation_Ethics_AI_2021_chunk_21,UNESCO_Recommendation_Ethics_AI_2021,UNESCO,International,International Recommendation,2021,en,True,-1
UNESCO_Recommendation_Ethics_AI_2021_chunk_22,UNESCO_Recommendation_Ethics_AI_2021,UNESCO,International,International Recommendation,2021,en,True,17
UNESCO_Recommendation_Ethics_AI_2021_chunk_23,UNESCO_Recommendation_Ethics_AI_2021,UNESCO,International,International Recommendation,2021,en,True,-1
UNESCO_Recommendation_Ethics_AI_2021_chunk_24,UNESCO_Recommendation_Ethics_AI_2021,UNESCO,International,International Recommendation,2021,en,True,-1
UNESCO_Recommendation_Ethics_AI_2021_chunk_25,UNESCO_Recommendation_Ethics_AI_2021,UNESCO,International,International Recommendation,2021,en,True,-1
UNESCO_Recommendation_Ethics_AI_2021_chunk_26,UNESCO_Recommendation_Ethics_AI_2021,UNESCO,International,International Recommendation,2021,en,True,3
UNESCO_Recommendation_Ethics_AI_2021_chunk_27,UNESCO_Recommendation_Ethics_AI_2021,UNESCO,International,International Recommendation,2021,en,True,-1
UNESCO_Recommendation_Ethics_AI_2021_chunk_28,UNESCO_Recommendation_Ethics_AI_2021,UNESCO,International,International Recommendation,2021,en,True,-1
UNESCO_Recommendation_Ethics_AI_2021_chunk_29,UNESCO_Recommendation_Ethics_AI_2021,UNESCO,International,International Recommendation,2021,en,True,3
UNESCO_Recommendation_Ethics_AI_2021_chunk_30,UNESCO_Recommendation_Ethics_AI_2021,UNESCO,International,International Recommendation,2021,en,True,3
UNESCO_Recommendation_Ethics_AI_2021_chunk_31,UNESCO_Recommendation_Ethics_AI_2021,UNESCO,International,International Recommendation,2021,en,True,3
UNESCO_Recommendation_Ethics_AI_2021_chunk_32,UNESCO_Recommendation_Ethics_AI_2021,UNESCO,International,International Recommendation,2021,en,True,-1
OECD_AI_Principles_2023_chunk_0,OECD_AI_Principles_2023,OECD,International,International Principles,2023,en,True,0
OECD_AI_Principles_2023_chunk_1,OECD_AI_Principles_2023,OECD,International,International Principles,2023,en,True,8
OECD_AI_Principles_2023_chunk_2,OECD_AI_Principles_2023,OECD,International,International Principles,2023,en,True,8
OECD_AI_Principles_2023_chunk_3,OECD_AI_Principles_2023,OECD,International,International Principles,2023,en,True,3
OECD_AI_Principles_2023_chunk_4,OECD_AI_Principles_2023,OECD,International,International Principles,2023,en,True,8
OECD_AI_Principles_2023_chunk_5,OECD_AI_Principles_2023,OECD,International,International Principles,2023,en,True,8
OECD_AI_Principles_2023_chunk_6,OECD_AI_Principles_2023,OECD,International,International Principles,2023,en,True,-1
OECD_AI_Principles_2023_chunk_7,OECD_AI_Principles_2023,OECD,International,International Principles,2023,en,True,1
OECD_AI_Principles_2023_chunk_8,OECD_AI_Principles_2023,OECD,International,International Principles,2023,en,True,-1
OECD_AI_Principles_2023_chunk_9,OECD_AI_Principles_2023,OECD,International,International Principles,2023,en,True,8
OECD_AI_Principles_2023_chunk_10,OECD_AI_Principles_2023,OECD,International,International Principles,2023,en,True,0
G7_Hiroshima_AI_Process_Guiding_Principles_2023_chunk_0,G7_Hiroshima_AI_Process_Guiding_Principles_2023,G7,International,International Principles,2023,en,True,8
G7_Hiroshima_AI_Process_Guiding_Principles_2023_chunk_1,G7_Hiroshima_AI_Process_Guiding_Principles_2023,G7,International,International Principles,2023,en,True,-1
G7_Hiroshima_AI_Process_Guiding_Principles_2023_chunk_2,G7_Hiroshima_AI_Process_Guiding_Principles_2023,G7,International,International Principles,2023,en,True,15
CouncilOfEurope_AI_Framework_Convention_CETS225_2024_chunk_0,CouncilOfEurope_AI_Framework_Convention_CETS225_2024,Council of Europe,International,Binding International Treaty,2024,en,True,0
CouncilOfEurope_AI_Framework_Convention_CETS225_2024_chunk_1,CouncilOfEurope_AI_Framework_Convention_CETS225_2024,Council of Europe,International,Binding International Treaty,2024,en,True,0
CouncilOfEurope_AI_Framework_Convention_CETS225_2024_chunk_2,CouncilOfEurope_AI_Framework_Convention_CETS225_2024,Council of Europe,International,Binding International Treaty,2024,en,True,0
CouncilOfEurope_AI_Framework_Convention_CETS225_2024_chunk_3,CouncilOfEurope_AI_Framework_Convention_CETS225_2024,Council of Europe,International,Binding International Treaty,2024,en,True,0
CouncilOfEurope_AI_Framework_Convention_CETS225_2024_chunk_4,CouncilOfEurope_AI_Framework_Convention_CETS225_2024,Council of Europe,International,Binding International Treaty,2024,en,True,0
CouncilOfEurope_AI_Framework_Convention_CETS225_2024_chunk_5,CouncilOfEurope_AI_Framework_Convention_CETS225_2024,Council of Europe,International,Binding International Treaty,2024,en,True,0
CouncilOfEurope_AI_Framework_Convention_CETS225_2024_chunk_6,CouncilOfEurope_AI_Framework_Convention_CETS225_2024,Council of Europe,International,Binding International Treaty,2024,en,True,0
CouncilOfEurope_AI_Framework_Convention_CETS225_2024_chunk_7,CouncilOfEurope_AI_Framework_Convention_CETS225_2024,Council of Europe,International,Binding International Treaty,2024,en,True,0
CouncilOfEurope_AI_Framework_Convention_CETS225_2024_chunk_8,CouncilOfEurope_AI_Framework_Convention_CETS225_2024,Council of Europe,International,Binding International Treaty,2024,en,True,0
CouncilOfEurope_AI_Framework_Convention_CETS225_2024_chunk_9,CouncilOfEurope_AI_Framework_Convention_CETS225_2024,Council of Europe,International,Binding International Treaty,2024,en,True,0
CouncilOfEurope_AI_Framework_Convention_CETS225_2024_chunk_10,CouncilOfEurope_AI_Framework_Convention_CETS225_2024,Council of Europe,International,Binding International Treaty,2024,en,True,0
AfricanUnion_Continental_AI_Strategy_2024_chunk_0,AfricanUnion_Continental_AI_Strategy_2024,African Union,International,Continental Strategy,2024,en,True,10
AfricanUnion_Continental_AI_Strategy_2024_chunk_1,AfricanUnion_Continental_AI_Strategy_2024,African Union,International,Continental Strategy,2024,en,True,0
AfricanUnion_Continental_AI_Strategy_2024_chunk_2,AfricanUnion_Continental_AI_Strategy_2024,African Union,International,Continental Strategy,2024,en,True,10
AfricanUnion_Continental_AI_Strategy_2024_chunk_3,AfricanUnion_Continental_AI_Strategy_2024,African Union,International,Continental Strategy,2024,en,True,10
AfricanUnion_Continental_AI_Strategy_2024_chunk_4,AfricanUnion_Continental_AI_Strategy_2024,African Union,International,Continental Strategy,2024,en,True,10
AfricanUnion_Continental_AI_Strategy_2024_chunk_7,AfricanUnion_Continental_AI_Strategy_2024,African Union,International,Continental Strategy,2024,en,True,-1
AfricanUnion_Continental_AI_Strategy_2024_chunk_8,AfricanUnion_Continental_AI_Strategy_2024,African Union,International,Continental Strategy,2024,en,True,8
AfricanUnion_Continental_AI_Strategy_2024_chunk_9,AfricanUnion_Continental_AI_Strategy_2024,African Union,International,Continental Strategy,2024,en,True,10
AfricanUnion_Continental_AI_Strategy_2024_chunk_10,AfricanUnion_Continental_AI_Strategy_2024,African Union,International,Continental Strategy,2024,en,True,10
AfricanUnion_Continental_AI_Strategy_2024_chunk_11,AfricanUnion_Continental_AI_Strategy_2024,African Union,International,Continental Strategy,2024,en,True,-1
AfricanUnion_Continental_AI_Strategy_2024_chunk_12,AfricanUnion_Continental_AI_Strategy_2024,African Union,International,Continental Strategy,2024,en,True,10
AfricanUnion_Continental_AI_Strategy_2024_chunk_13,AfricanUnion_Continental_AI_Strategy_2024,African Union,International,Continental Strategy,2024,en,True,10
AfricanUnion_Continental_AI_Strategy_2024_chunk_14,AfricanUnion_Continental_AI_Strategy_2024,African Union,International,Continental Strategy,2024,en,True,10
AfricanUnion_Continental_AI_Strategy_2024_chunk_15,AfricanUnion_Continental_AI_Strategy_2024,African Union,International,Continental Strategy,2024,en,True,10
AfricanUnion_Continental_AI_Strategy_2024_chunk_16,AfricanUnion_Continental_AI_Strategy_2024,African Union,International,Continental Strategy,2024,en,True,-1
AfricanUnion_Continental_AI_Strategy_2024_chunk_17,AfricanUnion_Continental_AI_Strategy_2024,African Union,International,Continental Strategy,2024,en,True,10
AfricanUnion_Continental_AI_Strategy_2024_chunk_18,AfricanUnion_Continental_AI_Strategy_2024,African Union,International,Continental Strategy,2024,en,True,10
AfricanUnion_Continental_AI_Strategy_2024_chunk_19,AfricanUnion_Continental_AI_Strategy_2024,African Union,International,Continental Strategy,2024,en,True,10
AfricanUnion_Continental_AI_Strategy_2024_chunk_20,AfricanUnion_Continental_AI_Strategy_2024,African Union,International,Continental Strategy,2024,en,True,10
AfricanUnion_Continental_AI_Strategy_2024_chunk_21,AfricanUnion_Continental_AI_Strategy_2024,African Union,International,Continental Strategy,2024,en,True,8
AfricanUnion_Continental_AI_Strategy_2024_chunk_22,AfricanUnion_Continental_AI_Strategy_2024,African Union,International,Continental Strategy,2024,en,True,8
AfricanUnion_Continental_AI_Strategy_2024_chunk_23,AfricanUnion_Continental_AI_Strategy_2024,African Union,International,Continental Strategy,2024,en,True,8
AfricanUnion_Continental_AI_Strategy_2024_chunk_24,AfricanUnion_Continental_AI_Strategy_2024,African Union,International,Continental Strategy,2024,en,True,-1
AfricanUnion_Continental_AI_Strategy_2024_chunk_25,AfricanUnion_Continental_AI_Strategy_2024,African Union,International,Continental Strategy,2024,en,True,-1
AfricanUnion_Continental_AI_Strategy_2024_chunk_26,AfricanUnion_Continental_AI_Strategy_2024,African Union,International,Continental Strategy,2024,en,True,-1
AfricanUnion_Continental_AI_Strategy_2024_chunk_27,AfricanUnion_Continental_AI_Strategy_2024,African Union,International,Continental Strategy,2024,en,True,-1
AfricanUnion_Continental_AI_Strategy_2024_chunk_28,AfricanUnion_Continental_AI_Strategy_2024,African Union,International,Continental Strategy,2024,en,True,-1
AfricanUnion_Continental_AI_Strategy_2024_chunk_29,AfricanUnion_Continental_AI_Strategy_2024,African Union,International,Continental Strategy,2024,en,True,17
AfricanUnion_Continental_AI_Strategy_2024_chunk_30,AfricanUnion_Continental_AI_Strategy_2024,African Union,International,Continental Strategy,2024,en,True,-1
AfricanUnion_Continental_AI_Strategy_2024_chunk_31,AfricanUnion_Continental_AI_Strategy_2024,African Union,International,Continental Strategy,2024,en,True,10
AfricanUnion_Continental_AI_Strategy_2024_chunk_32,AfricanUnion_Continental_AI_Strategy_2024,African Union,International,Continental Strategy,2024,en,True,-1
AfricanUnion_Continental_AI_Strategy_2024_chunk_33,AfricanUnion_Continental_AI_Strategy_2024,African Union,International,Continental Strategy,2024,en,True,-1
AfricanUnion_Continental_AI_Strategy_2024_chunk_34,AfricanUnion_Continental_AI_Strategy_2024,African Union,International,Continental Strategy,2024,en,True,-1
AfricanUnion_Continental_AI_Strategy_2024_chunk_35,AfricanUnion_Continental_AI_Strategy_2024,African Union,International,Continental Strategy,2024,en,True,-1
AfricanUnion_Continental_AI_Strategy_2024_chunk_36,AfricanUnion_Continental_AI_Strategy_2024,African Union,International,Continental Strategy,2024,en,True,-1
AfricanUnion_Continental_AI_Strategy_2024_chunk_37,AfricanUnion_Continental_AI_Strategy_2024,African Union,International,Continental Strategy,2024,en,True,10
AfricanUnion_Continental_AI_Strategy_2024_chunk_38,AfricanUnion_Continental_AI_Strategy_2024,African Union,International,Continental Strategy,2024,en,True,-1
AfricanUnion_Continental_AI_Strategy_2024_chunk_39,AfricanUnion_Continental_AI_Strategy_2024,African Union,International,Continental Strategy,2024,en,True,-1
AfricanUnion_Continental_AI_Strategy_2024_chunk_40,AfricanUnion_Continental_AI_Strategy_2024,African Union,International,Continental Strategy,2024,en,True,-1
AfricanUnion_Continental_AI_Strategy_2024_chunk_41,AfricanUnion_Continental_AI_Strategy_2024,African Union,International,Continental Strategy,2024,en,True,-1
AfricanUnion_Continental_AI_Strategy_2024_chunk_42,AfricanUnion_Continental_AI_Strategy_2024,African Union,International,Continental Strategy,2024,en,True,-1
AfricanUnion_Continental_AI_Strategy_2024_chunk_43,AfricanUnion_Continental_AI_Strategy_2024,African Union,International,Continental Strategy,2024,en,True,10
AfricanUnion_Continental_AI_Strategy_2024_chunk_44,AfricanUnion_Continental_AI_Strategy_2024,African Union,International,Continental Strategy,2024,en,True,10
AfricanUnion_Continental_AI_Strategy_2024_chunk_45,AfricanUnion_Continental_AI_Strategy_2024,African Union,International,Continental Strategy,2024,en,True,10
AfricanUnion_Continental_AI_Strategy_2024_chunk_46,AfricanUnion_Continental_AI_Strategy_2024,African Union,International,Continental Strategy,2024,en,True,10
AfricanUnion_Continental_AI_Strategy_2024_chunk_47,AfricanUnion_Continental_AI_Strategy_2024,African Union,International,Continental Strategy,2024,en,True,10
AfricanUnion_Continental_AI_Strategy_2024_chunk_48,AfricanUnion_Continental_AI_Strategy_2024,African Union,International,Continental Strategy,2024,en,True,10
AfricanUnion_Continental_AI_Strategy_2024_chunk_49,AfricanUnion_Continental_AI_Strategy_2024,African Union,International,Continental Strategy,2024,en,True,-1
AfricanUnion_Continental_AI_Strategy_2024_chunk_50,AfricanUnion_Continental_AI_Strategy_2024,African Union,International,Continental Strategy,2024,en,True,12
ASEAN_Guide_AI_Governance_Ethics_2024_chunk_0,ASEAN_Guide_AI_Governance_Ethics_2024,ASEAN,International,Regional Framework,2024,en,True,1
ASEAN_Guide_AI_Governance_Ethics_2024_chunk_1,ASEAN_Guide_AI_Governance_Ethics_2024,ASEAN,International,Regional Framework,2024,en,True,2
ASEAN_Guide_AI_Governance_Ethics_2024_chunk_2,ASEAN_Guide_AI_Governance_Ethics_2024,ASEAN,International,Regional Framework,2024,en,True,-1
ASEAN_Guide_AI_Governance_Ethics_2024_chunk_3,ASEAN_Guide_AI_Governance_Ethics_2024,ASEAN,International,Regional Framework,2024,en,True,1
ASEAN_Guide_AI_Governance_Ethics_2024_chunk_4,ASEAN_Guide_AI_Governance_Ethics_2024,ASEAN,International,Regional Framework,2024,en,True,9
ASEAN_Guide_AI_Governance_Ethics_2024_chunk_5,ASEAN_Guide_AI_Governance_Ethics_2024,ASEAN,International,Regional Framework,2024,en,True,-1
ASEAN_Guide_AI_Governance_Ethics_2024_chunk_6,ASEAN_Guide_AI_Governance_Ethics_2024,ASEAN,International,Regional Framework,2024,en,True,1
ASEAN_Guide_AI_Governance_Ethics_2024_chunk_7,ASEAN_Guide_AI_Governance_Ethics_2024,ASEAN,International,Regional Framework,2024,en,True,-1
ASEAN_Guide_AI_Governance_Ethics_2024_chunk_8,ASEAN_Guide_AI_Governance_Ethics_2024,ASEAN,International,Regional Framework,2024,en,True,3
ASEAN_Guide_AI_Governance_Ethics_2024_chunk_9,ASEAN_Guide_AI_Governance_Ethics_2024,ASEAN,International,Regional Framework,2024,en,True,16
ASEAN_Guide_AI_Governance_Ethics_2024_chunk_10,ASEAN_Guide_AI_Governance_Ethics_2024,ASEAN,International,Regional Framework,2024,en,True,1
ASEAN_Guide_AI_Governance_Ethics_2024_chunk_11,ASEAN_Guide_AI_Governance_Ethics_2024,ASEAN,International,Regional Framework,2024,en,True,1
ASEAN_Guide_AI_Governance_Ethics_2024_chunk_12,ASEAN_Guide_AI_Governance_Ethics_2024,ASEAN,International,Regional Framework,2024,en,True,1
ASEAN_Guide_AI_Governance_Ethics_2024_chunk_13,ASEAN_Guide_AI_Governance_Ethics_2024,ASEAN,International,Regional Framework,2024,en,True,1
ASEAN_Guide_AI_Governance_Ethics_2024_chunk_14,ASEAN_Guide_AI_Governance_Ethics_2024,ASEAN,International,Regional Framework,2024,en,True,1
ASEAN_Guide_AI_Governance_Ethics_2024_chunk_15,ASEAN_Guide_AI_Governance_Ethics_2024,ASEAN,International,Regional Framework,2024,en,True,1
ASEAN_Guide_AI_Governance_Ethics_2024_chunk_16,ASEAN_Guide_AI_Governance_Ethics_2024,ASEAN,International,Regional Framework,2024,en,True,-1
ASEAN_Guide_AI_Governance_Ethics_2024_chunk_17,ASEAN_Guide_AI_Governance_Ethics_2024,ASEAN,International,Regional Framework,2024,en,True,1
ASEAN_Guide_AI_Governance_Ethics_2024_chunk_18,ASEAN_Guide_AI_Governance_Ethics_2024,ASEAN,International,Regional Framework,2024,en,True,-1
ASEAN_Guide_AI_Governance_Ethics_2024_chunk_19,ASEAN_Guide_AI_Governance_Ethics_2024,ASEAN,International,Regional Framework,2024,en,True,-1
ASEAN_Guide_AI_Governance_Ethics_2024_chunk_20,ASEAN_Guide_AI_Governance_Ethics_2024,ASEAN,International,Regional Framework,2024,en,True,-1
ASEAN_Guide_AI_Governance_Ethics_2024_chunk_21,ASEAN_Guide_AI_Governance_Ethics_2024,ASEAN,International,Regional Framework,2024,en,True,-1
ASEAN_Guide_AI_Governance_Ethics_2024_chunk_22,ASEAN_Guide_AI_Governance_Ethics_2024,ASEAN,International,Regional Framework,2024,en,True,-1
ASEAN_Guide_AI_Governance_Ethics_2024_chunk_23,ASEAN_Guide_AI_Governance_Ethics_2024,ASEAN,International,Regional Framework,2024,en,True,1
ASEAN_Guide_AI_Governance_Ethics_2024_chunk_24,ASEAN_Guide_AI_Governance_Ethics_2024,ASEAN,International,Regional Framework,2024,en,True,1
ASEAN_Guide_AI_Governance_Ethics_2024_chunk_25,ASEAN_Guide_AI_Governance_Ethics_2024,ASEAN,International,Regional Framework,2024,en,True,1
ASEAN_Guide_AI_Governance_Ethics_2024_chunk_26,ASEAN_Guide_AI_Governance_Ethics_2024,ASEAN,International,Regional Framework,2024,en,True,-1
ASEAN_Guide_AI_Governance_Ethics_2024_chunk_27,ASEAN_Guide_AI_Governance_Ethics_2024,ASEAN,International,Regional Framework,2024,en,True,1
ASEAN_Guide_AI_Governance_Ethics_2024_chunk_28,ASEAN_Guide_AI_Governance_Ethics_2024,ASEAN,International,Regional Framework,2024,en,True,1
ASEAN_Guide_AI_Governance_Ethics_2024_chunk_29,ASEAN_Guide_AI_Governance_Ethics_2024,ASEAN,International,Regional Framework,2024,en,True,1
ASEAN_Guide_AI_Governance_Ethics_2024_chunk_30,ASEAN_Guide_AI_Governance_Ethics_2024,ASEAN,International,Regional Framework,2024,en,True,1
ASEAN_Guide_AI_Governance_Ethics_2024_chunk_31,ASEAN_Guide_AI_Governance_Ethics_2024,ASEAN,International,Regional Framework,2024,en,True,1
ASEAN_Guide_AI_Governance_Ethics_2024_chunk_32,ASEAN_Guide_AI_Governance_Ethics_2024,ASEAN,International,Regional Framework,2024,en,True,1
ASEAN_Guide_AI_Governance_Ethics_2024_chunk_33,ASEAN_Guide_AI_Governance_Ethics_2024,ASEAN,International,Regional Framework,2024,en,True,2
ASEAN_Guide_AI_Governance_Ethics_2024_chunk_34,ASEAN_Guide_AI_Governance_Ethics_2024,ASEAN,International,Regional Framework,2024,en,True,2
ASEAN_Guide_AI_Governance_Ethics_2024_chunk_35,ASEAN_Guide_AI_Governance_Ethics_2024,ASEAN,International,Regional Framework,2024,en,True,16
ASEAN_Guide_AI_Governance_Ethics_2024_chunk_36,ASEAN_Guide_AI_Governance_Ethics_2024,ASEAN,International,Regional Framework,2024,en,True,2
ASEAN_Guide_AI_Governance_Ethics_2024_chunk_37,ASEAN_Guide_AI_Governance_Ethics_2024,ASEAN,International,Regional Framework,2024,en,True,-1
ASEAN_Guide_AI_Governance_Ethics_2024_chunk_38,ASEAN_Guide_AI_Governance_Ethics_2024,ASEAN,International,Regional Framework,2024,en,True,1
ASEAN_Guide_AI_Governance_Ethics_2024_chunk_39,ASEAN_Guide_AI_Governance_Ethics_2024,ASEAN,International,Regional Framework,2024,en,True,-1
ASEAN_Guide_AI_Governance_Ethics_2024_chunk_40,ASEAN_Guide_AI_Governance_Ethics_2024,ASEAN,International,Regional Framework,2024,en,True,15
ASEAN_Guide_AI_Governance_Ethics_2024_chunk_41,ASEAN_Guide_AI_Governance_Ethics_2024,ASEAN,International,Regional Framework,2024,en,True,15
ASEAN_Guide_AI_Governance_Ethics_2024_chunk_42,ASEAN_Guide_AI_Governance_Ethics_2024,ASEAN,International,Regional Framework,2024,en,True,-1
ASEAN_Guide_AI_Governance_Ethics_2024_chunk_43,ASEAN_Guide_AI_Governance_Ethics_2024,ASEAN,International,Regional Framework,2024,en,True,1
ASEAN_Guide_AI_Governance_Ethics_2024_chunk_44,ASEAN_Guide_AI_Governance_Ethics_2024,ASEAN,International,Regional Framework,2024,en,True,1
ASEAN_Guide_AI_Governance_Ethics_2024_chunk_45,ASEAN_Guide_AI_Governance_Ethics_2024,ASEAN,International,Regional Framework,2024,en,True,1
ASEAN_Guide_AI_Governance_Ethics_2024_chunk_46,ASEAN_Guide_AI_Governance_Ethics_2024,ASEAN,International,Regional Framework,2024,en,True,-1
ASEAN_Guide_AI_Governance_Ethics_2024_chunk_47,ASEAN_Guide_AI_Governance_Ethics_2024,ASEAN,International,Regional Framework,2024,en,True,1
ASEAN_Guide_AI_Governance_Ethics_2024_chunk_48,ASEAN_Guide_AI_Governance_Ethics_2024,ASEAN,International,Regional Framework,2024,en,True,1
ASEAN_Guide_AI_Governance_Ethics_2024_chunk_49,ASEAN_Guide_AI_Governance_Ethics_2024,ASEAN,International,Regional Framework,2024,en,True,1
ASEAN_Guide_AI_Governance_Ethics_2024_chunk_50,ASEAN_Guide_AI_Governance_Ethics_2024,ASEAN,International,Regional Framework,2024,en,True,1
ASEAN_Guide_AI_Governance_Ethics_2024_chunk_51,ASEAN_Guide_AI_Governance_Ethics_2024,ASEAN,International,Regional Framework,2024,en,True,1
ASEAN_Guide_AI_Governance_Ethics_2024_chunk_52,ASEAN_Guide_AI_Governance_Ethics_2024,ASEAN,International,Regional Framework,2024,en,True,-1
ASEAN_Guide_AI_Governance_Ethics_2024_chunk_53,ASEAN_Guide_AI_Governance_Ethics_2024,ASEAN,International,Regional Framework,2024,en,True,1
ASEAN_Guide_AI_Governance_Ethics_2024_chunk_54,ASEAN_Guide_AI_Governance_Ethics_2024,ASEAN,International,Regional Framework,2024,en,True,1
ASEAN_Guide_AI_Governance_Ethics_2024_chunk_55,ASEAN_Guide_AI_Governance_Ethics_2024,ASEAN,International,Regional Framework,2024,en,True,1
ASEAN_Guide_AI_Governance_Ethics_2024_chunk_56,ASEAN_Guide_AI_Governance_Ethics_2024,ASEAN,International,Regional Framework,2024,en,True,-1
ASEAN_Guide_AI_Governance_Ethics_2024_chunk_57,ASEAN_Guide_AI_Governance_Ethics_2024,ASEAN,International,Regional Framework,2024,en,True,-1
ASEAN_Expanded_Guide_AI_Governance_GenAI_2025_chunk_1,ASEAN_Expanded_Guide_AI_Governance_GenAI_2025,ASEAN,International,Regional Framework,2025,en,True,11
ASEAN_Expanded_Guide_AI_Governance_GenAI_2025_chunk_4,ASEAN_Expanded_Guide_AI_Governance_GenAI_2025,ASEAN,International,Regional Framework,2025,en,True,11
ASEAN_Expanded_Guide_AI_Governance_GenAI_2025_chunk_6,ASEAN_Expanded_Guide_AI_Governance_GenAI_2025,ASEAN,International,Regional Framework,2025,en,True,11
ASEAN_Expanded_Guide_AI_Governance_GenAI_2025_chunk_7,ASEAN_Expanded_Guide_AI_Governance_GenAI_2025,ASEAN,International,Regional Framework,2025,en,True,11
ASEAN_Expanded_Guide_AI_Governance_GenAI_2025_chunk_9,ASEAN_Expanded_Guide_AI_Governance_GenAI_2025,ASEAN,International,Regional Framework,2025,en,True,11
ASEAN_Expanded_Guide_AI_Governance_GenAI_2025_chunk_10,ASEAN_Expanded_Guide_AI_Governance_GenAI_2025,ASEAN,International,Regional Framework,2025,en,True,11
ASEAN_Expanded_Guide_AI_Governance_GenAI_2025_chunk_11,ASEAN_Expanded_Guide_AI_Governance_GenAI_2025,ASEAN,International,Regional Framework,2025,en,True,11
ASEAN_Expanded_Guide_AI_Governance_GenAI_2025_chunk_12,ASEAN_Expanded_Guide_AI_Governance_GenAI_2025,ASEAN,International,Regional Framework,2025,en,True,11
ASEAN_Expanded_Guide_AI_Governance_GenAI_2025_chunk_13,ASEAN_Expanded_Guide_AI_Governance_GenAI_2025,ASEAN,International,Regional Framework,2025,en,True,16
ASEAN_Expanded_Guide_AI_Governance_GenAI_2025_chunk_14,ASEAN_Expanded_Guide_AI_Governance_GenAI_2025,ASEAN,International,Regional Framework,2025,en,True,11
ASEAN_Expanded_Guide_AI_Governance_GenAI_2025_chunk_15,ASEAN_Expanded_Guide_AI_Governance_GenAI_2025,ASEAN,International,Regional Framework,2025,en,True,11
ASEAN_Expanded_Guide_AI_Governance_GenAI_2025_chunk_16,ASEAN_Expanded_Guide_AI_Governance_GenAI_2025,ASEAN,International,Regional Framework,2025,en,True,0
ASEAN_Expanded_Guide_AI_Governance_GenAI_2025_chunk_17,ASEAN_Expanded_Guide_AI_Governance_GenAI_2025,ASEAN,International,Regional Framework,2025,en,True,11
ASEAN_Expanded_Guide_AI_Governance_GenAI_2025_chunk_18,ASEAN_Expanded_Guide_AI_Governance_GenAI_2025,ASEAN,International,Regional Framework,2025,en,True,11
ASEAN_Expanded_Guide_AI_Governance_GenAI_2025_chunk_19,ASEAN_Expanded_Guide_AI_Governance_GenAI_2025,ASEAN,International,Regional Framework,2025,en,True,11
ASEAN_Expanded_Guide_AI_Governance_GenAI_2025_chunk_20,ASEAN_Expanded_Guide_AI_Governance_GenAI_2025,ASEAN,International,Regional Framework,2025,en,True,11
ASEAN_Expanded_Guide_AI_Governance_GenAI_2025_chunk_21,ASEAN_Expanded_Guide_AI_Governance_GenAI_2025,ASEAN,International,Regional Framework,2025,en,True,15
ASEAN_Expanded_Guide_AI_Governance_GenAI_2025_chunk_22,ASEAN_Expanded_Guide_AI_Governance_GenAI_2025,ASEAN,International,Regional Framework,2025,en,True,11
ASEAN_Expanded_Guide_AI_Governance_GenAI_2025_chunk_23,ASEAN_Expanded_Guide_AI_Governance_GenAI_2025,ASEAN,International,Regional Framework,2025,en,True,11
ASEAN_Expanded_Guide_AI_Governance_GenAI_2025_chunk_24,ASEAN_Expanded_Guide_AI_Governance_GenAI_2025,ASEAN,International,Regional Framework,2025,en,True,11
ASEAN_Expanded_Guide_AI_Governance_GenAI_2025_chunk_25,ASEAN_Expanded_Guide_AI_Governance_GenAI_2025,ASEAN,International,Regional Framework,2025,en,True,11
ASEAN_Expanded_Guide_AI_Governance_GenAI_2025_chunk_26,ASEAN_Expanded_Guide_AI_Governance_GenAI_2025,ASEAN,International,Regional Framework,2025,en,True,11
ASEAN_Expanded_Guide_AI_Governance_GenAI_2025_chunk_27,ASEAN_Expanded_Guide_AI_Governance_GenAI_2025,ASEAN,International,Regional Framework,2025,en,True,11
ASEAN_Expanded_Guide_AI_Governance_GenAI_2025_chunk_28,ASEAN_Expanded_Guide_AI_Governance_GenAI_2025,ASEAN,International,Regional Framework,2025,en,True,11
ASEAN_Expanded_Guide_AI_Governance_GenAI_2025_chunk_29,ASEAN_Expanded_Guide_AI_Governance_GenAI_2025,ASEAN,International,Regional Framework,2025,en,True,11
ASEAN_Expanded_Guide_AI_Governance_GenAI_2025_chunk_30,ASEAN_Expanded_Guide_AI_Governance_GenAI_2025,ASEAN,International,Regional Framework,2025,en,True,11
ASEAN_Expanded_Guide_AI_Governance_GenAI_2025_chunk_32,ASEAN_Expanded_Guide_AI_Governance_GenAI_2025,ASEAN,International,Regional Framework,2025,en,True,-1
