18:05:09  ============================================================
18:05:09    BERTOPIC MODELLING PIPELINE
18:05:09    Run time: 2026-03-29 18:05
18:05:09  ============================================================
18:05:09  
18:05:09  STAGE 1 — LOADING DATA
18:05:09  ----------------------------------------
18:05:10     Scopus corpus:  41,067 documents loaded
18:05:10     Policy corpus:  35 documents loaded
18:05:10     Chunking policy documents...
18:05:13     Policy docs chunked: 35 docs → 1557 chunks
18:05:13     Ready: 41,067 Scopus texts + 1557 policy chunks
18:05:13  
18:05:13  ============================================================
18:05:13    STAGE 2 — MODEL COMPARISON
18:05:13  ============================================================
18:05:13  
18:05:13    Training M1_Base: Fast English baseline
18:05:13    Embedding: all-MiniLM-L6-v2
18:05:13  Use pytorch device_name: mps
18:05:13  Load pretrained SentenceTransformer: all-MiniLM-L6-v2
18:05:13  HTTP Request: HEAD https://huggingface.co/sentence-transformers/all-MiniLM-L6-v2/resolve/main/modules.json "HTTP/1.1 307 Temporary Redirect"
18:05:13  HTTP Request: HEAD https://huggingface.co/api/resolve-cache/models/sentence-transformers/all-MiniLM-L6-v2/c9745ed1d9f207416be6d2e6f8de32d1f16199bf/modules.json "HTTP/1.1 200 OK"
18:05:13  HTTP Request: GET https://huggingface.co/api/resolve-cache/models/sentence-transformers/all-MiniLM-L6-v2/c9745ed1d9f207416be6d2e6f8de32d1f16199bf/modules.json "HTTP/1.1 200 OK"
18:05:13  HTTP Request: HEAD https://huggingface.co/sentence-transformers/all-MiniLM-L6-v2/resolve/main/config_sentence_transformers.json "HTTP/1.1 307 Temporary Redirect"
18:05:13  HTTP Request: HEAD https://huggingface.co/api/resolve-cache/models/sentence-transformers/all-MiniLM-L6-v2/c9745ed1d9f207416be6d2e6f8de32d1f16199bf/config_sentence_transformers.json "HTTP/1.1 200 OK"
18:05:13  HTTP Request: GET https://huggingface.co/api/resolve-cache/models/sentence-transformers/all-MiniLM-L6-v2/c9745ed1d9f207416be6d2e6f8de32d1f16199bf/config_sentence_transformers.json "HTTP/1.1 200 OK"
18:05:13  HTTP Request: HEAD https://huggingface.co/sentence-transformers/all-MiniLM-L6-v2/resolve/main/config_sentence_transformers.json "HTTP/1.1 307 Temporary Redirect"
18:05:13  HTTP Request: HEAD https://huggingface.co/api/resolve-cache/models/sentence-transformers/all-MiniLM-L6-v2/c9745ed1d9f207416be6d2e6f8de32d1f16199bf/config_sentence_transformers.json "HTTP/1.1 200 OK"
18:05:13  HTTP Request: HEAD https://huggingface.co/sentence-transformers/all-MiniLM-L6-v2/resolve/main/README.md "HTTP/1.1 307 Temporary Redirect"
18:05:13  HTTP Request: HEAD https://huggingface.co/api/resolve-cache/models/sentence-transformers/all-MiniLM-L6-v2/c9745ed1d9f207416be6d2e6f8de32d1f16199bf/README.md "HTTP/1.1 200 OK"
18:05:13  HTTP Request: GET https://huggingface.co/api/resolve-cache/models/sentence-transformers/all-MiniLM-L6-v2/c9745ed1d9f207416be6d2e6f8de32d1f16199bf/README.md "HTTP/1.1 200 OK"
18:05:13  HTTP Request: HEAD https://huggingface.co/sentence-transformers/all-MiniLM-L6-v2/resolve/main/modules.json "HTTP/1.1 307 Temporary Redirect"
18:05:13  HTTP Request: HEAD https://huggingface.co/api/resolve-cache/models/sentence-transformers/all-MiniLM-L6-v2/c9745ed1d9f207416be6d2e6f8de32d1f16199bf/modules.json "HTTP/1.1 200 OK"
18:05:14  HTTP Request: HEAD https://huggingface.co/sentence-transformers/all-MiniLM-L6-v2/resolve/main/sentence_bert_config.json "HTTP/1.1 307 Temporary Redirect"
18:05:14  HTTP Request: HEAD https://huggingface.co/api/resolve-cache/models/sentence-transformers/all-MiniLM-L6-v2/c9745ed1d9f207416be6d2e6f8de32d1f16199bf/sentence_bert_config.json "HTTP/1.1 200 OK"
18:05:14  HTTP Request: GET https://huggingface.co/api/resolve-cache/models/sentence-transformers/all-MiniLM-L6-v2/c9745ed1d9f207416be6d2e6f8de32d1f16199bf/sentence_bert_config.json "HTTP/1.1 200 OK"
18:05:14  HTTP Request: HEAD https://huggingface.co/sentence-transformers/all-MiniLM-L6-v2/resolve/main/adapter_config.json "HTTP/1.1 404 Not Found"
18:05:14  HTTP Request: HEAD https://huggingface.co/sentence-transformers/all-MiniLM-L6-v2/resolve/main/config.json "HTTP/1.1 307 Temporary Redirect"
18:05:14  HTTP Request: HEAD https://huggingface.co/api/resolve-cache/models/sentence-transformers/all-MiniLM-L6-v2/c9745ed1d9f207416be6d2e6f8de32d1f16199bf/config.json "HTTP/1.1 200 OK"
18:05:14  HTTP Request: GET https://huggingface.co/api/resolve-cache/models/sentence-transformers/all-MiniLM-L6-v2/c9745ed1d9f207416be6d2e6f8de32d1f16199bf/config.json "HTTP/1.1 200 OK"
18:05:14  HTTP Request: HEAD https://huggingface.co/sentence-transformers/all-MiniLM-L6-v2/resolve/main/model.safetensors "HTTP/1.1 302 Found"
18:05:14  HTTP Request: GET https://huggingface.co/api/models/sentence-transformers/all-MiniLM-L6-v2/xet-read-token/c9745ed1d9f207416be6d2e6f8de32d1f16199bf "HTTP/1.1 200 OK"
18:05:17  HTTP Request: HEAD https://huggingface.co/sentence-transformers/all-MiniLM-L6-v2/resolve/main/config.json "HTTP/1.1 307 Temporary Redirect"
18:05:17  HTTP Request: HEAD https://huggingface.co/api/resolve-cache/models/sentence-transformers/all-MiniLM-L6-v2/c9745ed1d9f207416be6d2e6f8de32d1f16199bf/config.json "HTTP/1.1 200 OK"
18:05:17  HTTP Request: HEAD https://huggingface.co/sentence-transformers/all-MiniLM-L6-v2/resolve/main/tokenizer_config.json "HTTP/1.1 307 Temporary Redirect"
18:05:17  HTTP Request: HEAD https://huggingface.co/api/resolve-cache/models/sentence-transformers/all-MiniLM-L6-v2/c9745ed1d9f207416be6d2e6f8de32d1f16199bf/tokenizer_config.json "HTTP/1.1 200 OK"
18:05:17  HTTP Request: GET https://huggingface.co/api/resolve-cache/models/sentence-transformers/all-MiniLM-L6-v2/c9745ed1d9f207416be6d2e6f8de32d1f16199bf/tokenizer_config.json "HTTP/1.1 200 OK"
18:05:17  HTTP Request: GET https://huggingface.co/api/models/sentence-transformers/all-MiniLM-L6-v2/tree/main/additional_chat_templates?recursive=false&expand=false "HTTP/1.1 404 Not Found"
18:05:17  HTTP Request: GET https://huggingface.co/api/models/sentence-transformers/all-MiniLM-L6-v2/tree/main?recursive=true&expand=false "HTTP/1.1 200 OK"
18:05:17  HTTP Request: HEAD https://huggingface.co/sentence-transformers/all-MiniLM-L6-v2/resolve/main/vocab.txt "HTTP/1.1 307 Temporary Redirect"
18:05:17  HTTP Request: HEAD https://huggingface.co/api/resolve-cache/models/sentence-transformers/all-MiniLM-L6-v2/c9745ed1d9f207416be6d2e6f8de32d1f16199bf/vocab.txt "HTTP/1.1 200 OK"
18:05:17  HTTP Request: GET https://huggingface.co/api/resolve-cache/models/sentence-transformers/all-MiniLM-L6-v2/c9745ed1d9f207416be6d2e6f8de32d1f16199bf/vocab.txt "HTTP/1.1 200 OK"
18:05:18  HTTP Request: HEAD https://huggingface.co/sentence-transformers/all-MiniLM-L6-v2/resolve/main/tokenizer.json "HTTP/1.1 307 Temporary Redirect"
18:05:18  HTTP Request: HEAD https://huggingface.co/api/resolve-cache/models/sentence-transformers/all-MiniLM-L6-v2/c9745ed1d9f207416be6d2e6f8de32d1f16199bf/tokenizer.json "HTTP/1.1 200 OK"
18:05:18  HTTP Request: GET https://huggingface.co/api/resolve-cache/models/sentence-transformers/all-MiniLM-L6-v2/c9745ed1d9f207416be6d2e6f8de32d1f16199bf/tokenizer.json "HTTP/1.1 200 OK"
18:05:18  HTTP Request: HEAD https://huggingface.co/sentence-transformers/all-MiniLM-L6-v2/resolve/main/added_tokens.json "HTTP/1.1 404 Not Found"
18:05:18  HTTP Request: HEAD https://huggingface.co/sentence-transformers/all-MiniLM-L6-v2/resolve/main/special_tokens_map.json "HTTP/1.1 307 Temporary Redirect"
18:05:18  HTTP Request: HEAD https://huggingface.co/api/resolve-cache/models/sentence-transformers/all-MiniLM-L6-v2/c9745ed1d9f207416be6d2e6f8de32d1f16199bf/special_tokens_map.json "HTTP/1.1 200 OK"
18:05:18  HTTP Request: GET https://huggingface.co/api/resolve-cache/models/sentence-transformers/all-MiniLM-L6-v2/c9745ed1d9f207416be6d2e6f8de32d1f16199bf/special_tokens_map.json "HTTP/1.1 200 OK"
18:05:18  HTTP Request: HEAD https://huggingface.co/sentence-transformers/all-MiniLM-L6-v2/resolve/main/chat_template.jinja "HTTP/1.1 404 Not Found"
18:05:18  HTTP Request: HEAD https://huggingface.co/sentence-transformers/all-MiniLM-L6-v2/resolve/main/1_Pooling/config.json "HTTP/1.1 307 Temporary Redirect"
18:05:18  HTTP Request: HEAD https://huggingface.co/api/resolve-cache/models/sentence-transformers/all-MiniLM-L6-v2/c9745ed1d9f207416be6d2e6f8de32d1f16199bf/1_Pooling%2Fconfig.json "HTTP/1.1 200 OK"
18:05:18  HTTP Request: GET https://huggingface.co/api/resolve-cache/models/sentence-transformers/all-MiniLM-L6-v2/c9745ed1d9f207416be6d2e6f8de32d1f16199bf/1_Pooling%2Fconfig.json "HTTP/1.1 200 OK"
18:05:18  HTTP Request: GET https://huggingface.co/api/models/sentence-transformers/all-MiniLM-L6-v2 "HTTP/1.1 200 OK"
18:05:18    Fitting on 41,067 Scopus abstracts...
18:07:40  adding document #0 to Dictionary<0 unique tokens: []>
18:07:40  adding document #10000 to Dictionary<34442 unique tokens: ['according', 'advantage', 'appearing', 'arabia', 'argumentation']...>
18:07:40  adding document #20000 to Dictionary<46917 unique tokens: ['according', 'advantage', 'appearing', 'arabia', 'argumentation']...>
18:07:40  adding document #30000 to Dictionary<56344 unique tokens: ['according', 'advantage', 'appearing', 'arabia', 'argumentation']...>
18:07:41  adding document #40000 to Dictionary<65211 unique tokens: ['according', 'advantage', 'appearing', 'arabia', 'argumentation']...>
18:07:41  built Dictionary<66148 unique tokens: ['according', 'advantage', 'appearing', 'arabia', 'argumentation']...> from 41067 documents (total 4882872 corpus positions)
18:07:41  Dictionary lifecycle event {'msg': "built Dictionary<66148 unique tokens: ['according', 'advantage', 'appearing', 'arabia', 'argumentation']...> from 41067 documents (total 4882872 corpus positions)", 'datetime': '2026-03-29T18:07:41.331354', 'gensim': '4.4.0', 'python': '3.11.14 (main, Oct  9 2025, 16:16:55) [Clang 17.0.0 (clang-1700.6.3.2)]', 'platform': 'macOS-26.2-arm64-arm-64bit', 'event': 'created'}
18:07:42  using ParallelWordOccurrenceAccumulator<processes=9, batch_size=64> to estimate probabilities from sliding windows
18:08:26  1 batches submitted to accumulate stats from 64 documents (155 virtual)
18:08:26  2 batches submitted to accumulate stats from 128 documents (776 virtual)
18:08:26  3 batches submitted to accumulate stats from 192 documents (1759 virtual)
18:08:26  4 batches submitted to accumulate stats from 256 documents (2493 virtual)
18:08:26  5 batches submitted to accumulate stats from 320 documents (3120 virtual)
18:08:26  6 batches submitted to accumulate stats from 384 documents (3949 virtual)
18:08:26  7 batches submitted to accumulate stats from 448 documents (4286 virtual)
18:08:26  8 batches submitted to accumulate stats from 512 documents (4673 virtual)
18:08:26  9 batches submitted to accumulate stats from 576 documents (5429 virtual)
18:08:26  10 batches submitted to accumulate stats from 640 documents (6270 virtual)
18:08:26  11 batches submitted to accumulate stats from 704 documents (6955 virtual)
18:08:26  12 batches submitted to accumulate stats from 768 documents (8328 virtual)
18:08:26  13 batches submitted to accumulate stats from 832 documents (8374 virtual)
18:08:26  14 batches submitted to accumulate stats from 896 documents (9079 virtual)
18:08:26  15 batches submitted to accumulate stats from 960 documents (9917 virtual)
18:08:26  16 batches submitted to accumulate stats from 1024 documents (10247 virtual)
18:08:26  17 batches submitted to accumulate stats from 1088 documents (10504 virtual)
18:08:26  18 batches submitted to accumulate stats from 1152 documents (11222 virtual)
18:08:26  19 batches submitted to accumulate stats from 1216 documents (11593 virtual)
18:08:26  20 batches submitted to accumulate stats from 1280 documents (12682 virtual)
18:08:26  21 batches submitted to accumulate stats from 1344 documents (13255 virtual)
18:08:26  22 batches submitted to accumulate stats from 1408 documents (13574 virtual)
18:08:26  23 batches submitted to accumulate stats from 1472 documents (13694 virtual)
18:08:26  25 batches submitted to accumulate stats from 1600 documents (13684 virtual)
18:08:26  26 batches submitted to accumulate stats from 1664 documents (14140 virtual)
18:08:26  28 batches submitted to accumulate stats from 1792 documents (13946 virtual)
18:08:26  30 batches submitted to accumulate stats from 1920 documents (14856 virtual)
18:08:26  31 batches submitted to accumulate stats from 1984 documents (15110 virtual)
18:08:26  32 batches submitted to accumulate stats from 2048 documents (15249 virtual)
18:08:26  33 batches submitted to accumulate stats from 2112 documents (15873 virtual)
18:08:26  34 batches submitted to accumulate stats from 2176 documents (16218 virtual)
18:08:26  35 batches submitted to accumulate stats from 2240 documents (17039 virtual)
18:08:26  36 batches submitted to accumulate stats from 2304 documents (17680 virtual)
18:08:26  44 batches submitted to accumulate stats from 2816 documents (14502 virtual)
18:08:26  45 batches submitted to accumulate stats from 2880 documents (14697 virtual)
18:08:26  49 batches submitted to accumulate stats from 3136 documents (13981 virtual)
18:08:26  50 batches submitted to accumulate stats from 3200 documents (14549 virtual)
18:08:26  51 batches submitted to accumulate stats from 3264 documents (14633 virtual)
18:08:26  52 batches submitted to accumulate stats from 3328 documents (14704 virtual)
18:08:26  53 batches submitted to accumulate stats from 3392 documents (15109 virtual)
18:08:26  54 batches submitted to accumulate stats from 3456 documents (15264 virtual)
18:08:26  55 batches submitted to accumulate stats from 3520 documents (15712 virtual)
18:08:26  56 batches submitted to accumulate stats from 3584 documents (16520 virtual)
18:08:26  57 batches submitted to accumulate stats from 3648 documents (16963 virtual)
18:08:26  58 batches submitted to accumulate stats from 3712 documents (17668 virtual)
18:08:26  59 batches submitted to accumulate stats from 3776 documents (18005 virtual)
18:08:26  60 batches submitted to accumulate stats from 3840 documents (18331 virtual)
18:08:26  61 batches submitted to accumulate stats from 3904 documents (18680 virtual)
18:08:26  63 batches submitted to accumulate stats from 4032 documents (18832 virtual)
18:08:26  64 batches submitted to accumulate stats from 4096 documents (19350 virtual)
18:08:26  65 batches submitted to accumulate stats from 4160 documents (19645 virtual)
18:08:26  66 batches submitted to accumulate stats from 4224 documents (20590 virtual)
18:08:26  69 batches submitted to accumulate stats from 4416 documents (21246 virtual)
18:08:26  70 batches submitted to accumulate stats from 4480 documents (21747 virtual)
18:08:26  71 batches submitted to accumulate stats from 4544 documents (22027 virtual)
18:08:26  78 batches submitted to accumulate stats from 4992 documents (18311 virtual)
18:08:26  79 batches submitted to accumulate stats from 5056 documents (19080 virtual)
18:08:26  80 batches submitted to accumulate stats from 5120 documents (19275 virtual)
18:08:26  81 batches submitted to accumulate stats from 5184 documents (19457 virtual)
18:08:26  82 batches submitted to accumulate stats from 5248 documents (19593 virtual)
18:08:26  83 batches submitted to accumulate stats from 5312 documents (19808 virtual)
18:08:26  85 batches submitted to accumulate stats from 5440 documents (20057 virtual)
18:08:26  87 batches submitted to accumulate stats from 5568 documents (19921 virtual)
18:08:26  89 batches submitted to accumulate stats from 5696 documents (19999 virtual)
18:08:26  91 batches submitted to accumulate stats from 5824 documents (19955 virtual)
18:08:26  92 batches submitted to accumulate stats from 5888 documents (20515 virtual)
18:08:26  94 batches submitted to accumulate stats from 6016 documents (20663 virtual)
18:08:26  95 batches submitted to accumulate stats from 6080 documents (20770 virtual)
18:08:26  96 batches submitted to accumulate stats from 6144 documents (20997 virtual)
18:08:26  99 batches submitted to accumulate stats from 6336 documents (20024 virtual)
18:08:26  101 batches submitted to accumulate stats from 6464 documents (19433 virtual)
18:08:26  102 batches submitted to accumulate stats from 6528 documents (19940 virtual)
18:08:26  104 batches submitted to accumulate stats from 6656 documents (20080 virtual)
18:08:27  114 batches submitted to accumulate stats from 7296 documents (17820 virtual)
18:08:27  115 batches submitted to accumulate stats from 7360 documents (17880 virtual)
18:08:27  117 batches submitted to accumulate stats from 7488 documents (17639 virtual)
18:08:27  119 batches submitted to accumulate stats from 7616 documents (17887 virtual)
18:08:27  120 batches submitted to accumulate stats from 7680 documents (19171 virtual)
18:08:27  121 batches submitted to accumulate stats from 7744 documents (20462 virtual)
18:08:27  122 batches submitted to accumulate stats from 7808 documents (21918 virtual)
18:08:27  123 batches submitted to accumulate stats from 7872 documents (23857 virtual)
18:08:27  124 batches submitted to accumulate stats from 7936 documents (25881 virtual)
18:08:27  125 batches submitted to accumulate stats from 8000 documents (27358 virtual)
18:08:27  126 batches submitted to accumulate stats from 8064 documents (28726 virtual)
18:08:27  127 batches submitted to accumulate stats from 8128 documents (29911 virtual)
18:08:27  128 batches submitted to accumulate stats from 8192 documents (30119 virtual)
18:08:27  129 batches submitted to accumulate stats from 8256 documents (31758 virtual)
18:08:27  130 batches submitted to accumulate stats from 8320 documents (33977 virtual)
18:08:27  131 batches submitted to accumulate stats from 8384 documents (35267 virtual)
18:08:27  132 batches submitted to accumulate stats from 8448 documents (36891 virtual)
18:08:27  133 batches submitted to accumulate stats from 8512 documents (38492 virtual)
18:08:27  134 batches submitted to accumulate stats from 8576 documents (39213 virtual)
18:08:27  135 batches submitted to accumulate stats from 8640 documents (41012 virtual)
18:08:27  136 batches submitted to accumulate stats from 8704 documents (42338 virtual)
18:08:27  137 batches submitted to accumulate stats from 8768 documents (43947 virtual)
18:08:27  138 batches submitted to accumulate stats from 8832 documents (46062 virtual)
18:08:27  139 batches submitted to accumulate stats from 8896 documents (48217 virtual)
18:08:27  140 batches submitted to accumulate stats from 8960 documents (49797 virtual)
18:08:27  141 batches submitted to accumulate stats from 9024 documents (51919 virtual)
18:08:27  142 batches submitted to accumulate stats from 9088 documents (53928 virtual)
18:08:27  143 batches submitted to accumulate stats from 9152 documents (55364 virtual)
18:08:27  144 batches submitted to accumulate stats from 9216 documents (57161 virtual)
18:08:27  145 batches submitted to accumulate stats from 9280 documents (59135 virtual)
18:08:27  146 batches submitted to accumulate stats from 9344 documents (61008 virtual)
18:08:27  147 batches submitted to accumulate stats from 9408 documents (62151 virtual)
18:08:27  148 batches submitted to accumulate stats from 9472 documents (63433 virtual)
18:08:27  149 batches submitted to accumulate stats from 9536 documents (64825 virtual)
18:08:27  150 batches submitted to accumulate stats from 9600 documents (66627 virtual)
18:08:27  151 batches submitted to accumulate stats from 9664 documents (67862 virtual)
18:08:27  152 batches submitted to accumulate stats from 9728 documents (69514 virtual)
18:08:27  153 batches submitted to accumulate stats from 9792 documents (71449 virtual)
18:08:27  154 batches submitted to accumulate stats from 9856 documents (73566 virtual)
18:08:27  155 batches submitted to accumulate stats from 9920 documents (75717 virtual)
18:08:27  156 batches submitted to accumulate stats from 9984 documents (77466 virtual)
18:08:27  157 batches submitted to accumulate stats from 10048 documents (79507 virtual)
18:08:27  158 batches submitted to accumulate stats from 10112 documents (81531 virtual)
18:08:27  159 batches submitted to accumulate stats from 10176 documents (83129 virtual)
18:08:27  160 batches submitted to accumulate stats from 10240 documents (84945 virtual)
18:08:27  161 batches submitted to accumulate stats from 10304 documents (86961 virtual)
18:08:27  162 batches submitted to accumulate stats from 10368 documents (88684 virtual)
18:08:27  163 batches submitted to accumulate stats from 10432 documents (90348 virtual)
18:08:27  164 batches submitted to accumulate stats from 10496 documents (92390 virtual)
18:08:27  165 batches submitted to accumulate stats from 10560 documents (94905 virtual)
18:08:27  166 batches submitted to accumulate stats from 10624 documents (96830 virtual)
18:08:27  167 batches submitted to accumulate stats from 10688 documents (98524 virtual)
18:08:27  168 batches submitted to accumulate stats from 10752 documents (99871 virtual)
18:08:27  169 batches submitted to accumulate stats from 10816 documents (101508 virtual)
18:08:27  170 batches submitted to accumulate stats from 10880 documents (102961 virtual)
18:08:27  171 batches submitted to accumulate stats from 10944 documents (104239 virtual)
18:08:27  172 batches submitted to accumulate stats from 11008 documents (106007 virtual)
18:08:27  173 batches submitted to accumulate stats from 11072 documents (108383 virtual)
18:08:27  174 batches submitted to accumulate stats from 11136 documents (109382 virtual)
18:08:27  175 batches submitted to accumulate stats from 11200 documents (110636 virtual)
18:08:27  176 batches submitted to accumulate stats from 11264 documents (110779 virtual)
18:08:27  177 batches submitted to accumulate stats from 11328 documents (111654 virtual)
18:08:27  178 batches submitted to accumulate stats from 11392 documents (112798 virtual)
18:08:27  179 batches submitted to accumulate stats from 11456 documents (113392 virtual)
18:08:27  180 batches submitted to accumulate stats from 11520 documents (114923 virtual)
18:08:27  181 batches submitted to accumulate stats from 11584 documents (117003 virtual)
18:08:27  182 batches submitted to accumulate stats from 11648 documents (117732 virtual)
18:08:27  183 batches submitted to accumulate stats from 11712 documents (119484 virtual)
18:08:27  184 batches submitted to accumulate stats from 11776 documents (120583 virtual)
18:08:27  185 batches submitted to accumulate stats from 11840 documents (121595 virtual)
18:08:27  186 batches submitted to accumulate stats from 11904 documents (122257 virtual)
18:08:27  187 batches submitted to accumulate stats from 11968 documents (123065 virtual)
18:08:27  188 batches submitted to accumulate stats from 12032 documents (124080 virtual)
18:08:27  189 batches submitted to accumulate stats from 12096 documents (125621 virtual)
18:08:27  190 batches submitted to accumulate stats from 12160 documents (125927 virtual)
18:08:27  191 batches submitted to accumulate stats from 12224 documents (126310 virtual)
18:08:27  192 batches submitted to accumulate stats from 12288 documents (127395 virtual)
18:08:27  193 batches submitted to accumulate stats from 12352 documents (128754 virtual)
18:08:27  194 batches submitted to accumulate stats from 12416 documents (130470 virtual)
18:08:27  195 batches submitted to accumulate stats from 12480 documents (132211 virtual)
18:08:27  196 batches submitted to accumulate stats from 12544 documents (133256 virtual)
18:08:27  197 batches submitted to accumulate stats from 12608 documents (134215 virtual)
18:08:27  198 batches submitted to accumulate stats from 12672 documents (135011 virtual)
18:08:27  199 batches submitted to accumulate stats from 12736 documents (135371 virtual)
18:08:27  200 batches submitted to accumulate stats from 12800 documents (136235 virtual)
18:08:27  201 batches submitted to accumulate stats from 12864 documents (137090 virtual)
18:08:27  202 batches submitted to accumulate stats from 12928 documents (138054 virtual)
18:08:27  203 batches submitted to accumulate stats from 12992 documents (139079 virtual)
18:08:27  204 batches submitted to accumulate stats from 13056 documents (141200 virtual)
18:08:27  205 batches submitted to accumulate stats from 13120 documents (142240 virtual)
18:08:27  206 batches submitted to accumulate stats from 13184 documents (143688 virtual)
18:08:27  207 batches submitted to accumulate stats from 13248 documents (144883 virtual)
18:08:27  208 batches submitted to accumulate stats from 13312 documents (145674 virtual)
18:08:27  209 batches submitted to accumulate stats from 13376 documents (146981 virtual)
18:08:27  210 batches submitted to accumulate stats from 13440 documents (147627 virtual)
18:08:27  211 batches submitted to accumulate stats from 13504 documents (148038 virtual)
18:08:27  212 batches submitted to accumulate stats from 13568 documents (149025 virtual)
18:08:27  213 batches submitted to accumulate stats from 13632 documents (150189 virtual)
18:08:27  214 batches submitted to accumulate stats from 13696 documents (151439 virtual)
18:08:27  215 batches submitted to accumulate stats from 13760 documents (152520 virtual)
18:08:27  216 batches submitted to accumulate stats from 13824 documents (153315 virtual)
18:08:27  217 batches submitted to accumulate stats from 13888 documents (154364 virtual)
18:08:27  218 batches submitted to accumulate stats from 13952 documents (155262 virtual)
18:08:27  219 batches submitted to accumulate stats from 14016 documents (156054 virtual)
18:08:27  220 batches submitted to accumulate stats from 14080 documents (156986 virtual)
18:08:27  221 batches submitted to accumulate stats from 14144 documents (157645 virtual)
18:08:27  222 batches submitted to accumulate stats from 14208 documents (158752 virtual)
18:08:27  223 batches submitted to accumulate stats from 14272 documents (159961 virtual)
18:08:27  224 batches submitted to accumulate stats from 14336 documents (160583 virtual)
18:08:27  225 batches submitted to accumulate stats from 14400 documents (162031 virtual)
18:08:27  226 batches submitted to accumulate stats from 14464 documents (163081 virtual)
18:08:27  227 batches submitted to accumulate stats from 14528 documents (163987 virtual)
18:08:27  228 batches submitted to accumulate stats from 14592 documents (164599 virtual)
18:08:27  229 batches submitted to accumulate stats from 14656 documents (166003 virtual)
18:08:27  230 batches submitted to accumulate stats from 14720 documents (167082 virtual)
18:08:27  231 batches submitted to accumulate stats from 14784 documents (167926 virtual)
18:08:27  232 batches submitted to accumulate stats from 14848 documents (168389 virtual)
18:08:27  233 batches submitted to accumulate stats from 14912 documents (169479 virtual)
18:08:27  234 batches submitted to accumulate stats from 14976 documents (171362 virtual)
18:08:27  235 batches submitted to accumulate stats from 15040 documents (172311 virtual)
18:08:27  236 batches submitted to accumulate stats from 15104 documents (173019 virtual)
18:08:27  237 batches submitted to accumulate stats from 15168 documents (174461 virtual)
18:08:27  238 batches submitted to accumulate stats from 15232 documents (174914 virtual)
18:08:27  239 batches submitted to accumulate stats from 15296 documents (176192 virtual)
18:08:27  240 batches submitted to accumulate stats from 15360 documents (176409 virtual)
18:08:27  241 batches submitted to accumulate stats from 15424 documents (177525 virtual)
18:08:27  242 batches submitted to accumulate stats from 15488 documents (179115 virtual)
18:08:27  243 batches submitted to accumulate stats from 15552 documents (180241 virtual)
18:08:27  244 batches submitted to accumulate stats from 15616 documents (180917 virtual)
18:08:27  245 batches submitted to accumulate stats from 15680 documents (182402 virtual)
18:08:27  246 batches submitted to accumulate stats from 15744 documents (183920 virtual)
18:08:27  247 batches submitted to accumulate stats from 15808 documents (184895 virtual)
18:08:27  248 batches submitted to accumulate stats from 15872 documents (185153 virtual)
18:08:27  249 batches submitted to accumulate stats from 15936 documents (185885 virtual)
18:08:27  250 batches submitted to accumulate stats from 16000 documents (185993 virtual)
18:08:27  251 batches submitted to accumulate stats from 16064 documents (186120 virtual)
18:08:27  252 batches submitted to accumulate stats from 16128 documents (186443 virtual)
18:08:27  253 batches submitted to accumulate stats from 16192 documents (187178 virtual)
18:08:27  254 batches submitted to accumulate stats from 16256 documents (188771 virtual)
18:08:27  255 batches submitted to accumulate stats from 16320 documents (189922 virtual)
18:08:27  256 batches submitted to accumulate stats from 16384 documents (191219 virtual)
18:08:27  257 batches submitted to accumulate stats from 16448 documents (193144 virtual)
18:08:27  258 batches submitted to accumulate stats from 16512 documents (194602 virtual)
18:08:27  259 batches submitted to accumulate stats from 16576 documents (195604 virtual)
18:08:27  260 batches submitted to accumulate stats from 16640 documents (195802 virtual)
18:08:27  262 batches submitted to accumulate stats from 16768 documents (196972 virtual)
18:08:27  263 batches submitted to accumulate stats from 16832 documents (198565 virtual)
18:08:27  264 batches submitted to accumulate stats from 16896 documents (199870 virtual)
18:08:27  266 batches submitted to accumulate stats from 17024 documents (200837 virtual)
18:08:27  267 batches submitted to accumulate stats from 17088 documents (201136 virtual)
18:08:27  268 batches submitted to accumulate stats from 17152 documents (201435 virtual)
18:08:27  270 batches submitted to accumulate stats from 17280 documents (201942 virtual)
18:08:27  271 batches submitted to accumulate stats from 17344 documents (202399 virtual)
18:08:27  272 batches submitted to accumulate stats from 17408 documents (203379 virtual)
18:08:27  273 batches submitted to accumulate stats from 17472 documents (204229 virtual)
18:08:27  274 batches submitted to accumulate stats from 17536 documents (204471 virtual)
18:08:27  275 batches submitted to accumulate stats from 17600 documents (205039 virtual)
18:08:27  276 batches submitted to accumulate stats from 17664 documents (205112 virtual)
18:08:27  277 batches submitted to accumulate stats from 17728 documents (205552 virtual)
18:08:27  280 batches submitted to accumulate stats from 17920 documents (206081 virtual)
18:08:27  281 batches submitted to accumulate stats from 17984 documents (207517 virtual)
18:08:27  282 batches submitted to accumulate stats from 18048 documents (208618 virtual)
18:08:27  283 batches submitted to accumulate stats from 18112 documents (209835 virtual)
18:08:27  284 batches submitted to accumulate stats from 18176 documents (211265 virtual)
18:08:27  285 batches submitted to accumulate stats from 18240 documents (211709 virtual)
18:08:27  286 batches submitted to accumulate stats from 18304 documents (212626 virtual)
18:08:27  287 batches submitted to accumulate stats from 18368 documents (213228 virtual)
18:08:27  288 batches submitted to accumulate stats from 18432 documents (214908 virtual)
18:08:27  289 batches submitted to accumulate stats from 18496 documents (215882 virtual)
18:08:27  290 batches submitted to accumulate stats from 18560 documents (216188 virtual)
18:08:27  291 batches submitted to accumulate stats from 18624 documents (217290 virtual)
18:08:27  292 batches submitted to accumulate stats from 18688 documents (217991 virtual)
18:08:27  293 batches submitted to accumulate stats from 18752 documents (218861 virtual)
18:08:27  295 batches submitted to accumulate stats from 18880 documents (219497 virtual)
18:08:27  296 batches submitted to accumulate stats from 18944 documents (219518 virtual)
18:08:27  298 batches submitted to accumulate stats from 19072 documents (220095 virtual)
18:08:27  299 batches submitted to accumulate stats from 19136 documents (220619 virtual)
18:08:28  300 batches submitted to accumulate stats from 19200 documents (220793 virtual)
18:08:28  301 batches submitted to accumulate stats from 19264 documents (221805 virtual)
18:08:28  302 batches submitted to accumulate stats from 19328 documents (222301 virtual)
18:08:28  303 batches submitted to accumulate stats from 19392 documents (223752 virtual)
18:08:28  305 batches submitted to accumulate stats from 19520 documents (224189 virtual)
18:08:28  306 batches submitted to accumulate stats from 19584 documents (225912 virtual)
18:08:28  307 batches submitted to accumulate stats from 19648 documents (226451 virtual)
18:08:28  308 batches submitted to accumulate stats from 19712 documents (226827 virtual)
18:08:28  309 batches submitted to accumulate stats from 19776 documents (227068 virtual)
18:08:28  310 batches submitted to accumulate stats from 19840 documents (227416 virtual)
18:08:28  311 batches submitted to accumulate stats from 19904 documents (227881 virtual)
18:08:28  312 batches submitted to accumulate stats from 19968 documents (228226 virtual)
18:08:28  313 batches submitted to accumulate stats from 20032 documents (228607 virtual)
18:08:28  314 batches submitted to accumulate stats from 20096 documents (229035 virtual)
18:08:28  315 batches submitted to accumulate stats from 20160 documents (229477 virtual)
18:08:28  317 batches submitted to accumulate stats from 20288 documents (229299 virtual)
18:08:28  318 batches submitted to accumulate stats from 20352 documents (229764 virtual)
18:08:28  319 batches submitted to accumulate stats from 20416 documents (230090 virtual)
18:08:28  320 batches submitted to accumulate stats from 20480 documents (230729 virtual)
18:08:28  321 batches submitted to accumulate stats from 20544 documents (231178 virtual)
18:08:28  322 batches submitted to accumulate stats from 20608 documents (231650 virtual)
18:08:28  325 batches submitted to accumulate stats from 20800 documents (231647 virtual)
18:08:28  326 batches submitted to accumulate stats from 20864 documents (232126 virtual)
18:08:28  328 batches submitted to accumulate stats from 20992 documents (232637 virtual)
18:08:28  329 batches submitted to accumulate stats from 21056 documents (232662 virtual)
18:08:28  330 batches submitted to accumulate stats from 21120 documents (232682 virtual)
18:08:28  331 batches submitted to accumulate stats from 21184 documents (233011 virtual)
18:08:28  332 batches submitted to accumulate stats from 21248 documents (234397 virtual)
18:08:28  333 batches submitted to accumulate stats from 21312 documents (235313 virtual)
18:08:28  334 batches submitted to accumulate stats from 21376 documents (236278 virtual)
18:08:28  335 batches submitted to accumulate stats from 21440 documents (237329 virtual)
18:08:28  336 batches submitted to accumulate stats from 21504 documents (238963 virtual)
18:08:28  337 batches submitted to accumulate stats from 21568 documents (240437 virtual)
18:08:28  338 batches submitted to accumulate stats from 21632 documents (241964 virtual)
18:08:28  339 batches submitted to accumulate stats from 21696 documents (243508 virtual)
18:08:28  340 batches submitted to accumulate stats from 21760 documents (244484 virtual)
18:08:28  341 batches submitted to accumulate stats from 21824 documents (245586 virtual)
18:08:28  342 batches submitted to accumulate stats from 21888 documents (245933 virtual)
18:08:28  343 batches submitted to accumulate stats from 21952 documents (247299 virtual)
18:08:28  344 batches submitted to accumulate stats from 22016 documents (248636 virtual)
18:08:28  345 batches submitted to accumulate stats from 22080 documents (249890 virtual)
18:08:28  346 batches submitted to accumulate stats from 22144 documents (250923 virtual)
18:08:28  347 batches submitted to accumulate stats from 22208 documents (251927 virtual)
18:08:28  348 batches submitted to accumulate stats from 22272 documents (252993 virtual)
18:08:28  349 batches submitted to accumulate stats from 22336 documents (254541 virtual)
18:08:28  350 batches submitted to accumulate stats from 22400 documents (256686 virtual)
18:08:28  351 batches submitted to accumulate stats from 22464 documents (258061 virtual)
18:08:28  352 batches submitted to accumulate stats from 22528 documents (259435 virtual)
18:08:28  353 batches submitted to accumulate stats from 22592 documents (260552 virtual)
18:08:28  354 batches submitted to accumulate stats from 22656 documents (262610 virtual)
18:08:28  355 batches submitted to accumulate stats from 22720 documents (263745 virtual)
18:08:28  356 batches submitted to accumulate stats from 22784 documents (265022 virtual)
18:08:28  357 batches submitted to accumulate stats from 22848 documents (266435 virtual)
18:08:28  358 batches submitted to accumulate stats from 22912 documents (267685 virtual)
18:08:28  359 batches submitted to accumulate stats from 22976 documents (268423 virtual)
18:08:28  360 batches submitted to accumulate stats from 23040 documents (269486 virtual)
18:08:28  361 batches submitted to accumulate stats from 23104 documents (271430 virtual)
18:08:28  362 batches submitted to accumulate stats from 23168 documents (272328 virtual)
18:08:28  363 batches submitted to accumulate stats from 23232 documents (273691 virtual)
18:08:28  364 batches submitted to accumulate stats from 23296 documents (274943 virtual)
18:08:28  365 batches submitted to accumulate stats from 23360 documents (275128 virtual)
18:08:28  366 batches submitted to accumulate stats from 23424 documents (276443 virtual)
18:08:28  367 batches submitted to accumulate stats from 23488 documents (277300 virtual)
18:08:28  368 batches submitted to accumulate stats from 23552 documents (277599 virtual)
18:08:28  369 batches submitted to accumulate stats from 23616 documents (279033 virtual)
18:08:28  370 batches submitted to accumulate stats from 23680 documents (280125 virtual)
18:08:28  371 batches submitted to accumulate stats from 23744 documents (281427 virtual)
18:08:28  372 batches submitted to accumulate stats from 23808 documents (282902 virtual)
18:08:28  373 batches submitted to accumulate stats from 23872 documents (283507 virtual)
18:08:28  374 batches submitted to accumulate stats from 23936 documents (283771 virtual)
18:08:28  375 batches submitted to accumulate stats from 24000 documents (285566 virtual)
18:08:28  376 batches submitted to accumulate stats from 24064 documents (287508 virtual)
18:08:28  377 batches submitted to accumulate stats from 24128 documents (288298 virtual)
18:08:28  378 batches submitted to accumulate stats from 24192 documents (288806 virtual)
18:08:28  379 batches submitted to accumulate stats from 24256 documents (290190 virtual)
18:08:28  380 batches submitted to accumulate stats from 24320 documents (290760 virtual)
18:08:28  381 batches submitted to accumulate stats from 24384 documents (291162 virtual)
18:08:28  382 batches submitted to accumulate stats from 24448 documents (291729 virtual)
18:08:28  383 batches submitted to accumulate stats from 24512 documents (292194 virtual)
18:08:28  384 batches submitted to accumulate stats from 24576 documents (293099 virtual)
18:08:28  385 batches submitted to accumulate stats from 24640 documents (293948 virtual)
18:08:28  386 batches submitted to accumulate stats from 24704 documents (295090 virtual)
18:08:28  387 batches submitted to accumulate stats from 24768 documents (296840 virtual)
18:08:28  388 batches submitted to accumulate stats from 24832 documents (297330 virtual)
18:08:28  389 batches submitted to accumulate stats from 24896 documents (297790 virtual)
18:08:28  390 batches submitted to accumulate stats from 24960 documents (298494 virtual)
18:08:28  391 batches submitted to accumulate stats from 25024 documents (299618 virtual)
18:08:28  392 batches submitted to accumulate stats from 25088 documents (300063 virtual)
18:08:28  393 batches submitted to accumulate stats from 25152 documents (301432 virtual)
18:08:28  394 batches submitted to accumulate stats from 25216 documents (302246 virtual)
18:08:28  395 batches submitted to accumulate stats from 25280 documents (302503 virtual)
18:08:28  396 batches submitted to accumulate stats from 25344 documents (303055 virtual)
18:08:28  397 batches submitted to accumulate stats from 25408 documents (304411 virtual)
18:08:28  398 batches submitted to accumulate stats from 25472 documents (305347 virtual)
18:08:28  399 batches submitted to accumulate stats from 25536 documents (305616 virtual)
18:08:28  400 batches submitted to accumulate stats from 25600 documents (306702 virtual)
18:08:28  401 batches submitted to accumulate stats from 25664 documents (307110 virtual)
18:08:28  402 batches submitted to accumulate stats from 25728 documents (307910 virtual)
18:08:28  403 batches submitted to accumulate stats from 25792 documents (308604 virtual)
18:08:28  404 batches submitted to accumulate stats from 25856 documents (308702 virtual)
18:08:28  405 batches submitted to accumulate stats from 25920 documents (309326 virtual)
18:08:28  406 batches submitted to accumulate stats from 25984 documents (310839 virtual)
18:08:28  407 batches submitted to accumulate stats from 26048 documents (311764 virtual)
18:08:28  408 batches submitted to accumulate stats from 26112 documents (312649 virtual)
18:08:28  409 batches submitted to accumulate stats from 26176 documents (313279 virtual)
18:08:28  410 batches submitted to accumulate stats from 26240 documents (313688 virtual)
18:08:28  411 batches submitted to accumulate stats from 26304 documents (314356 virtual)
18:08:28  412 batches submitted to accumulate stats from 26368 documents (315581 virtual)
18:08:28  413 batches submitted to accumulate stats from 26432 documents (316291 virtual)
18:08:28  414 batches submitted to accumulate stats from 26496 documents (317448 virtual)
18:08:28  415 batches submitted to accumulate stats from 26560 documents (318418 virtual)
18:08:28  416 batches submitted to accumulate stats from 26624 documents (319082 virtual)
18:08:28  417 batches submitted to accumulate stats from 26688 documents (319442 virtual)
18:08:28  418 batches submitted to accumulate stats from 26752 documents (320258 virtual)
18:08:28  419 batches submitted to accumulate stats from 26816 documents (321195 virtual)
18:08:28  420 batches submitted to accumulate stats from 26880 documents (322692 virtual)
18:08:28  421 batches submitted to accumulate stats from 26944 documents (323529 virtual)
18:08:28  422 batches submitted to accumulate stats from 27008 documents (323588 virtual)
18:08:28  423 batches submitted to accumulate stats from 27072 documents (324363 virtual)
18:08:28  424 batches submitted to accumulate stats from 27136 documents (324745 virtual)
18:08:28  425 batches submitted to accumulate stats from 27200 documents (325134 virtual)
18:08:28  426 batches submitted to accumulate stats from 27264 documents (326512 virtual)
18:08:28  427 batches submitted to accumulate stats from 27328 documents (327479 virtual)
18:08:28  428 batches submitted to accumulate stats from 27392 documents (328133 virtual)
18:08:28  430 batches submitted to accumulate stats from 27520 documents (328985 virtual)
18:08:28  431 batches submitted to accumulate stats from 27584 documents (330233 virtual)
18:08:28  432 batches submitted to accumulate stats from 27648 documents (330698 virtual)
18:08:28  433 batches submitted to accumulate stats from 27712 documents (330885 virtual)
18:08:28  434 batches submitted to accumulate stats from 27776 documents (331068 virtual)
18:08:28  439 batches submitted to accumulate stats from 28096 documents (330838 virtual)
18:08:28  440 batches submitted to accumulate stats from 28160 documents (331444 virtual)
18:08:28  443 batches submitted to accumulate stats from 28352 documents (331422 virtual)
18:08:28  445 batches submitted to accumulate stats from 28480 documents (331965 virtual)
18:08:28  446 batches submitted to accumulate stats from 28544 documents (332638 virtual)
18:08:28  447 batches submitted to accumulate stats from 28608 documents (332908 virtual)
18:08:28  449 batches submitted to accumulate stats from 28736 documents (333069 virtual)
18:08:28  450 batches submitted to accumulate stats from 28800 documents (333705 virtual)
18:08:28  452 batches submitted to accumulate stats from 28928 documents (333925 virtual)
18:08:28  453 batches submitted to accumulate stats from 28992 documents (334888 virtual)
18:08:28  454 batches submitted to accumulate stats from 29056 documents (335087 virtual)
18:08:28  456 batches submitted to accumulate stats from 29184 documents (335123 virtual)
18:08:28  459 batches submitted to accumulate stats from 29376 documents (334732 virtual)
18:08:28  460 batches submitted to accumulate stats from 29440 documents (335431 virtual)
18:08:28  461 batches submitted to accumulate stats from 29504 documents (336173 virtual)
18:08:28  462 batches submitted to accumulate stats from 29568 documents (336881 virtual)
18:08:28  463 batches submitted to accumulate stats from 29632 documents (336997 virtual)
18:08:28  470 batches submitted to accumulate stats from 30080 documents (335531 virtual)
18:08:28  472 batches submitted to accumulate stats from 30208 documents (336001 virtual)
18:08:28  473 batches submitted to accumulate stats from 30272 documents (337337 virtual)
18:08:28  474 batches submitted to accumulate stats from 30336 documents (338593 virtual)
18:08:28  475 batches submitted to accumulate stats from 30400 documents (339505 virtual)
18:08:28  476 batches submitted to accumulate stats from 30464 documents (340645 virtual)
18:08:28  477 batches submitted to accumulate stats from 30528 documents (341955 virtual)
18:08:28  478 batches submitted to accumulate stats from 30592 documents (342701 virtual)
18:08:28  479 batches submitted to accumulate stats from 30656 documents (343314 virtual)
18:08:28  480 batches submitted to accumulate stats from 30720 documents (344568 virtual)
18:08:28  481 batches submitted to accumulate stats from 30784 documents (345159 virtual)
18:08:28  482 batches submitted to accumulate stats from 30848 documents (346216 virtual)
18:08:28  483 batches submitted to accumulate stats from 30912 documents (346942 virtual)
18:08:28  484 batches submitted to accumulate stats from 30976 documents (348165 virtual)
18:08:28  485 batches submitted to accumulate stats from 31040 documents (349171 virtual)
18:08:28  486 batches submitted to accumulate stats from 31104 documents (349917 virtual)
18:08:28  487 batches submitted to accumulate stats from 31168 documents (350870 virtual)
18:08:28  488 batches submitted to accumulate stats from 31232 documents (351319 virtual)
18:08:28  489 batches submitted to accumulate stats from 31296 documents (351770 virtual)
18:08:28  490 batches submitted to accumulate stats from 31360 documents (353158 virtual)
18:08:28  491 batches submitted to accumulate stats from 31424 documents (354743 virtual)
18:08:28  492 batches submitted to accumulate stats from 31488 documents (356122 virtual)
18:08:28  493 batches submitted to accumulate stats from 31552 documents (356347 virtual)
18:08:28  494 batches submitted to accumulate stats from 31616 documents (356548 virtual)
18:08:28  495 batches submitted to accumulate stats from 31680 documents (357637 virtual)
18:08:28  496 batches submitted to accumulate stats from 31744 documents (359470 virtual)
18:08:28  497 batches submitted to accumulate stats from 31808 documents (360626 virtual)
18:08:28  498 batches submitted to accumulate stats from 31872 documents (361183 virtual)
18:08:28  499 batches submitted to accumulate stats from 31936 documents (361626 virtual)
18:08:28  500 batches submitted to accumulate stats from 32000 documents (361872 virtual)
18:08:28  501 batches submitted to accumulate stats from 32064 documents (362859 virtual)
18:08:28  502 batches submitted to accumulate stats from 32128 documents (364344 virtual)
18:08:28  503 batches submitted to accumulate stats from 32192 documents (364860 virtual)
18:08:28  504 batches submitted to accumulate stats from 32256 documents (365205 virtual)
18:08:28  505 batches submitted to accumulate stats from 32320 documents (365586 virtual)
18:08:28  506 batches submitted to accumulate stats from 32384 documents (366802 virtual)
18:08:28  507 batches submitted to accumulate stats from 32448 documents (368259 virtual)
18:08:28  508 batches submitted to accumulate stats from 32512 documents (368969 virtual)
18:08:28  509 batches submitted to accumulate stats from 32576 documents (369029 virtual)
18:08:28  510 batches submitted to accumulate stats from 32640 documents (369450 virtual)
18:08:28  511 batches submitted to accumulate stats from 32704 documents (370933 virtual)
18:08:28  512 batches submitted to accumulate stats from 32768 documents (372113 virtual)
18:08:28  513 batches submitted to accumulate stats from 32832 documents (372591 virtual)
18:08:29  514 batches submitted to accumulate stats from 32896 documents (373160 virtual)
18:08:29  515 batches submitted to accumulate stats from 32960 documents (373451 virtual)
18:08:29  516 batches submitted to accumulate stats from 33024 documents (374491 virtual)
18:08:29  517 batches submitted to accumulate stats from 33088 documents (375150 virtual)
18:08:29  518 batches submitted to accumulate stats from 33152 documents (375745 virtual)
18:08:29  519 batches submitted to accumulate stats from 33216 documents (375840 virtual)
18:08:29  520 batches submitted to accumulate stats from 33280 documents (376345 virtual)
18:08:29  521 batches submitted to accumulate stats from 33344 documents (377699 virtual)
18:08:29  522 batches submitted to accumulate stats from 33408 documents (378614 virtual)
18:08:29  523 batches submitted to accumulate stats from 33472 documents (379033 virtual)
18:08:29  524 batches submitted to accumulate stats from 33536 documents (380167 virtual)
18:08:29  525 batches submitted to accumulate stats from 33600 documents (381208 virtual)
18:08:29  527 batches submitted to accumulate stats from 33728 documents (382076 virtual)
18:08:29  528 batches submitted to accumulate stats from 33792 documents (382611 virtual)
18:08:29  529 batches submitted to accumulate stats from 33856 documents (383626 virtual)
18:08:29  530 batches submitted to accumulate stats from 33920 documents (384335 virtual)
18:08:29  532 batches submitted to accumulate stats from 34048 documents (384328 virtual)
18:08:29  533 batches submitted to accumulate stats from 34112 documents (385147 virtual)
18:08:29  534 batches submitted to accumulate stats from 34176 documents (386601 virtual)
18:08:29  535 batches submitted to accumulate stats from 34240 documents (387336 virtual)
18:08:29  536 batches submitted to accumulate stats from 34304 documents (387936 virtual)
18:08:29  537 batches submitted to accumulate stats from 34368 documents (388837 virtual)
18:08:29  538 batches submitted to accumulate stats from 34432 documents (388933 virtual)
18:08:29  539 batches submitted to accumulate stats from 34496 documents (389233 virtual)
18:08:29  541 batches submitted to accumulate stats from 34624 documents (389444 virtual)
18:08:29  544 batches submitted to accumulate stats from 34816 documents (388792 virtual)
18:08:29  545 batches submitted to accumulate stats from 34880 documents (388823 virtual)
18:08:29  546 batches submitted to accumulate stats from 34944 documents (389047 virtual)
18:08:29  553 batches submitted to accumulate stats from 35392 documents (387757 virtual)
18:08:29  554 batches submitted to accumulate stats from 35456 documents (388459 virtual)
18:08:29  555 batches submitted to accumulate stats from 35520 documents (389205 virtual)
18:08:29  560 batches submitted to accumulate stats from 35840 documents (387600 virtual)
18:08:29  561 batches submitted to accumulate stats from 35904 documents (388794 virtual)
18:08:29  562 batches submitted to accumulate stats from 35968 documents (389629 virtual)
18:08:29  563 batches submitted to accumulate stats from 36032 documents (390829 virtual)
18:08:29  564 batches submitted to accumulate stats from 36096 documents (391331 virtual)
18:08:29  565 batches submitted to accumulate stats from 36160 documents (392050 virtual)
18:08:29  566 batches submitted to accumulate stats from 36224 documents (392542 virtual)
18:08:29  567 batches submitted to accumulate stats from 36288 documents (393211 virtual)
18:08:29  568 batches submitted to accumulate stats from 36352 documents (393449 virtual)
18:08:29  569 batches submitted to accumulate stats from 36416 documents (394626 virtual)
18:08:29  570 batches submitted to accumulate stats from 36480 documents (395648 virtual)
18:08:29  571 batches submitted to accumulate stats from 36544 documents (396454 virtual)
18:08:29  572 batches submitted to accumulate stats from 36608 documents (397079 virtual)
18:08:29  573 batches submitted to accumulate stats from 36672 documents (397431 virtual)
18:08:29  574 batches submitted to accumulate stats from 36736 documents (398318 virtual)
18:08:29  575 batches submitted to accumulate stats from 36800 documents (399803 virtual)
18:08:29  576 batches submitted to accumulate stats from 36864 documents (400379 virtual)
18:08:29  578 batches submitted to accumulate stats from 36992 documents (402058 virtual)
18:08:29  579 batches submitted to accumulate stats from 37056 documents (403322 virtual)
18:08:29  582 batches submitted to accumulate stats from 37248 documents (403437 virtual)
18:08:29  583 batches submitted to accumulate stats from 37312 documents (403893 virtual)
18:08:29  584 batches submitted to accumulate stats from 37376 documents (403934 virtual)
18:08:29  585 batches submitted to accumulate stats from 37440 documents (404073 virtual)
18:08:29  586 batches submitted to accumulate stats from 37504 documents (404640 virtual)
18:08:29  587 batches submitted to accumulate stats from 37568 documents (405495 virtual)
18:08:29  588 batches submitted to accumulate stats from 37632 documents (406369 virtual)
18:08:29  589 batches submitted to accumulate stats from 37696 documents (406673 virtual)
18:08:29  590 batches submitted to accumulate stats from 37760 documents (407564 virtual)
18:08:29  591 batches submitted to accumulate stats from 37824 documents (408447 virtual)
18:08:29  592 batches submitted to accumulate stats from 37888 documents (408712 virtual)
18:08:29  593 batches submitted to accumulate stats from 37952 documents (409498 virtual)
18:08:29  594 batches submitted to accumulate stats from 38016 documents (410610 virtual)
18:08:29  595 batches submitted to accumulate stats from 38080 documents (410961 virtual)
18:08:29  596 batches submitted to accumulate stats from 38144 documents (411260 virtual)
18:08:29  597 batches submitted to accumulate stats from 38208 documents (411480 virtual)
18:08:29  598 batches submitted to accumulate stats from 38272 documents (412476 virtual)
18:08:29  599 batches submitted to accumulate stats from 38336 documents (412630 virtual)
18:08:29  600 batches submitted to accumulate stats from 38400 documents (413059 virtual)
18:08:29  601 batches submitted to accumulate stats from 38464 documents (414801 virtual)
18:08:29  602 batches submitted to accumulate stats from 38528 documents (415375 virtual)
18:08:29  603 batches submitted to accumulate stats from 38592 documents (415653 virtual)
18:08:29  605 batches submitted to accumulate stats from 38720 documents (415772 virtual)
18:08:29  606 batches submitted to accumulate stats from 38784 documents (416124 virtual)
18:08:29  608 batches submitted to accumulate stats from 38912 documents (416863 virtual)
18:08:29  609 batches submitted to accumulate stats from 38976 documents (417214 virtual)
18:08:29  615 batches submitted to accumulate stats from 39360 documents (415734 virtual)
18:08:29  619 batches submitted to accumulate stats from 39616 documents (414885 virtual)
18:08:29  620 batches submitted to accumulate stats from 39680 documents (415102 virtual)
18:08:29  621 batches submitted to accumulate stats from 39744 documents (416262 virtual)
18:08:29  622 batches submitted to accumulate stats from 39808 documents (416400 virtual)
18:08:29  635 batches submitted to accumulate stats from 40640 documents (406111 virtual)
18:08:29  636 batches submitted to accumulate stats from 40704 documents (406224 virtual)
18:08:29  637 batches submitted to accumulate stats from 40768 documents (406892 virtual)
18:08:29  639 batches submitted to accumulate stats from 40896 documents (406947 virtual)
18:08:29  641 batches submitted to accumulate stats from 41024 documents (407057 virtual)
18:08:29  serializing accumulator to return to master...
18:08:29  accumulator serialized
18:08:29  serializing accumulator to return to master...
18:08:29  accumulator serialized
18:08:29  serializing accumulator to return to master...
18:08:29  accumulator serialized
18:08:29  serializing accumulator to return to master...
18:08:29  accumulator serialized
18:08:29  serializing accumulator to return to master...
18:08:29  accumulator serialized
18:08:29  serializing accumulator to return to master...
18:08:29  accumulator serialized
18:08:29  serializing accumulator to return to master...
18:08:29  accumulator serialized
18:08:29  serializing accumulator to return to master...
18:08:29  accumulator serialized
18:08:29  serializing accumulator to return to master...
18:08:29  accumulator serialized
18:08:30  9 accumulators retrieved from output queue
18:08:30  accumulated word occurrence stats for 852672 virtual documents
18:08:30    Transforming 1557 policy chunks...
18:08:41    ✅ M1_Base results:
18:08:41       Topics found:          131
18:08:41       Coherence (c_v):        0.7159
18:08:41       Diversity:              0.7466
18:08:41       Outlier rate (Scopus):  38.7%
18:08:41       Outlier rate (Policy):  88.6%
18:08:41  
18:08:41    Training M2_Quality: Higher quality English embeddings
18:08:41    Embedding: all-mpnet-base-v2
18:08:41  Use pytorch device_name: mps
18:08:41  Load pretrained SentenceTransformer: all-mpnet-base-v2
18:08:41  HTTP Request: HEAD https://huggingface.co/sentence-transformers/all-mpnet-base-v2/resolve/main/modules.json "HTTP/1.1 307 Temporary Redirect"
18:08:41  HTTP Request: HEAD https://huggingface.co/api/resolve-cache/models/sentence-transformers/all-mpnet-base-v2/e8c3b32edf5434bc2275fc9bab85f82640a19130/modules.json "HTTP/1.1 200 OK"
18:08:41  HTTP Request: GET https://huggingface.co/api/resolve-cache/models/sentence-transformers/all-mpnet-base-v2/e8c3b32edf5434bc2275fc9bab85f82640a19130/modules.json "HTTP/1.1 200 OK"
18:08:41  HTTP Request: HEAD https://huggingface.co/sentence-transformers/all-mpnet-base-v2/resolve/main/config_sentence_transformers.json "HTTP/1.1 307 Temporary Redirect"
18:08:41  HTTP Request: HEAD https://huggingface.co/api/resolve-cache/models/sentence-transformers/all-mpnet-base-v2/e8c3b32edf5434bc2275fc9bab85f82640a19130/config_sentence_transformers.json "HTTP/1.1 200 OK"
18:08:41  HTTP Request: GET https://huggingface.co/api/resolve-cache/models/sentence-transformers/all-mpnet-base-v2/e8c3b32edf5434bc2275fc9bab85f82640a19130/config_sentence_transformers.json "HTTP/1.1 200 OK"
18:08:41  HTTP Request: HEAD https://huggingface.co/sentence-transformers/all-mpnet-base-v2/resolve/main/config_sentence_transformers.json "HTTP/1.1 307 Temporary Redirect"
18:08:41  HTTP Request: HEAD https://huggingface.co/api/resolve-cache/models/sentence-transformers/all-mpnet-base-v2/e8c3b32edf5434bc2275fc9bab85f82640a19130/config_sentence_transformers.json "HTTP/1.1 200 OK"
18:08:41  HTTP Request: HEAD https://huggingface.co/sentence-transformers/all-mpnet-base-v2/resolve/main/README.md "HTTP/1.1 307 Temporary Redirect"
18:08:41  HTTP Request: HEAD https://huggingface.co/api/resolve-cache/models/sentence-transformers/all-mpnet-base-v2/e8c3b32edf5434bc2275fc9bab85f82640a19130/README.md "HTTP/1.1 200 OK"
18:08:41  HTTP Request: GET https://huggingface.co/api/resolve-cache/models/sentence-transformers/all-mpnet-base-v2/e8c3b32edf5434bc2275fc9bab85f82640a19130/README.md "HTTP/1.1 200 OK"
18:08:41  HTTP Request: HEAD https://huggingface.co/sentence-transformers/all-mpnet-base-v2/resolve/main/modules.json "HTTP/1.1 307 Temporary Redirect"
18:08:41  HTTP Request: HEAD https://huggingface.co/api/resolve-cache/models/sentence-transformers/all-mpnet-base-v2/e8c3b32edf5434bc2275fc9bab85f82640a19130/modules.json "HTTP/1.1 200 OK"
18:08:41  HTTP Request: HEAD https://huggingface.co/sentence-transformers/all-mpnet-base-v2/resolve/main/sentence_bert_config.json "HTTP/1.1 307 Temporary Redirect"
18:08:42  HTTP Request: HEAD https://huggingface.co/api/resolve-cache/models/sentence-transformers/all-mpnet-base-v2/e8c3b32edf5434bc2275fc9bab85f82640a19130/sentence_bert_config.json "HTTP/1.1 200 OK"
18:08:42  HTTP Request: GET https://huggingface.co/api/resolve-cache/models/sentence-transformers/all-mpnet-base-v2/e8c3b32edf5434bc2275fc9bab85f82640a19130/sentence_bert_config.json "HTTP/1.1 200 OK"
18:08:42  HTTP Request: HEAD https://huggingface.co/sentence-transformers/all-mpnet-base-v2/resolve/main/adapter_config.json "HTTP/1.1 404 Not Found"
18:08:42  HTTP Request: HEAD https://huggingface.co/sentence-transformers/all-mpnet-base-v2/resolve/main/config.json "HTTP/1.1 307 Temporary Redirect"
18:08:42  HTTP Request: HEAD https://huggingface.co/api/resolve-cache/models/sentence-transformers/all-mpnet-base-v2/e8c3b32edf5434bc2275fc9bab85f82640a19130/config.json "HTTP/1.1 200 OK"
18:08:42  HTTP Request: GET https://huggingface.co/api/resolve-cache/models/sentence-transformers/all-mpnet-base-v2/e8c3b32edf5434bc2275fc9bab85f82640a19130/config.json "HTTP/1.1 200 OK"
18:08:42  HTTP Request: HEAD https://huggingface.co/sentence-transformers/all-mpnet-base-v2/resolve/main/model.safetensors "HTTP/1.1 302 Found"
18:08:42  HTTP Request: GET https://huggingface.co/api/models/sentence-transformers/all-mpnet-base-v2/xet-read-token/e8c3b32edf5434bc2275fc9bab85f82640a19130 "HTTP/1.1 200 OK"
18:08:55  HTTP Request: HEAD https://huggingface.co/sentence-transformers/all-mpnet-base-v2/resolve/main/config.json "HTTP/1.1 307 Temporary Redirect"
18:08:55  HTTP Request: HEAD https://huggingface.co/api/resolve-cache/models/sentence-transformers/all-mpnet-base-v2/e8c3b32edf5434bc2275fc9bab85f82640a19130/config.json "HTTP/1.1 200 OK"
18:08:55  HTTP Request: HEAD https://huggingface.co/sentence-transformers/all-mpnet-base-v2/resolve/main/tokenizer_config.json "HTTP/1.1 307 Temporary Redirect"
18:08:55  HTTP Request: HEAD https://huggingface.co/api/resolve-cache/models/sentence-transformers/all-mpnet-base-v2/e8c3b32edf5434bc2275fc9bab85f82640a19130/tokenizer_config.json "HTTP/1.1 200 OK"
18:08:55  HTTP Request: GET https://huggingface.co/api/resolve-cache/models/sentence-transformers/all-mpnet-base-v2/e8c3b32edf5434bc2275fc9bab85f82640a19130/tokenizer_config.json "HTTP/1.1 200 OK"
18:08:55  HTTP Request: GET https://huggingface.co/api/models/sentence-transformers/all-mpnet-base-v2/tree/main/additional_chat_templates?recursive=false&expand=false "HTTP/1.1 404 Not Found"
18:08:55  HTTP Request: GET https://huggingface.co/api/models/sentence-transformers/all-mpnet-base-v2/tree/main?recursive=true&expand=false "HTTP/1.1 200 OK"
18:08:56  HTTP Request: HEAD https://huggingface.co/sentence-transformers/all-mpnet-base-v2/resolve/main/vocab.txt "HTTP/1.1 307 Temporary Redirect"
18:08:56  HTTP Request: HEAD https://huggingface.co/api/resolve-cache/models/sentence-transformers/all-mpnet-base-v2/e8c3b32edf5434bc2275fc9bab85f82640a19130/vocab.txt "HTTP/1.1 200 OK"
18:08:56  HTTP Request: GET https://huggingface.co/api/resolve-cache/models/sentence-transformers/all-mpnet-base-v2/e8c3b32edf5434bc2275fc9bab85f82640a19130/vocab.txt "HTTP/1.1 200 OK"
18:08:56  HTTP Request: HEAD https://huggingface.co/sentence-transformers/all-mpnet-base-v2/resolve/main/tokenizer.json "HTTP/1.1 307 Temporary Redirect"
18:08:56  HTTP Request: HEAD https://huggingface.co/api/resolve-cache/models/sentence-transformers/all-mpnet-base-v2/e8c3b32edf5434bc2275fc9bab85f82640a19130/tokenizer.json "HTTP/1.1 200 OK"
18:08:56  HTTP Request: GET https://huggingface.co/api/resolve-cache/models/sentence-transformers/all-mpnet-base-v2/e8c3b32edf5434bc2275fc9bab85f82640a19130/tokenizer.json "HTTP/1.1 200 OK"
18:08:56  HTTP Request: HEAD https://huggingface.co/sentence-transformers/all-mpnet-base-v2/resolve/main/added_tokens.json "HTTP/1.1 404 Not Found"
18:08:56  HTTP Request: HEAD https://huggingface.co/sentence-transformers/all-mpnet-base-v2/resolve/main/special_tokens_map.json "HTTP/1.1 307 Temporary Redirect"
18:08:56  HTTP Request: HEAD https://huggingface.co/api/resolve-cache/models/sentence-transformers/all-mpnet-base-v2/e8c3b32edf5434bc2275fc9bab85f82640a19130/special_tokens_map.json "HTTP/1.1 200 OK"
18:08:56  HTTP Request: GET https://huggingface.co/api/resolve-cache/models/sentence-transformers/all-mpnet-base-v2/e8c3b32edf5434bc2275fc9bab85f82640a19130/special_tokens_map.json "HTTP/1.1 200 OK"
18:08:56  HTTP Request: HEAD https://huggingface.co/sentence-transformers/all-mpnet-base-v2/resolve/main/chat_template.jinja "HTTP/1.1 404 Not Found"
18:08:56  HTTP Request: HEAD https://huggingface.co/sentence-transformers/all-mpnet-base-v2/resolve/main/1_Pooling/config.json "HTTP/1.1 307 Temporary Redirect"
18:08:57  HTTP Request: HEAD https://huggingface.co/api/resolve-cache/models/sentence-transformers/all-mpnet-base-v2/e8c3b32edf5434bc2275fc9bab85f82640a19130/1_Pooling%2Fconfig.json "HTTP/1.1 200 OK"
18:08:57  HTTP Request: GET https://huggingface.co/api/resolve-cache/models/sentence-transformers/all-mpnet-base-v2/e8c3b32edf5434bc2275fc9bab85f82640a19130/1_Pooling%2Fconfig.json "HTTP/1.1 200 OK"
18:08:57  HTTP Request: GET https://huggingface.co/api/models/sentence-transformers/all-mpnet-base-v2 "HTTP/1.1 200 OK"
18:08:57    Fitting on 41,067 Scopus abstracts...
18:18:31  adding document #0 to Dictionary<0 unique tokens: []>
18:18:32  adding document #10000 to Dictionary<34442 unique tokens: ['according', 'advantage', 'appearing', 'arabia', 'argumentation']...>
18:18:32  adding document #20000 to Dictionary<46917 unique tokens: ['according', 'advantage', 'appearing', 'arabia', 'argumentation']...>
18:18:32  adding document #30000 to Dictionary<56344 unique tokens: ['according', 'advantage', 'appearing', 'arabia', 'argumentation']...>
18:18:33  adding document #40000 to Dictionary<65211 unique tokens: ['according', 'advantage', 'appearing', 'arabia', 'argumentation']...>
18:18:33  built Dictionary<66148 unique tokens: ['according', 'advantage', 'appearing', 'arabia', 'argumentation']...> from 41067 documents (total 4882872 corpus positions)
18:18:33  Dictionary lifecycle event {'msg': "built Dictionary<66148 unique tokens: ['according', 'advantage', 'appearing', 'arabia', 'argumentation']...> from 41067 documents (total 4882872 corpus positions)", 'datetime': '2026-03-29T18:18:33.062901', 'gensim': '4.4.0', 'python': '3.11.14 (main, Oct  9 2025, 16:16:55) [Clang 17.0.0 (clang-1700.6.3.2)]', 'platform': 'macOS-26.2-arm64-arm-64bit', 'event': 'created'}
18:18:33  using ParallelWordOccurrenceAccumulator<processes=9, batch_size=64> to estimate probabilities from sliding windows
18:19:17  1 batches submitted to accumulate stats from 64 documents (155 virtual)
18:19:17  2 batches submitted to accumulate stats from 128 documents (776 virtual)
18:19:17  3 batches submitted to accumulate stats from 192 documents (1759 virtual)
18:19:17  4 batches submitted to accumulate stats from 256 documents (2493 virtual)
18:19:17  5 batches submitted to accumulate stats from 320 documents (3120 virtual)
18:19:17  6 batches submitted to accumulate stats from 384 documents (3949 virtual)
18:19:17  7 batches submitted to accumulate stats from 448 documents (4286 virtual)
18:19:17  8 batches submitted to accumulate stats from 512 documents (4673 virtual)
18:19:17  9 batches submitted to accumulate stats from 576 documents (5429 virtual)
18:19:17  10 batches submitted to accumulate stats from 640 documents (6270 virtual)
18:19:17  11 batches submitted to accumulate stats from 704 documents (6955 virtual)
18:19:17  12 batches submitted to accumulate stats from 768 documents (8328 virtual)
18:19:17  13 batches submitted to accumulate stats from 832 documents (8374 virtual)
18:19:17  14 batches submitted to accumulate stats from 896 documents (9079 virtual)
18:19:17  15 batches submitted to accumulate stats from 960 documents (9917 virtual)
18:19:17  16 batches submitted to accumulate stats from 1024 documents (10247 virtual)
18:19:17  17 batches submitted to accumulate stats from 1088 documents (10504 virtual)
18:19:17  18 batches submitted to accumulate stats from 1152 documents (11222 virtual)
18:19:17  19 batches submitted to accumulate stats from 1216 documents (11593 virtual)
18:19:17  20 batches submitted to accumulate stats from 1280 documents (12682 virtual)
18:19:17  21 batches submitted to accumulate stats from 1344 documents (13255 virtual)
18:19:17  22 batches submitted to accumulate stats from 1408 documents (13574 virtual)
18:19:17  23 batches submitted to accumulate stats from 1472 documents (13694 virtual)
18:19:17  25 batches submitted to accumulate stats from 1600 documents (13684 virtual)
18:19:17  26 batches submitted to accumulate stats from 1664 documents (14140 virtual)
18:19:17  28 batches submitted to accumulate stats from 1792 documents (13946 virtual)
18:19:17  30 batches submitted to accumulate stats from 1920 documents (14856 virtual)
18:19:17  31 batches submitted to accumulate stats from 1984 documents (15110 virtual)
18:19:17  32 batches submitted to accumulate stats from 2048 documents (15249 virtual)
18:19:17  33 batches submitted to accumulate stats from 2112 documents (15873 virtual)
18:19:17  34 batches submitted to accumulate stats from 2176 documents (16218 virtual)
18:19:17  35 batches submitted to accumulate stats from 2240 documents (17039 virtual)
18:19:17  36 batches submitted to accumulate stats from 2304 documents (17680 virtual)
18:19:17  44 batches submitted to accumulate stats from 2816 documents (14502 virtual)
18:19:18  45 batches submitted to accumulate stats from 2880 documents (14697 virtual)
18:19:18  49 batches submitted to accumulate stats from 3136 documents (13981 virtual)
18:19:18  50 batches submitted to accumulate stats from 3200 documents (14549 virtual)
18:19:18  51 batches submitted to accumulate stats from 3264 documents (14633 virtual)
18:19:18  52 batches submitted to accumulate stats from 3328 documents (14704 virtual)
18:19:18  53 batches submitted to accumulate stats from 3392 documents (15109 virtual)
18:19:18  54 batches submitted to accumulate stats from 3456 documents (15264 virtual)
18:19:18  55 batches submitted to accumulate stats from 3520 documents (15712 virtual)
18:19:18  56 batches submitted to accumulate stats from 3584 documents (16520 virtual)
18:19:18  57 batches submitted to accumulate stats from 3648 documents (16963 virtual)
18:19:18  58 batches submitted to accumulate stats from 3712 documents (17668 virtual)
18:19:18  59 batches submitted to accumulate stats from 3776 documents (18005 virtual)
18:19:18  60 batches submitted to accumulate stats from 3840 documents (18331 virtual)
18:19:18  61 batches submitted to accumulate stats from 3904 documents (18680 virtual)
18:19:18  63 batches submitted to accumulate stats from 4032 documents (18832 virtual)
18:19:18  64 batches submitted to accumulate stats from 4096 documents (19350 virtual)
18:19:18  65 batches submitted to accumulate stats from 4160 documents (19645 virtual)
18:19:18  66 batches submitted to accumulate stats from 4224 documents (20590 virtual)
18:19:18  69 batches submitted to accumulate stats from 4416 documents (21246 virtual)
18:19:18  70 batches submitted to accumulate stats from 4480 documents (21747 virtual)
18:19:18  71 batches submitted to accumulate stats from 4544 documents (22027 virtual)
18:19:18  78 batches submitted to accumulate stats from 4992 documents (18311 virtual)
18:19:18  79 batches submitted to accumulate stats from 5056 documents (19080 virtual)
18:19:18  80 batches submitted to accumulate stats from 5120 documents (19275 virtual)
18:19:18  81 batches submitted to accumulate stats from 5184 documents (19457 virtual)
18:19:18  82 batches submitted to accumulate stats from 5248 documents (19593 virtual)
18:19:18  83 batches submitted to accumulate stats from 5312 documents (19808 virtual)
18:19:18  85 batches submitted to accumulate stats from 5440 documents (20057 virtual)
18:19:18  87 batches submitted to accumulate stats from 5568 documents (19921 virtual)
18:19:18  89 batches submitted to accumulate stats from 5696 documents (19999 virtual)
18:19:18  91 batches submitted to accumulate stats from 5824 documents (19955 virtual)
18:19:18  92 batches submitted to accumulate stats from 5888 documents (20515 virtual)
18:19:18  94 batches submitted to accumulate stats from 6016 documents (20663 virtual)
18:19:18  95 batches submitted to accumulate stats from 6080 documents (20770 virtual)
18:19:18  96 batches submitted to accumulate stats from 6144 documents (20997 virtual)
18:19:18  99 batches submitted to accumulate stats from 6336 documents (20024 virtual)
18:19:18  101 batches submitted to accumulate stats from 6464 documents (19433 virtual)
18:19:18  102 batches submitted to accumulate stats from 6528 documents (19940 virtual)
18:19:18  104 batches submitted to accumulate stats from 6656 documents (20080 virtual)
18:19:18  114 batches submitted to accumulate stats from 7296 documents (17820 virtual)
18:19:18  115 batches submitted to accumulate stats from 7360 documents (17880 virtual)
18:19:18  117 batches submitted to accumulate stats from 7488 documents (17639 virtual)
18:19:18  119 batches submitted to accumulate stats from 7616 documents (17887 virtual)
18:19:18  120 batches submitted to accumulate stats from 7680 documents (19171 virtual)
18:19:18  121 batches submitted to accumulate stats from 7744 documents (20462 virtual)
18:19:18  122 batches submitted to accumulate stats from 7808 documents (21918 virtual)
18:19:18  123 batches submitted to accumulate stats from 7872 documents (23857 virtual)
18:19:18  124 batches submitted to accumulate stats from 7936 documents (25881 virtual)
18:19:18  125 batches submitted to accumulate stats from 8000 documents (27358 virtual)
18:19:18  126 batches submitted to accumulate stats from 8064 documents (28726 virtual)
18:19:18  127 batches submitted to accumulate stats from 8128 documents (29911 virtual)
18:19:18  128 batches submitted to accumulate stats from 8192 documents (30119 virtual)
18:19:18  129 batches submitted to accumulate stats from 8256 documents (31758 virtual)
18:19:18  130 batches submitted to accumulate stats from 8320 documents (33977 virtual)
18:19:18  131 batches submitted to accumulate stats from 8384 documents (35267 virtual)
18:19:18  132 batches submitted to accumulate stats from 8448 documents (36891 virtual)
18:19:18  133 batches submitted to accumulate stats from 8512 documents (38492 virtual)
18:19:18  134 batches submitted to accumulate stats from 8576 documents (39213 virtual)
18:19:18  135 batches submitted to accumulate stats from 8640 documents (41012 virtual)
18:19:18  136 batches submitted to accumulate stats from 8704 documents (42338 virtual)
18:19:18  137 batches submitted to accumulate stats from 8768 documents (43947 virtual)
18:19:18  138 batches submitted to accumulate stats from 8832 documents (46062 virtual)
18:19:18  139 batches submitted to accumulate stats from 8896 documents (48217 virtual)
18:19:18  140 batches submitted to accumulate stats from 8960 documents (49797 virtual)
18:19:18  141 batches submitted to accumulate stats from 9024 documents (51919 virtual)
18:19:18  142 batches submitted to accumulate stats from 9088 documents (53928 virtual)
18:19:18  143 batches submitted to accumulate stats from 9152 documents (55364 virtual)
18:19:18  144 batches submitted to accumulate stats from 9216 documents (57161 virtual)
18:19:18  145 batches submitted to accumulate stats from 9280 documents (59135 virtual)
18:19:18  146 batches submitted to accumulate stats from 9344 documents (61008 virtual)
18:19:18  147 batches submitted to accumulate stats from 9408 documents (62151 virtual)
18:19:18  148 batches submitted to accumulate stats from 9472 documents (63433 virtual)
18:19:18  149 batches submitted to accumulate stats from 9536 documents (64825 virtual)
18:19:18  150 batches submitted to accumulate stats from 9600 documents (66627 virtual)
18:19:18  151 batches submitted to accumulate stats from 9664 documents (67862 virtual)
18:19:18  152 batches submitted to accumulate stats from 9728 documents (69514 virtual)
18:19:18  153 batches submitted to accumulate stats from 9792 documents (71449 virtual)
18:19:18  154 batches submitted to accumulate stats from 9856 documents (73566 virtual)
18:19:18  155 batches submitted to accumulate stats from 9920 documents (75717 virtual)
18:19:18  156 batches submitted to accumulate stats from 9984 documents (77466 virtual)
18:19:18  157 batches submitted to accumulate stats from 10048 documents (79507 virtual)
18:19:18  158 batches submitted to accumulate stats from 10112 documents (81531 virtual)
18:19:18  159 batches submitted to accumulate stats from 10176 documents (83129 virtual)
18:19:18  160 batches submitted to accumulate stats from 10240 documents (84945 virtual)
18:19:18  161 batches submitted to accumulate stats from 10304 documents (86961 virtual)
18:19:18  162 batches submitted to accumulate stats from 10368 documents (88684 virtual)
18:19:18  163 batches submitted to accumulate stats from 10432 documents (90348 virtual)
18:19:18  164 batches submitted to accumulate stats from 10496 documents (92390 virtual)
18:19:18  165 batches submitted to accumulate stats from 10560 documents (94905 virtual)
18:19:18  166 batches submitted to accumulate stats from 10624 documents (96830 virtual)
18:19:18  167 batches submitted to accumulate stats from 10688 documents (98524 virtual)
18:19:18  168 batches submitted to accumulate stats from 10752 documents (99871 virtual)
18:19:18  169 batches submitted to accumulate stats from 10816 documents (101508 virtual)
18:19:18  170 batches submitted to accumulate stats from 10880 documents (102961 virtual)
18:19:18  171 batches submitted to accumulate stats from 10944 documents (104239 virtual)
18:19:18  172 batches submitted to accumulate stats from 11008 documents (106007 virtual)
18:19:18  173 batches submitted to accumulate stats from 11072 documents (108383 virtual)
18:19:18  174 batches submitted to accumulate stats from 11136 documents (109382 virtual)
18:19:18  175 batches submitted to accumulate stats from 11200 documents (110636 virtual)
18:19:18  176 batches submitted to accumulate stats from 11264 documents (110779 virtual)
18:19:18  177 batches submitted to accumulate stats from 11328 documents (111654 virtual)
18:19:18  178 batches submitted to accumulate stats from 11392 documents (112798 virtual)
18:19:18  179 batches submitted to accumulate stats from 11456 documents (113392 virtual)
18:19:18  180 batches submitted to accumulate stats from 11520 documents (114923 virtual)
18:19:18  181 batches submitted to accumulate stats from 11584 documents (117003 virtual)
18:19:18  182 batches submitted to accumulate stats from 11648 documents (117732 virtual)
18:19:18  183 batches submitted to accumulate stats from 11712 documents (119484 virtual)
18:19:18  184 batches submitted to accumulate stats from 11776 documents (120583 virtual)
18:19:18  185 batches submitted to accumulate stats from 11840 documents (121595 virtual)
18:19:18  186 batches submitted to accumulate stats from 11904 documents (122257 virtual)
18:19:18  187 batches submitted to accumulate stats from 11968 documents (123065 virtual)
18:19:18  188 batches submitted to accumulate stats from 12032 documents (124080 virtual)
18:19:18  189 batches submitted to accumulate stats from 12096 documents (125621 virtual)
18:19:18  190 batches submitted to accumulate stats from 12160 documents (125927 virtual)
18:19:18  191 batches submitted to accumulate stats from 12224 documents (126310 virtual)
18:19:18  192 batches submitted to accumulate stats from 12288 documents (127395 virtual)
18:19:18  193 batches submitted to accumulate stats from 12352 documents (128754 virtual)
18:19:18  194 batches submitted to accumulate stats from 12416 documents (130470 virtual)
18:19:18  195 batches submitted to accumulate stats from 12480 documents (132211 virtual)
18:19:18  196 batches submitted to accumulate stats from 12544 documents (133256 virtual)
18:19:18  197 batches submitted to accumulate stats from 12608 documents (134215 virtual)
18:19:18  198 batches submitted to accumulate stats from 12672 documents (135011 virtual)
18:19:18  199 batches submitted to accumulate stats from 12736 documents (135371 virtual)
18:19:18  200 batches submitted to accumulate stats from 12800 documents (136235 virtual)
18:19:18  201 batches submitted to accumulate stats from 12864 documents (137090 virtual)
18:19:18  202 batches submitted to accumulate stats from 12928 documents (138054 virtual)
18:19:18  203 batches submitted to accumulate stats from 12992 documents (139079 virtual)
18:19:18  204 batches submitted to accumulate stats from 13056 documents (141200 virtual)
18:19:18  205 batches submitted to accumulate stats from 13120 documents (142240 virtual)
18:19:18  206 batches submitted to accumulate stats from 13184 documents (143688 virtual)
18:19:18  207 batches submitted to accumulate stats from 13248 documents (144883 virtual)
18:19:18  208 batches submitted to accumulate stats from 13312 documents (145674 virtual)
18:19:18  209 batches submitted to accumulate stats from 13376 documents (146981 virtual)
18:19:18  210 batches submitted to accumulate stats from 13440 documents (147627 virtual)
18:19:18  211 batches submitted to accumulate stats from 13504 documents (148038 virtual)
18:19:18  212 batches submitted to accumulate stats from 13568 documents (149025 virtual)
18:19:18  213 batches submitted to accumulate stats from 13632 documents (150189 virtual)
18:19:18  214 batches submitted to accumulate stats from 13696 documents (151439 virtual)
18:19:18  215 batches submitted to accumulate stats from 13760 documents (152520 virtual)
18:19:18  216 batches submitted to accumulate stats from 13824 documents (153315 virtual)
18:19:18  217 batches submitted to accumulate stats from 13888 documents (154364 virtual)
18:19:18  218 batches submitted to accumulate stats from 13952 documents (155262 virtual)
18:19:18  219 batches submitted to accumulate stats from 14016 documents (156054 virtual)
18:19:18  220 batches submitted to accumulate stats from 14080 documents (156986 virtual)
18:19:18  221 batches submitted to accumulate stats from 14144 documents (157645 virtual)
18:19:18  222 batches submitted to accumulate stats from 14208 documents (158752 virtual)
18:19:18  223 batches submitted to accumulate stats from 14272 documents (159961 virtual)
18:19:18  224 batches submitted to accumulate stats from 14336 documents (160583 virtual)
18:19:18  225 batches submitted to accumulate stats from 14400 documents (162031 virtual)
18:19:18  226 batches submitted to accumulate stats from 14464 documents (163081 virtual)
18:19:18  227 batches submitted to accumulate stats from 14528 documents (163987 virtual)
18:19:18  228 batches submitted to accumulate stats from 14592 documents (164599 virtual)
18:19:18  229 batches submitted to accumulate stats from 14656 documents (166003 virtual)
18:19:18  230 batches submitted to accumulate stats from 14720 documents (167082 virtual)
18:19:18  231 batches submitted to accumulate stats from 14784 documents (167926 virtual)
18:19:18  232 batches submitted to accumulate stats from 14848 documents (168389 virtual)
18:19:18  233 batches submitted to accumulate stats from 14912 documents (169479 virtual)
18:19:18  234 batches submitted to accumulate stats from 14976 documents (171362 virtual)
18:19:18  235 batches submitted to accumulate stats from 15040 documents (172311 virtual)
18:19:18  236 batches submitted to accumulate stats from 15104 documents (173019 virtual)
18:19:18  237 batches submitted to accumulate stats from 15168 documents (174461 virtual)
18:19:18  238 batches submitted to accumulate stats from 15232 documents (174914 virtual)
18:19:18  239 batches submitted to accumulate stats from 15296 documents (176192 virtual)
18:19:18  240 batches submitted to accumulate stats from 15360 documents (176409 virtual)
18:19:18  241 batches submitted to accumulate stats from 15424 documents (177525 virtual)
18:19:18  242 batches submitted to accumulate stats from 15488 documents (179115 virtual)
18:19:18  243 batches submitted to accumulate stats from 15552 documents (180241 virtual)
18:19:18  244 batches submitted to accumulate stats from 15616 documents (180917 virtual)
18:19:18  245 batches submitted to accumulate stats from 15680 documents (182402 virtual)
18:19:18  246 batches submitted to accumulate stats from 15744 documents (183920 virtual)
18:19:18  247 batches submitted to accumulate stats from 15808 documents (184895 virtual)
18:19:18  248 batches submitted to accumulate stats from 15872 documents (185153 virtual)
18:19:18  249 batches submitted to accumulate stats from 15936 documents (185885 virtual)
18:19:18  250 batches submitted to accumulate stats from 16000 documents (185993 virtual)
18:19:18  251 batches submitted to accumulate stats from 16064 documents (186120 virtual)
18:19:18  252 batches submitted to accumulate stats from 16128 documents (186443 virtual)
18:19:18  253 batches submitted to accumulate stats from 16192 documents (187178 virtual)
18:19:18  254 batches submitted to accumulate stats from 16256 documents (188771 virtual)
18:19:18  255 batches submitted to accumulate stats from 16320 documents (189922 virtual)
18:19:18  256 batches submitted to accumulate stats from 16384 documents (191219 virtual)
18:19:18  257 batches submitted to accumulate stats from 16448 documents (193144 virtual)
18:19:18  258 batches submitted to accumulate stats from 16512 documents (194602 virtual)
18:19:18  259 batches submitted to accumulate stats from 16576 documents (195604 virtual)
18:19:18  260 batches submitted to accumulate stats from 16640 documents (195802 virtual)
18:19:18  262 batches submitted to accumulate stats from 16768 documents (196972 virtual)
18:19:18  263 batches submitted to accumulate stats from 16832 documents (198565 virtual)
18:19:18  264 batches submitted to accumulate stats from 16896 documents (199870 virtual)
18:19:18  266 batches submitted to accumulate stats from 17024 documents (200837 virtual)
18:19:18  267 batches submitted to accumulate stats from 17088 documents (201136 virtual)
18:19:18  268 batches submitted to accumulate stats from 17152 documents (201435 virtual)
18:19:18  270 batches submitted to accumulate stats from 17280 documents (201942 virtual)
18:19:18  271 batches submitted to accumulate stats from 17344 documents (202399 virtual)
18:19:18  272 batches submitted to accumulate stats from 17408 documents (203379 virtual)
18:19:18  273 batches submitted to accumulate stats from 17472 documents (204229 virtual)
18:19:18  274 batches submitted to accumulate stats from 17536 documents (204471 virtual)
18:19:18  275 batches submitted to accumulate stats from 17600 documents (205039 virtual)
18:19:18  276 batches submitted to accumulate stats from 17664 documents (205112 virtual)
18:19:18  277 batches submitted to accumulate stats from 17728 documents (205552 virtual)
18:19:18  280 batches submitted to accumulate stats from 17920 documents (206081 virtual)
18:19:18  281 batches submitted to accumulate stats from 17984 documents (207517 virtual)
18:19:18  282 batches submitted to accumulate stats from 18048 documents (208618 virtual)
18:19:18  283 batches submitted to accumulate stats from 18112 documents (209835 virtual)
18:19:18  284 batches submitted to accumulate stats from 18176 documents (211265 virtual)
18:19:18  285 batches submitted to accumulate stats from 18240 documents (211709 virtual)
18:19:18  286 batches submitted to accumulate stats from 18304 documents (212626 virtual)
18:19:18  287 batches submitted to accumulate stats from 18368 documents (213228 virtual)
18:19:18  288 batches submitted to accumulate stats from 18432 documents (214908 virtual)
18:19:18  289 batches submitted to accumulate stats from 18496 documents (215882 virtual)
18:19:18  290 batches submitted to accumulate stats from 18560 documents (216188 virtual)
18:19:18  291 batches submitted to accumulate stats from 18624 documents (217290 virtual)
18:19:18  292 batches submitted to accumulate stats from 18688 documents (217991 virtual)
18:19:18  293 batches submitted to accumulate stats from 18752 documents (218861 virtual)
18:19:18  295 batches submitted to accumulate stats from 18880 documents (219497 virtual)
18:19:18  296 batches submitted to accumulate stats from 18944 documents (219518 virtual)
18:19:18  298 batches submitted to accumulate stats from 19072 documents (220095 virtual)
18:19:18  299 batches submitted to accumulate stats from 19136 documents (220619 virtual)
18:19:18  300 batches submitted to accumulate stats from 19200 documents (220793 virtual)
18:19:18  301 batches submitted to accumulate stats from 19264 documents (221805 virtual)
18:19:18  302 batches submitted to accumulate stats from 19328 documents (222301 virtual)
18:19:18  303 batches submitted to accumulate stats from 19392 documents (223752 virtual)
18:19:18  305 batches submitted to accumulate stats from 19520 documents (224189 virtual)
18:19:18  306 batches submitted to accumulate stats from 19584 documents (225912 virtual)
18:19:18  307 batches submitted to accumulate stats from 19648 documents (226451 virtual)
18:19:18  308 batches submitted to accumulate stats from 19712 documents (226827 virtual)
18:19:18  309 batches submitted to accumulate stats from 19776 documents (227068 virtual)
18:19:18  310 batches submitted to accumulate stats from 19840 documents (227416 virtual)
18:19:18  311 batches submitted to accumulate stats from 19904 documents (227881 virtual)
18:19:18  312 batches submitted to accumulate stats from 19968 documents (228226 virtual)
18:19:18  313 batches submitted to accumulate stats from 20032 documents (228607 virtual)
18:19:18  314 batches submitted to accumulate stats from 20096 documents (229035 virtual)
18:19:18  315 batches submitted to accumulate stats from 20160 documents (229477 virtual)
18:19:18  317 batches submitted to accumulate stats from 20288 documents (229299 virtual)
18:19:18  318 batches submitted to accumulate stats from 20352 documents (229764 virtual)
18:19:18  319 batches submitted to accumulate stats from 20416 documents (230090 virtual)
18:19:18  320 batches submitted to accumulate stats from 20480 documents (230729 virtual)
18:19:18  321 batches submitted to accumulate stats from 20544 documents (231178 virtual)
18:19:18  322 batches submitted to accumulate stats from 20608 documents (231650 virtual)
18:19:18  325 batches submitted to accumulate stats from 20800 documents (231647 virtual)
18:19:18  326 batches submitted to accumulate stats from 20864 documents (232126 virtual)
18:19:18  328 batches submitted to accumulate stats from 20992 documents (232637 virtual)
18:19:18  329 batches submitted to accumulate stats from 21056 documents (232662 virtual)
18:19:18  330 batches submitted to accumulate stats from 21120 documents (232682 virtual)
18:19:18  331 batches submitted to accumulate stats from 21184 documents (233011 virtual)
18:19:18  332 batches submitted to accumulate stats from 21248 documents (234397 virtual)
18:19:18  333 batches submitted to accumulate stats from 21312 documents (235313 virtual)
18:19:18  334 batches submitted to accumulate stats from 21376 documents (236278 virtual)
18:19:18  335 batches submitted to accumulate stats from 21440 documents (237329 virtual)
18:19:18  336 batches submitted to accumulate stats from 21504 documents (238963 virtual)
18:19:18  337 batches submitted to accumulate stats from 21568 documents (240437 virtual)
18:19:18  338 batches submitted to accumulate stats from 21632 documents (241964 virtual)
18:19:18  339 batches submitted to accumulate stats from 21696 documents (243508 virtual)
18:19:18  340 batches submitted to accumulate stats from 21760 documents (244484 virtual)
18:19:18  341 batches submitted to accumulate stats from 21824 documents (245586 virtual)
18:19:18  342 batches submitted to accumulate stats from 21888 documents (245933 virtual)
18:19:18  343 batches submitted to accumulate stats from 21952 documents (247299 virtual)
18:19:18  344 batches submitted to accumulate stats from 22016 documents (248636 virtual)
18:19:18  345 batches submitted to accumulate stats from 22080 documents (249890 virtual)
18:19:18  346 batches submitted to accumulate stats from 22144 documents (250923 virtual)
18:19:18  347 batches submitted to accumulate stats from 22208 documents (251927 virtual)
18:19:18  348 batches submitted to accumulate stats from 22272 documents (252993 virtual)
18:19:18  349 batches submitted to accumulate stats from 22336 documents (254541 virtual)
18:19:18  350 batches submitted to accumulate stats from 22400 documents (256686 virtual)
18:19:18  351 batches submitted to accumulate stats from 22464 documents (258061 virtual)
18:19:18  352 batches submitted to accumulate stats from 22528 documents (259435 virtual)
18:19:18  353 batches submitted to accumulate stats from 22592 documents (260552 virtual)
18:19:18  354 batches submitted to accumulate stats from 22656 documents (262610 virtual)
18:19:18  355 batches submitted to accumulate stats from 22720 documents (263745 virtual)
18:19:18  356 batches submitted to accumulate stats from 22784 documents (265022 virtual)
18:19:18  357 batches submitted to accumulate stats from 22848 documents (266435 virtual)
18:19:18  358 batches submitted to accumulate stats from 22912 documents (267685 virtual)
18:19:18  359 batches submitted to accumulate stats from 22976 documents (268423 virtual)
18:19:18  360 batches submitted to accumulate stats from 23040 documents (269486 virtual)
18:19:18  361 batches submitted to accumulate stats from 23104 documents (271430 virtual)
18:19:18  362 batches submitted to accumulate stats from 23168 documents (272328 virtual)
18:19:18  363 batches submitted to accumulate stats from 23232 documents (273691 virtual)
18:19:18  364 batches submitted to accumulate stats from 23296 documents (274943 virtual)
18:19:18  365 batches submitted to accumulate stats from 23360 documents (275128 virtual)
18:19:18  366 batches submitted to accumulate stats from 23424 documents (276443 virtual)
18:19:18  367 batches submitted to accumulate stats from 23488 documents (277300 virtual)
18:19:18  368 batches submitted to accumulate stats from 23552 documents (277599 virtual)
18:19:18  369 batches submitted to accumulate stats from 23616 documents (279033 virtual)
18:19:18  370 batches submitted to accumulate stats from 23680 documents (280125 virtual)
18:19:18  371 batches submitted to accumulate stats from 23744 documents (281427 virtual)
18:19:18  372 batches submitted to accumulate stats from 23808 documents (282902 virtual)
18:19:18  373 batches submitted to accumulate stats from 23872 documents (283507 virtual)
18:19:18  374 batches submitted to accumulate stats from 23936 documents (283771 virtual)
18:19:18  375 batches submitted to accumulate stats from 24000 documents (285566 virtual)
18:19:18  376 batches submitted to accumulate stats from 24064 documents (287508 virtual)
18:19:18  377 batches submitted to accumulate stats from 24128 documents (288298 virtual)
18:19:18  378 batches submitted to accumulate stats from 24192 documents (288806 virtual)
18:19:18  379 batches submitted to accumulate stats from 24256 documents (290190 virtual)
18:19:18  380 batches submitted to accumulate stats from 24320 documents (290760 virtual)
18:19:18  381 batches submitted to accumulate stats from 24384 documents (291162 virtual)
18:19:18  382 batches submitted to accumulate stats from 24448 documents (291729 virtual)
18:19:18  383 batches submitted to accumulate stats from 24512 documents (292194 virtual)
18:19:18  384 batches submitted to accumulate stats from 24576 documents (293099 virtual)
18:19:18  385 batches submitted to accumulate stats from 24640 documents (293948 virtual)
18:19:18  386 batches submitted to accumulate stats from 24704 documents (295090 virtual)
18:19:18  387 batches submitted to accumulate stats from 24768 documents (296840 virtual)
18:19:18  388 batches submitted to accumulate stats from 24832 documents (297330 virtual)
18:19:18  389 batches submitted to accumulate stats from 24896 documents (297790 virtual)
18:19:18  390 batches submitted to accumulate stats from 24960 documents (298494 virtual)
18:19:18  391 batches submitted to accumulate stats from 25024 documents (299618 virtual)
18:19:18  392 batches submitted to accumulate stats from 25088 documents (300063 virtual)
18:19:18  393 batches submitted to accumulate stats from 25152 documents (301432 virtual)
18:19:18  394 batches submitted to accumulate stats from 25216 documents (302246 virtual)
18:19:18  395 batches submitted to accumulate stats from 25280 documents (302503 virtual)
18:19:18  396 batches submitted to accumulate stats from 25344 documents (303055 virtual)
18:19:18  397 batches submitted to accumulate stats from 25408 documents (304411 virtual)
18:19:18  398 batches submitted to accumulate stats from 25472 documents (305347 virtual)
18:19:18  399 batches submitted to accumulate stats from 25536 documents (305616 virtual)
18:19:18  400 batches submitted to accumulate stats from 25600 documents (306702 virtual)
18:19:18  401 batches submitted to accumulate stats from 25664 documents (307110 virtual)
18:19:18  402 batches submitted to accumulate stats from 25728 documents (307910 virtual)
18:19:18  403 batches submitted to accumulate stats from 25792 documents (308604 virtual)
18:19:18  404 batches submitted to accumulate stats from 25856 documents (308702 virtual)
18:19:18  405 batches submitted to accumulate stats from 25920 documents (309326 virtual)
18:19:18  406 batches submitted to accumulate stats from 25984 documents (310839 virtual)
18:19:18  407 batches submitted to accumulate stats from 26048 documents (311764 virtual)
18:19:18  408 batches submitted to accumulate stats from 26112 documents (312649 virtual)
18:19:18  409 batches submitted to accumulate stats from 26176 documents (313279 virtual)
18:19:18  410 batches submitted to accumulate stats from 26240 documents (313688 virtual)
18:19:18  411 batches submitted to accumulate stats from 26304 documents (314356 virtual)
18:19:18  412 batches submitted to accumulate stats from 26368 documents (315581 virtual)
18:19:18  413 batches submitted to accumulate stats from 26432 documents (316291 virtual)
18:19:18  414 batches submitted to accumulate stats from 26496 documents (317448 virtual)
18:19:18  415 batches submitted to accumulate stats from 26560 documents (318418 virtual)
18:19:18  416 batches submitted to accumulate stats from 26624 documents (319082 virtual)
18:19:18  417 batches submitted to accumulate stats from 26688 documents (319442 virtual)
18:19:18  418 batches submitted to accumulate stats from 26752 documents (320258 virtual)
18:19:18  419 batches submitted to accumulate stats from 26816 documents (321195 virtual)
18:19:18  420 batches submitted to accumulate stats from 26880 documents (322692 virtual)
18:19:18  421 batches submitted to accumulate stats from 26944 documents (323529 virtual)
18:19:18  422 batches submitted to accumulate stats from 27008 documents (323588 virtual)
18:19:18  423 batches submitted to accumulate stats from 27072 documents (324363 virtual)
18:19:18  424 batches submitted to accumulate stats from 27136 documents (324745 virtual)
18:19:18  425 batches submitted to accumulate stats from 27200 documents (325134 virtual)
18:19:18  426 batches submitted to accumulate stats from 27264 documents (326512 virtual)
18:19:18  427 batches submitted to accumulate stats from 27328 documents (327479 virtual)
18:19:18  428 batches submitted to accumulate stats from 27392 documents (328133 virtual)
18:19:18  430 batches submitted to accumulate stats from 27520 documents (328985 virtual)
18:19:18  431 batches submitted to accumulate stats from 27584 documents (330233 virtual)
18:19:18  432 batches submitted to accumulate stats from 27648 documents (330698 virtual)
18:19:18  433 batches submitted to accumulate stats from 27712 documents (330885 virtual)
18:19:18  434 batches submitted to accumulate stats from 27776 documents (331068 virtual)
18:19:18  439 batches submitted to accumulate stats from 28096 documents (330838 virtual)
18:19:18  440 batches submitted to accumulate stats from 28160 documents (331444 virtual)
18:19:18  443 batches submitted to accumulate stats from 28352 documents (331422 virtual)
18:19:18  445 batches submitted to accumulate stats from 28480 documents (331965 virtual)
18:19:18  446 batches submitted to accumulate stats from 28544 documents (332638 virtual)
18:19:18  447 batches submitted to accumulate stats from 28608 documents (332908 virtual)
18:19:18  449 batches submitted to accumulate stats from 28736 documents (333069 virtual)
18:19:18  450 batches submitted to accumulate stats from 28800 documents (333705 virtual)
18:19:18  452 batches submitted to accumulate stats from 28928 documents (333925 virtual)
18:19:18  453 batches submitted to accumulate stats from 28992 documents (334888 virtual)
18:19:18  454 batches submitted to accumulate stats from 29056 documents (335087 virtual)
18:19:18  456 batches submitted to accumulate stats from 29184 documents (335123 virtual)
18:19:18  459 batches submitted to accumulate stats from 29376 documents (334732 virtual)
18:19:18  460 batches submitted to accumulate stats from 29440 documents (335431 virtual)
18:19:18  461 batches submitted to accumulate stats from 29504 documents (336173 virtual)
18:19:18  462 batches submitted to accumulate stats from 29568 documents (336881 virtual)
18:19:18  463 batches submitted to accumulate stats from 29632 documents (336997 virtual)
18:19:18  470 batches submitted to accumulate stats from 30080 documents (335531 virtual)
18:19:18  472 batches submitted to accumulate stats from 30208 documents (336001 virtual)
18:19:18  473 batches submitted to accumulate stats from 30272 documents (337337 virtual)
18:19:18  474 batches submitted to accumulate stats from 30336 documents (338593 virtual)
18:19:18  475 batches submitted to accumulate stats from 30400 documents (339505 virtual)
18:19:18  476 batches submitted to accumulate stats from 30464 documents (340645 virtual)
18:19:18  477 batches submitted to accumulate stats from 30528 documents (341955 virtual)
18:19:18  478 batches submitted to accumulate stats from 30592 documents (342701 virtual)
18:19:18  479 batches submitted to accumulate stats from 30656 documents (343314 virtual)
18:19:18  480 batches submitted to accumulate stats from 30720 documents (344568 virtual)
18:19:18  481 batches submitted to accumulate stats from 30784 documents (345159 virtual)
18:19:18  482 batches submitted to accumulate stats from 30848 documents (346216 virtual)
18:19:18  483 batches submitted to accumulate stats from 30912 documents (346942 virtual)
18:19:18  484 batches submitted to accumulate stats from 30976 documents (348165 virtual)
18:19:18  485 batches submitted to accumulate stats from 31040 documents (349171 virtual)
18:19:18  486 batches submitted to accumulate stats from 31104 documents (349917 virtual)
18:19:18  487 batches submitted to accumulate stats from 31168 documents (350870 virtual)
18:19:18  488 batches submitted to accumulate stats from 31232 documents (351319 virtual)
18:19:18  489 batches submitted to accumulate stats from 31296 documents (351770 virtual)
18:19:18  490 batches submitted to accumulate stats from 31360 documents (353158 virtual)
18:19:18  491 batches submitted to accumulate stats from 31424 documents (354743 virtual)
18:19:18  492 batches submitted to accumulate stats from 31488 documents (356122 virtual)
18:19:18  493 batches submitted to accumulate stats from 31552 documents (356347 virtual)
18:19:18  494 batches submitted to accumulate stats from 31616 documents (356548 virtual)
18:19:18  495 batches submitted to accumulate stats from 31680 documents (357637 virtual)
18:19:18  496 batches submitted to accumulate stats from 31744 documents (359470 virtual)
18:19:18  497 batches submitted to accumulate stats from 31808 documents (360626 virtual)
18:19:18  498 batches submitted to accumulate stats from 31872 documents (361183 virtual)
18:19:18  499 batches submitted to accumulate stats from 31936 documents (361626 virtual)
18:19:18  500 batches submitted to accumulate stats from 32000 documents (361872 virtual)
18:19:18  501 batches submitted to accumulate stats from 32064 documents (362859 virtual)
18:19:18  502 batches submitted to accumulate stats from 32128 documents (364344 virtual)
18:19:18  503 batches submitted to accumulate stats from 32192 documents (364860 virtual)
18:19:18  504 batches submitted to accumulate stats from 32256 documents (365205 virtual)
18:19:18  505 batches submitted to accumulate stats from 32320 documents (365586 virtual)
18:19:18  506 batches submitted to accumulate stats from 32384 documents (366802 virtual)
18:19:18  507 batches submitted to accumulate stats from 32448 documents (368259 virtual)
18:19:18  508 batches submitted to accumulate stats from 32512 documents (368969 virtual)
18:19:18  509 batches submitted to accumulate stats from 32576 documents (369029 virtual)
18:19:18  510 batches submitted to accumulate stats from 32640 documents (369450 virtual)
18:19:18  511 batches submitted to accumulate stats from 32704 documents (370933 virtual)
18:19:18  512 batches submitted to accumulate stats from 32768 documents (372113 virtual)
18:19:18  513 batches submitted to accumulate stats from 32832 documents (372591 virtual)
18:19:18  514 batches submitted to accumulate stats from 32896 documents (373160 virtual)
18:19:18  515 batches submitted to accumulate stats from 32960 documents (373451 virtual)
18:19:18  516 batches submitted to accumulate stats from 33024 documents (374491 virtual)
18:19:18  517 batches submitted to accumulate stats from 33088 documents (375150 virtual)
18:19:18  518 batches submitted to accumulate stats from 33152 documents (375745 virtual)
18:19:18  519 batches submitted to accumulate stats from 33216 documents (375840 virtual)
18:19:18  520 batches submitted to accumulate stats from 33280 documents (376345 virtual)
18:19:18  521 batches submitted to accumulate stats from 33344 documents (377699 virtual)
18:19:18  522 batches submitted to accumulate stats from 33408 documents (378614 virtual)
18:19:18  523 batches submitted to accumulate stats from 33472 documents (379033 virtual)
18:19:18  524 batches submitted to accumulate stats from 33536 documents (380167 virtual)
18:19:18  525 batches submitted to accumulate stats from 33600 documents (381208 virtual)
18:19:18  527 batches submitted to accumulate stats from 33728 documents (382076 virtual)
18:19:18  528 batches submitted to accumulate stats from 33792 documents (382611 virtual)
18:19:18  529 batches submitted to accumulate stats from 33856 documents (383626 virtual)
18:19:18  530 batches submitted to accumulate stats from 33920 documents (384335 virtual)
18:19:18  532 batches submitted to accumulate stats from 34048 documents (384328 virtual)
18:19:18  533 batches submitted to accumulate stats from 34112 documents (385147 virtual)
18:19:18  534 batches submitted to accumulate stats from 34176 documents (386601 virtual)
18:19:18  535 batches submitted to accumulate stats from 34240 documents (387336 virtual)
18:19:18  536 batches submitted to accumulate stats from 34304 documents (387936 virtual)
18:19:18  537 batches submitted to accumulate stats from 34368 documents (388837 virtual)
18:19:18  538 batches submitted to accumulate stats from 34432 documents (388933 virtual)
18:19:18  539 batches submitted to accumulate stats from 34496 documents (389233 virtual)
18:19:18  541 batches submitted to accumulate stats from 34624 documents (389444 virtual)
18:19:18  544 batches submitted to accumulate stats from 34816 documents (388792 virtual)
18:19:18  545 batches submitted to accumulate stats from 34880 documents (388823 virtual)
18:19:18  546 batches submitted to accumulate stats from 34944 documents (389047 virtual)
18:19:18  553 batches submitted to accumulate stats from 35392 documents (387757 virtual)
18:19:18  554 batches submitted to accumulate stats from 35456 documents (388459 virtual)
18:19:18  555 batches submitted to accumulate stats from 35520 documents (389205 virtual)
18:19:18  560 batches submitted to accumulate stats from 35840 documents (387600 virtual)
18:19:18  561 batches submitted to accumulate stats from 35904 documents (388794 virtual)
18:19:18  562 batches submitted to accumulate stats from 35968 documents (389629 virtual)
18:19:18  563 batches submitted to accumulate stats from 36032 documents (390829 virtual)
18:19:18  564 batches submitted to accumulate stats from 36096 documents (391331 virtual)
18:19:18  565 batches submitted to accumulate stats from 36160 documents (392050 virtual)
18:19:18  566 batches submitted to accumulate stats from 36224 documents (392542 virtual)
18:19:18  567 batches submitted to accumulate stats from 36288 documents (393211 virtual)
18:19:18  568 batches submitted to accumulate stats from 36352 documents (393449 virtual)
18:19:18  569 batches submitted to accumulate stats from 36416 documents (394626 virtual)
18:19:18  570 batches submitted to accumulate stats from 36480 documents (395648 virtual)
18:19:18  571 batches submitted to accumulate stats from 36544 documents (396454 virtual)
18:19:18  572 batches submitted to accumulate stats from 36608 documents (397079 virtual)
18:19:18  573 batches submitted to accumulate stats from 36672 documents (397431 virtual)
18:19:18  574 batches submitted to accumulate stats from 36736 documents (398318 virtual)
18:19:18  575 batches submitted to accumulate stats from 36800 documents (399803 virtual)
18:19:18  576 batches submitted to accumulate stats from 36864 documents (400379 virtual)
18:19:18  578 batches submitted to accumulate stats from 36992 documents (402058 virtual)
18:19:18  579 batches submitted to accumulate stats from 37056 documents (403322 virtual)
18:19:19  582 batches submitted to accumulate stats from 37248 documents (403437 virtual)
18:19:19  583 batches submitted to accumulate stats from 37312 documents (403893 virtual)
18:19:19  584 batches submitted to accumulate stats from 37376 documents (403934 virtual)
18:19:19  585 batches submitted to accumulate stats from 37440 documents (404073 virtual)
18:19:19  586 batches submitted to accumulate stats from 37504 documents (404640 virtual)
18:19:19  587 batches submitted to accumulate stats from 37568 documents (405495 virtual)
18:19:19  588 batches submitted to accumulate stats from 37632 documents (406369 virtual)
18:19:19  589 batches submitted to accumulate stats from 37696 documents (406673 virtual)
18:19:19  590 batches submitted to accumulate stats from 37760 documents (407564 virtual)
18:19:19  591 batches submitted to accumulate stats from 37824 documents (408447 virtual)
18:19:19  592 batches submitted to accumulate stats from 37888 documents (408712 virtual)
18:19:19  593 batches submitted to accumulate stats from 37952 documents (409498 virtual)
18:19:19  594 batches submitted to accumulate stats from 38016 documents (410610 virtual)
18:19:19  595 batches submitted to accumulate stats from 38080 documents (410961 virtual)
18:19:19  596 batches submitted to accumulate stats from 38144 documents (411260 virtual)
18:19:19  597 batches submitted to accumulate stats from 38208 documents (411480 virtual)
18:19:19  598 batches submitted to accumulate stats from 38272 documents (412476 virtual)
18:19:19  599 batches submitted to accumulate stats from 38336 documents (412630 virtual)
18:19:19  600 batches submitted to accumulate stats from 38400 documents (413059 virtual)
18:19:19  601 batches submitted to accumulate stats from 38464 documents (414801 virtual)
18:19:19  602 batches submitted to accumulate stats from 38528 documents (415375 virtual)
18:19:19  603 batches submitted to accumulate stats from 38592 documents (415653 virtual)
18:19:19  605 batches submitted to accumulate stats from 38720 documents (415772 virtual)
18:19:19  606 batches submitted to accumulate stats from 38784 documents (416124 virtual)
18:19:19  608 batches submitted to accumulate stats from 38912 documents (416863 virtual)
18:19:19  609 batches submitted to accumulate stats from 38976 documents (417214 virtual)
18:19:19  615 batches submitted to accumulate stats from 39360 documents (415734 virtual)
18:19:19  619 batches submitted to accumulate stats from 39616 documents (414885 virtual)
18:19:19  620 batches submitted to accumulate stats from 39680 documents (415102 virtual)
18:19:19  621 batches submitted to accumulate stats from 39744 documents (416262 virtual)
18:19:19  622 batches submitted to accumulate stats from 39808 documents (416400 virtual)
18:19:19  635 batches submitted to accumulate stats from 40640 documents (406111 virtual)
18:19:19  636 batches submitted to accumulate stats from 40704 documents (406224 virtual)
18:19:19  637 batches submitted to accumulate stats from 40768 documents (406892 virtual)
18:19:19  639 batches submitted to accumulate stats from 40896 documents (406947 virtual)
18:19:19  641 batches submitted to accumulate stats from 41024 documents (407057 virtual)
18:19:19  serializing accumulator to return to master...
18:19:19  accumulator serialized
18:19:19  serializing accumulator to return to master...
18:19:19  accumulator serialized
18:19:19  serializing accumulator to return to master...
18:19:19  serializing accumulator to return to master...
18:19:19  serializing accumulator to return to master...
18:19:19  serializing accumulator to return to master...
18:19:19  accumulator serialized
18:19:19  accumulator serialized
18:19:19  accumulator serialized
18:19:19  accumulator serialized
18:19:19  serializing accumulator to return to master...
18:19:19  accumulator serialized
18:19:19  serializing accumulator to return to master...
18:19:19  accumulator serialized
18:19:19  serializing accumulator to return to master...
18:19:19  accumulator serialized
18:19:19  9 accumulators retrieved from output queue
18:19:19  accumulated word occurrence stats for 852672 virtual documents
18:19:19    Transforming 1557 policy chunks...
18:20:11    ✅ M2_Quality results:
18:20:11       Topics found:          42
18:20:11       Coherence (c_v):        0.6172
18:20:11       Diversity:              0.7548
18:20:11       Outlier rate (Scopus):  31.9%
18:20:11       Outlier rate (Policy):  89.9%
18:20:11  
18:20:11    Training M3_Multilingual: Multilingual — handles all 35 policy docs
18:20:11    Embedding: paraphrase-multilingual-MiniLM-L12-v2
18:20:11  Use pytorch device_name: mps
18:20:11  Load pretrained SentenceTransformer: paraphrase-multilingual-MiniLM-L12-v2
18:20:11  HTTP Request: HEAD https://huggingface.co/sentence-transformers/paraphrase-multilingual-MiniLM-L12-v2/resolve/main/modules.json "HTTP/1.1 307 Temporary Redirect"
18:20:11  HTTP Request: HEAD https://huggingface.co/api/resolve-cache/models/sentence-transformers/paraphrase-multilingual-MiniLM-L12-v2/e8f8c211226b894fcb81acc59f3b34ba3efd5f42/modules.json "HTTP/1.1 200 OK"
18:20:11  HTTP Request: GET https://huggingface.co/api/resolve-cache/models/sentence-transformers/paraphrase-multilingual-MiniLM-L12-v2/e8f8c211226b894fcb81acc59f3b34ba3efd5f42/modules.json "HTTP/1.1 200 OK"
18:20:11  HTTP Request: HEAD https://huggingface.co/sentence-transformers/paraphrase-multilingual-MiniLM-L12-v2/resolve/main/config_sentence_transformers.json "HTTP/1.1 307 Temporary Redirect"
18:20:11  HTTP Request: HEAD https://huggingface.co/api/resolve-cache/models/sentence-transformers/paraphrase-multilingual-MiniLM-L12-v2/e8f8c211226b894fcb81acc59f3b34ba3efd5f42/config_sentence_transformers.json "HTTP/1.1 200 OK"
18:20:11  HTTP Request: GET https://huggingface.co/api/resolve-cache/models/sentence-transformers/paraphrase-multilingual-MiniLM-L12-v2/e8f8c211226b894fcb81acc59f3b34ba3efd5f42/config_sentence_transformers.json "HTTP/1.1 200 OK"
18:20:12  HTTP Request: HEAD https://huggingface.co/sentence-transformers/paraphrase-multilingual-MiniLM-L12-v2/resolve/main/config_sentence_transformers.json "HTTP/1.1 307 Temporary Redirect"
18:20:12  HTTP Request: HEAD https://huggingface.co/api/resolve-cache/models/sentence-transformers/paraphrase-multilingual-MiniLM-L12-v2/e8f8c211226b894fcb81acc59f3b34ba3efd5f42/config_sentence_transformers.json "HTTP/1.1 200 OK"
18:20:12  HTTP Request: HEAD https://huggingface.co/sentence-transformers/paraphrase-multilingual-MiniLM-L12-v2/resolve/main/README.md "HTTP/1.1 307 Temporary Redirect"
18:20:12  HTTP Request: HEAD https://huggingface.co/api/resolve-cache/models/sentence-transformers/paraphrase-multilingual-MiniLM-L12-v2/e8f8c211226b894fcb81acc59f3b34ba3efd5f42/README.md "HTTP/1.1 200 OK"
18:20:12  HTTP Request: GET https://huggingface.co/api/resolve-cache/models/sentence-transformers/paraphrase-multilingual-MiniLM-L12-v2/e8f8c211226b894fcb81acc59f3b34ba3efd5f42/README.md "HTTP/1.1 200 OK"
18:20:12  HTTP Request: HEAD https://huggingface.co/sentence-transformers/paraphrase-multilingual-MiniLM-L12-v2/resolve/main/modules.json "HTTP/1.1 307 Temporary Redirect"
18:20:12  HTTP Request: HEAD https://huggingface.co/api/resolve-cache/models/sentence-transformers/paraphrase-multilingual-MiniLM-L12-v2/e8f8c211226b894fcb81acc59f3b34ba3efd5f42/modules.json "HTTP/1.1 200 OK"
18:20:12  HTTP Request: HEAD https://huggingface.co/sentence-transformers/paraphrase-multilingual-MiniLM-L12-v2/resolve/main/sentence_bert_config.json "HTTP/1.1 307 Temporary Redirect"
18:20:12  HTTP Request: HEAD https://huggingface.co/api/resolve-cache/models/sentence-transformers/paraphrase-multilingual-MiniLM-L12-v2/e8f8c211226b894fcb81acc59f3b34ba3efd5f42/sentence_bert_config.json "HTTP/1.1 200 OK"
18:20:12  HTTP Request: GET https://huggingface.co/api/resolve-cache/models/sentence-transformers/paraphrase-multilingual-MiniLM-L12-v2/e8f8c211226b894fcb81acc59f3b34ba3efd5f42/sentence_bert_config.json "HTTP/1.1 200 OK"
18:20:12  HTTP Request: HEAD https://huggingface.co/sentence-transformers/paraphrase-multilingual-MiniLM-L12-v2/resolve/main/adapter_config.json "HTTP/1.1 404 Not Found"
18:20:12  HTTP Request: HEAD https://huggingface.co/sentence-transformers/paraphrase-multilingual-MiniLM-L12-v2/resolve/main/config.json "HTTP/1.1 307 Temporary Redirect"
18:20:12  HTTP Request: HEAD https://huggingface.co/api/resolve-cache/models/sentence-transformers/paraphrase-multilingual-MiniLM-L12-v2/e8f8c211226b894fcb81acc59f3b34ba3efd5f42/config.json "HTTP/1.1 200 OK"
18:20:12  HTTP Request: GET https://huggingface.co/api/resolve-cache/models/sentence-transformers/paraphrase-multilingual-MiniLM-L12-v2/e8f8c211226b894fcb81acc59f3b34ba3efd5f42/config.json "HTTP/1.1 200 OK"
18:20:12  HTTP Request: HEAD https://huggingface.co/sentence-transformers/paraphrase-multilingual-MiniLM-L12-v2/resolve/main/model.safetensors "HTTP/1.1 302 Found"
18:20:12  HTTP Request: GET https://huggingface.co/api/models/sentence-transformers/paraphrase-multilingual-MiniLM-L12-v2/xet-read-token/e8f8c211226b894fcb81acc59f3b34ba3efd5f42 "HTTP/1.1 200 OK"
18:20:25  HTTP Request: HEAD https://huggingface.co/sentence-transformers/paraphrase-multilingual-MiniLM-L12-v2/resolve/main/config.json "HTTP/1.1 307 Temporary Redirect"
18:20:25  HTTP Request: HEAD https://huggingface.co/api/resolve-cache/models/sentence-transformers/paraphrase-multilingual-MiniLM-L12-v2/e8f8c211226b894fcb81acc59f3b34ba3efd5f42/config.json "HTTP/1.1 200 OK"
18:20:25  HTTP Request: HEAD https://huggingface.co/sentence-transformers/paraphrase-multilingual-MiniLM-L12-v2/resolve/main/tokenizer_config.json "HTTP/1.1 307 Temporary Redirect"
18:20:25  HTTP Request: HEAD https://huggingface.co/api/resolve-cache/models/sentence-transformers/paraphrase-multilingual-MiniLM-L12-v2/e8f8c211226b894fcb81acc59f3b34ba3efd5f42/tokenizer_config.json "HTTP/1.1 200 OK"
18:20:25  HTTP Request: GET https://huggingface.co/api/resolve-cache/models/sentence-transformers/paraphrase-multilingual-MiniLM-L12-v2/e8f8c211226b894fcb81acc59f3b34ba3efd5f42/tokenizer_config.json "HTTP/1.1 200 OK"
18:20:25  HTTP Request: HEAD https://huggingface.co/sentence-transformers/paraphrase-multilingual-MiniLM-L12-v2/resolve/main/tokenizer_config.json "HTTP/1.1 307 Temporary Redirect"
18:20:25  HTTP Request: HEAD https://huggingface.co/api/resolve-cache/models/sentence-transformers/paraphrase-multilingual-MiniLM-L12-v2/e8f8c211226b894fcb81acc59f3b34ba3efd5f42/tokenizer_config.json "HTTP/1.1 200 OK"
18:20:25  HTTP Request: GET https://huggingface.co/api/models/sentence-transformers/paraphrase-multilingual-MiniLM-L12-v2/tree/main/additional_chat_templates?recursive=false&expand=false "HTTP/1.1 404 Not Found"
18:20:25  HTTP Request: GET https://huggingface.co/api/models/sentence-transformers/paraphrase-multilingual-MiniLM-L12-v2/tree/main?recursive=true&expand=false "HTTP/1.1 200 OK"
18:20:25  HTTP Request: HEAD https://huggingface.co/sentence-transformers/paraphrase-multilingual-MiniLM-L12-v2/resolve/main/tokenizer.json "HTTP/1.1 302 Found"
18:20:25  HTTP Request: HEAD https://huggingface.co/sentence-transformers/paraphrase-multilingual-MiniLM-L12-v2/resolve/main/tokenizer.model "HTTP/1.1 404 Not Found"
18:20:25  HTTP Request: HEAD https://huggingface.co/sentence-transformers/paraphrase-multilingual-MiniLM-L12-v2/resolve/main/added_tokens.json "HTTP/1.1 404 Not Found"
18:20:25  HTTP Request: HEAD https://huggingface.co/sentence-transformers/paraphrase-multilingual-MiniLM-L12-v2/resolve/main/special_tokens_map.json "HTTP/1.1 307 Temporary Redirect"
18:20:25  HTTP Request: HEAD https://huggingface.co/api/resolve-cache/models/sentence-transformers/paraphrase-multilingual-MiniLM-L12-v2/e8f8c211226b894fcb81acc59f3b34ba3efd5f42/special_tokens_map.json "HTTP/1.1 200 OK"
18:20:25  HTTP Request: GET https://huggingface.co/api/resolve-cache/models/sentence-transformers/paraphrase-multilingual-MiniLM-L12-v2/e8f8c211226b894fcb81acc59f3b34ba3efd5f42/special_tokens_map.json "HTTP/1.1 200 OK"
18:20:25  HTTP Request: HEAD https://huggingface.co/sentence-transformers/paraphrase-multilingual-MiniLM-L12-v2/resolve/main/chat_template.jinja "HTTP/1.1 404 Not Found"
18:20:26  HTTP Request: GET https://huggingface.co/api/models/sentence-transformers/paraphrase-multilingual-MiniLM-L12-v2 "HTTP/1.1 200 OK"
18:20:26  HTTP Request: HEAD https://huggingface.co/sentence-transformers/paraphrase-multilingual-MiniLM-L12-v2/resolve/main/1_Pooling/config.json "HTTP/1.1 307 Temporary Redirect"
18:20:26  HTTP Request: HEAD https://huggingface.co/api/resolve-cache/models/sentence-transformers/paraphrase-multilingual-MiniLM-L12-v2/e8f8c211226b894fcb81acc59f3b34ba3efd5f42/1_Pooling%2Fconfig.json "HTTP/1.1 200 OK"
18:20:26  HTTP Request: GET https://huggingface.co/api/resolve-cache/models/sentence-transformers/paraphrase-multilingual-MiniLM-L12-v2/e8f8c211226b894fcb81acc59f3b34ba3efd5f42/1_Pooling%2Fconfig.json "HTTP/1.1 200 OK"
18:20:26  HTTP Request: GET https://huggingface.co/api/models/sentence-transformers/paraphrase-multilingual-MiniLM-L12-v2 "HTTP/1.1 200 OK"
18:20:27    Fitting on 41,067 Scopus abstracts...
18:22:45  adding document #0 to Dictionary<0 unique tokens: []>
18:22:45  adding document #10000 to Dictionary<34442 unique tokens: ['according', 'advantage', 'appearing', 'arabia', 'argumentation']...>
18:22:45  adding document #20000 to Dictionary<46917 unique tokens: ['according', 'advantage', 'appearing', 'arabia', 'argumentation']...>
18:22:45  adding document #30000 to Dictionary<56344 unique tokens: ['according', 'advantage', 'appearing', 'arabia', 'argumentation']...>
18:22:46  adding document #40000 to Dictionary<65211 unique tokens: ['according', 'advantage', 'appearing', 'arabia', 'argumentation']...>
18:22:46  built Dictionary<66148 unique tokens: ['according', 'advantage', 'appearing', 'arabia', 'argumentation']...> from 41067 documents (total 4882872 corpus positions)
18:22:46  Dictionary lifecycle event {'msg': "built Dictionary<66148 unique tokens: ['according', 'advantage', 'appearing', 'arabia', 'argumentation']...> from 41067 documents (total 4882872 corpus positions)", 'datetime': '2026-03-29T18:22:46.313275', 'gensim': '4.4.0', 'python': '3.11.14 (main, Oct  9 2025, 16:16:55) [Clang 17.0.0 (clang-1700.6.3.2)]', 'platform': 'macOS-26.2-arm64-arm-64bit', 'event': 'created'}
18:22:47  using ParallelWordOccurrenceAccumulator<processes=9, batch_size=64> to estimate probabilities from sliding windows
18:23:31  1 batches submitted to accumulate stats from 64 documents (155 virtual)
18:23:31  2 batches submitted to accumulate stats from 128 documents (776 virtual)
18:23:31  3 batches submitted to accumulate stats from 192 documents (1759 virtual)
18:23:31  4 batches submitted to accumulate stats from 256 documents (2493 virtual)
18:23:31  5 batches submitted to accumulate stats from 320 documents (3120 virtual)
18:23:31  6 batches submitted to accumulate stats from 384 documents (3949 virtual)
18:23:31  7 batches submitted to accumulate stats from 448 documents (4286 virtual)
18:23:31  8 batches submitted to accumulate stats from 512 documents (4673 virtual)
18:23:31  9 batches submitted to accumulate stats from 576 documents (5429 virtual)
18:23:31  10 batches submitted to accumulate stats from 640 documents (6270 virtual)
18:23:31  11 batches submitted to accumulate stats from 704 documents (6955 virtual)
18:23:31  12 batches submitted to accumulate stats from 768 documents (8328 virtual)
18:23:31  13 batches submitted to accumulate stats from 832 documents (8374 virtual)
18:23:31  14 batches submitted to accumulate stats from 896 documents (9079 virtual)
18:23:31  15 batches submitted to accumulate stats from 960 documents (9917 virtual)
18:23:31  16 batches submitted to accumulate stats from 1024 documents (10247 virtual)
18:23:31  17 batches submitted to accumulate stats from 1088 documents (10504 virtual)
18:23:31  18 batches submitted to accumulate stats from 1152 documents (11222 virtual)
18:23:31  19 batches submitted to accumulate stats from 1216 documents (11593 virtual)
18:23:31  20 batches submitted to accumulate stats from 1280 documents (12682 virtual)
18:23:31  21 batches submitted to accumulate stats from 1344 documents (13255 virtual)
18:23:31  22 batches submitted to accumulate stats from 1408 documents (13574 virtual)
18:23:31  23 batches submitted to accumulate stats from 1472 documents (13694 virtual)
18:23:31  25 batches submitted to accumulate stats from 1600 documents (13684 virtual)
18:23:31  26 batches submitted to accumulate stats from 1664 documents (14140 virtual)
18:23:31  28 batches submitted to accumulate stats from 1792 documents (13946 virtual)
18:23:31  30 batches submitted to accumulate stats from 1920 documents (14856 virtual)
18:23:31  31 batches submitted to accumulate stats from 1984 documents (15110 virtual)
18:23:31  32 batches submitted to accumulate stats from 2048 documents (15249 virtual)
18:23:31  33 batches submitted to accumulate stats from 2112 documents (15873 virtual)
18:23:31  34 batches submitted to accumulate stats from 2176 documents (16218 virtual)
18:23:31  35 batches submitted to accumulate stats from 2240 documents (17039 virtual)
18:23:31  36 batches submitted to accumulate stats from 2304 documents (17680 virtual)
18:23:31  44 batches submitted to accumulate stats from 2816 documents (14502 virtual)
18:23:31  45 batches submitted to accumulate stats from 2880 documents (14697 virtual)
18:23:31  49 batches submitted to accumulate stats from 3136 documents (13981 virtual)
18:23:31  50 batches submitted to accumulate stats from 3200 documents (14549 virtual)
18:23:31  51 batches submitted to accumulate stats from 3264 documents (14633 virtual)
18:23:31  52 batches submitted to accumulate stats from 3328 documents (14704 virtual)
18:23:31  53 batches submitted to accumulate stats from 3392 documents (15109 virtual)
18:23:31  54 batches submitted to accumulate stats from 3456 documents (15264 virtual)
18:23:31  55 batches submitted to accumulate stats from 3520 documents (15712 virtual)
18:23:31  56 batches submitted to accumulate stats from 3584 documents (16520 virtual)
18:23:31  57 batches submitted to accumulate stats from 3648 documents (16963 virtual)
18:23:31  58 batches submitted to accumulate stats from 3712 documents (17668 virtual)
18:23:31  59 batches submitted to accumulate stats from 3776 documents (18005 virtual)
18:23:31  60 batches submitted to accumulate stats from 3840 documents (18331 virtual)
18:23:31  61 batches submitted to accumulate stats from 3904 documents (18680 virtual)
18:23:31  63 batches submitted to accumulate stats from 4032 documents (18832 virtual)
18:23:31  64 batches submitted to accumulate stats from 4096 documents (19350 virtual)
18:23:31  65 batches submitted to accumulate stats from 4160 documents (19645 virtual)
18:23:31  66 batches submitted to accumulate stats from 4224 documents (20590 virtual)
18:23:31  69 batches submitted to accumulate stats from 4416 documents (21246 virtual)
18:23:31  70 batches submitted to accumulate stats from 4480 documents (21747 virtual)
18:23:31  71 batches submitted to accumulate stats from 4544 documents (22027 virtual)
18:23:31  78 batches submitted to accumulate stats from 4992 documents (18311 virtual)
18:23:31  79 batches submitted to accumulate stats from 5056 documents (19080 virtual)
18:23:31  80 batches submitted to accumulate stats from 5120 documents (19275 virtual)
18:23:31  81 batches submitted to accumulate stats from 5184 documents (19457 virtual)
18:23:31  82 batches submitted to accumulate stats from 5248 documents (19593 virtual)
18:23:31  83 batches submitted to accumulate stats from 5312 documents (19808 virtual)
18:23:31  85 batches submitted to accumulate stats from 5440 documents (20057 virtual)
18:23:31  87 batches submitted to accumulate stats from 5568 documents (19921 virtual)
18:23:31  89 batches submitted to accumulate stats from 5696 documents (19999 virtual)
18:23:31  91 batches submitted to accumulate stats from 5824 documents (19955 virtual)
18:23:31  92 batches submitted to accumulate stats from 5888 documents (20515 virtual)
18:23:31  94 batches submitted to accumulate stats from 6016 documents (20663 virtual)
18:23:31  95 batches submitted to accumulate stats from 6080 documents (20770 virtual)
18:23:31  96 batches submitted to accumulate stats from 6144 documents (20997 virtual)
18:23:31  99 batches submitted to accumulate stats from 6336 documents (20024 virtual)
18:23:31  101 batches submitted to accumulate stats from 6464 documents (19433 virtual)
18:23:31  102 batches submitted to accumulate stats from 6528 documents (19940 virtual)
18:23:31  104 batches submitted to accumulate stats from 6656 documents (20080 virtual)
18:23:31  114 batches submitted to accumulate stats from 7296 documents (17820 virtual)
18:23:31  115 batches submitted to accumulate stats from 7360 documents (17880 virtual)
18:23:31  117 batches submitted to accumulate stats from 7488 documents (17639 virtual)
18:23:31  119 batches submitted to accumulate stats from 7616 documents (17887 virtual)
18:23:31  120 batches submitted to accumulate stats from 7680 documents (19171 virtual)
18:23:31  121 batches submitted to accumulate stats from 7744 documents (20462 virtual)
18:23:31  122 batches submitted to accumulate stats from 7808 documents (21918 virtual)
18:23:31  123 batches submitted to accumulate stats from 7872 documents (23857 virtual)
18:23:31  124 batches submitted to accumulate stats from 7936 documents (25881 virtual)
18:23:31  125 batches submitted to accumulate stats from 8000 documents (27358 virtual)
18:23:31  126 batches submitted to accumulate stats from 8064 documents (28726 virtual)
18:23:31  127 batches submitted to accumulate stats from 8128 documents (29911 virtual)
18:23:31  128 batches submitted to accumulate stats from 8192 documents (30119 virtual)
18:23:31  129 batches submitted to accumulate stats from 8256 documents (31758 virtual)
18:23:31  130 batches submitted to accumulate stats from 8320 documents (33977 virtual)
18:23:31  131 batches submitted to accumulate stats from 8384 documents (35267 virtual)
18:23:31  132 batches submitted to accumulate stats from 8448 documents (36891 virtual)
18:23:31  133 batches submitted to accumulate stats from 8512 documents (38492 virtual)
18:23:31  134 batches submitted to accumulate stats from 8576 documents (39213 virtual)
18:23:31  135 batches submitted to accumulate stats from 8640 documents (41012 virtual)
18:23:31  136 batches submitted to accumulate stats from 8704 documents (42338 virtual)
18:23:31  137 batches submitted to accumulate stats from 8768 documents (43947 virtual)
18:23:31  138 batches submitted to accumulate stats from 8832 documents (46062 virtual)
18:23:31  139 batches submitted to accumulate stats from 8896 documents (48217 virtual)
18:23:31  140 batches submitted to accumulate stats from 8960 documents (49797 virtual)
18:23:31  141 batches submitted to accumulate stats from 9024 documents (51919 virtual)
18:23:31  142 batches submitted to accumulate stats from 9088 documents (53928 virtual)
18:23:31  143 batches submitted to accumulate stats from 9152 documents (55364 virtual)
18:23:31  144 batches submitted to accumulate stats from 9216 documents (57161 virtual)
18:23:31  145 batches submitted to accumulate stats from 9280 documents (59135 virtual)
18:23:31  146 batches submitted to accumulate stats from 9344 documents (61008 virtual)
18:23:31  147 batches submitted to accumulate stats from 9408 documents (62151 virtual)
18:23:31  148 batches submitted to accumulate stats from 9472 documents (63433 virtual)
18:23:31  149 batches submitted to accumulate stats from 9536 documents (64825 virtual)
18:23:31  150 batches submitted to accumulate stats from 9600 documents (66627 virtual)
18:23:31  151 batches submitted to accumulate stats from 9664 documents (67862 virtual)
18:23:31  152 batches submitted to accumulate stats from 9728 documents (69514 virtual)
18:23:31  153 batches submitted to accumulate stats from 9792 documents (71449 virtual)
18:23:31  154 batches submitted to accumulate stats from 9856 documents (73566 virtual)
18:23:31  155 batches submitted to accumulate stats from 9920 documents (75717 virtual)
18:23:31  156 batches submitted to accumulate stats from 9984 documents (77466 virtual)
18:23:31  157 batches submitted to accumulate stats from 10048 documents (79507 virtual)
18:23:31  158 batches submitted to accumulate stats from 10112 documents (81531 virtual)
18:23:31  159 batches submitted to accumulate stats from 10176 documents (83129 virtual)
18:23:31  160 batches submitted to accumulate stats from 10240 documents (84945 virtual)
18:23:31  161 batches submitted to accumulate stats from 10304 documents (86961 virtual)
18:23:31  162 batches submitted to accumulate stats from 10368 documents (88684 virtual)
18:23:31  163 batches submitted to accumulate stats from 10432 documents (90348 virtual)
18:23:31  164 batches submitted to accumulate stats from 10496 documents (92390 virtual)
18:23:31  165 batches submitted to accumulate stats from 10560 documents (94905 virtual)
18:23:31  166 batches submitted to accumulate stats from 10624 documents (96830 virtual)
18:23:31  167 batches submitted to accumulate stats from 10688 documents (98524 virtual)
18:23:31  168 batches submitted to accumulate stats from 10752 documents (99871 virtual)
18:23:31  169 batches submitted to accumulate stats from 10816 documents (101508 virtual)
18:23:31  170 batches submitted to accumulate stats from 10880 documents (102961 virtual)
18:23:31  171 batches submitted to accumulate stats from 10944 documents (104239 virtual)
18:23:31  172 batches submitted to accumulate stats from 11008 documents (106007 virtual)
18:23:31  173 batches submitted to accumulate stats from 11072 documents (108383 virtual)
18:23:31  174 batches submitted to accumulate stats from 11136 documents (109382 virtual)
18:23:31  175 batches submitted to accumulate stats from 11200 documents (110636 virtual)
18:23:31  176 batches submitted to accumulate stats from 11264 documents (110779 virtual)
18:23:31  177 batches submitted to accumulate stats from 11328 documents (111654 virtual)
18:23:31  178 batches submitted to accumulate stats from 11392 documents (112798 virtual)
18:23:31  179 batches submitted to accumulate stats from 11456 documents (113392 virtual)
18:23:31  180 batches submitted to accumulate stats from 11520 documents (114923 virtual)
18:23:31  181 batches submitted to accumulate stats from 11584 documents (117003 virtual)
18:23:31  182 batches submitted to accumulate stats from 11648 documents (117732 virtual)
18:23:31  183 batches submitted to accumulate stats from 11712 documents (119484 virtual)
18:23:31  184 batches submitted to accumulate stats from 11776 documents (120583 virtual)
18:23:31  185 batches submitted to accumulate stats from 11840 documents (121595 virtual)
18:23:31  186 batches submitted to accumulate stats from 11904 documents (122257 virtual)
18:23:31  187 batches submitted to accumulate stats from 11968 documents (123065 virtual)
18:23:31  188 batches submitted to accumulate stats from 12032 documents (124080 virtual)
18:23:31  189 batches submitted to accumulate stats from 12096 documents (125621 virtual)
18:23:31  190 batches submitted to accumulate stats from 12160 documents (125927 virtual)
18:23:31  191 batches submitted to accumulate stats from 12224 documents (126310 virtual)
18:23:31  192 batches submitted to accumulate stats from 12288 documents (127395 virtual)
18:23:31  193 batches submitted to accumulate stats from 12352 documents (128754 virtual)
18:23:31  194 batches submitted to accumulate stats from 12416 documents (130470 virtual)
18:23:31  195 batches submitted to accumulate stats from 12480 documents (132211 virtual)
18:23:31  196 batches submitted to accumulate stats from 12544 documents (133256 virtual)
18:23:31  197 batches submitted to accumulate stats from 12608 documents (134215 virtual)
18:23:31  198 batches submitted to accumulate stats from 12672 documents (135011 virtual)
18:23:31  199 batches submitted to accumulate stats from 12736 documents (135371 virtual)
18:23:31  200 batches submitted to accumulate stats from 12800 documents (136235 virtual)
18:23:31  201 batches submitted to accumulate stats from 12864 documents (137090 virtual)
18:23:31  202 batches submitted to accumulate stats from 12928 documents (138054 virtual)
18:23:31  203 batches submitted to accumulate stats from 12992 documents (139079 virtual)
18:23:31  204 batches submitted to accumulate stats from 13056 documents (141200 virtual)
18:23:31  205 batches submitted to accumulate stats from 13120 documents (142240 virtual)
18:23:31  206 batches submitted to accumulate stats from 13184 documents (143688 virtual)
18:23:31  207 batches submitted to accumulate stats from 13248 documents (144883 virtual)
18:23:31  208 batches submitted to accumulate stats from 13312 documents (145674 virtual)
18:23:31  209 batches submitted to accumulate stats from 13376 documents (146981 virtual)
18:23:31  210 batches submitted to accumulate stats from 13440 documents (147627 virtual)
18:23:31  211 batches submitted to accumulate stats from 13504 documents (148038 virtual)
18:23:31  212 batches submitted to accumulate stats from 13568 documents (149025 virtual)
18:23:31  213 batches submitted to accumulate stats from 13632 documents (150189 virtual)
18:23:31  214 batches submitted to accumulate stats from 13696 documents (151439 virtual)
18:23:31  215 batches submitted to accumulate stats from 13760 documents (152520 virtual)
18:23:31  216 batches submitted to accumulate stats from 13824 documents (153315 virtual)
18:23:31  217 batches submitted to accumulate stats from 13888 documents (154364 virtual)
18:23:31  218 batches submitted to accumulate stats from 13952 documents (155262 virtual)
18:23:31  219 batches submitted to accumulate stats from 14016 documents (156054 virtual)
18:23:31  220 batches submitted to accumulate stats from 14080 documents (156986 virtual)
18:23:31  221 batches submitted to accumulate stats from 14144 documents (157645 virtual)
18:23:31  222 batches submitted to accumulate stats from 14208 documents (158752 virtual)
18:23:31  223 batches submitted to accumulate stats from 14272 documents (159961 virtual)
18:23:31  224 batches submitted to accumulate stats from 14336 documents (160583 virtual)
18:23:31  225 batches submitted to accumulate stats from 14400 documents (162031 virtual)
18:23:31  226 batches submitted to accumulate stats from 14464 documents (163081 virtual)
18:23:31  227 batches submitted to accumulate stats from 14528 documents (163987 virtual)
18:23:31  228 batches submitted to accumulate stats from 14592 documents (164599 virtual)
18:23:31  229 batches submitted to accumulate stats from 14656 documents (166003 virtual)
18:23:31  230 batches submitted to accumulate stats from 14720 documents (167082 virtual)
18:23:31  231 batches submitted to accumulate stats from 14784 documents (167926 virtual)
18:23:31  232 batches submitted to accumulate stats from 14848 documents (168389 virtual)
18:23:31  233 batches submitted to accumulate stats from 14912 documents (169479 virtual)
18:23:31  234 batches submitted to accumulate stats from 14976 documents (171362 virtual)
18:23:31  235 batches submitted to accumulate stats from 15040 documents (172311 virtual)
18:23:31  236 batches submitted to accumulate stats from 15104 documents (173019 virtual)
18:23:31  237 batches submitted to accumulate stats from 15168 documents (174461 virtual)
18:23:31  238 batches submitted to accumulate stats from 15232 documents (174914 virtual)
18:23:31  239 batches submitted to accumulate stats from 15296 documents (176192 virtual)
18:23:31  240 batches submitted to accumulate stats from 15360 documents (176409 virtual)
18:23:31  241 batches submitted to accumulate stats from 15424 documents (177525 virtual)
18:23:31  242 batches submitted to accumulate stats from 15488 documents (179115 virtual)
18:23:31  243 batches submitted to accumulate stats from 15552 documents (180241 virtual)
18:23:31  244 batches submitted to accumulate stats from 15616 documents (180917 virtual)
18:23:31  245 batches submitted to accumulate stats from 15680 documents (182402 virtual)
18:23:31  246 batches submitted to accumulate stats from 15744 documents (183920 virtual)
18:23:31  247 batches submitted to accumulate stats from 15808 documents (184895 virtual)
18:23:31  248 batches submitted to accumulate stats from 15872 documents (185153 virtual)
18:23:31  249 batches submitted to accumulate stats from 15936 documents (185885 virtual)
18:23:31  250 batches submitted to accumulate stats from 16000 documents (185993 virtual)
18:23:31  251 batches submitted to accumulate stats from 16064 documents (186120 virtual)
18:23:31  252 batches submitted to accumulate stats from 16128 documents (186443 virtual)
18:23:31  253 batches submitted to accumulate stats from 16192 documents (187178 virtual)
18:23:31  254 batches submitted to accumulate stats from 16256 documents (188771 virtual)
18:23:31  255 batches submitted to accumulate stats from 16320 documents (189922 virtual)
18:23:31  256 batches submitted to accumulate stats from 16384 documents (191219 virtual)
18:23:31  257 batches submitted to accumulate stats from 16448 documents (193144 virtual)
18:23:31  258 batches submitted to accumulate stats from 16512 documents (194602 virtual)
18:23:31  259 batches submitted to accumulate stats from 16576 documents (195604 virtual)
18:23:31  260 batches submitted to accumulate stats from 16640 documents (195802 virtual)
18:23:31  262 batches submitted to accumulate stats from 16768 documents (196972 virtual)
18:23:31  263 batches submitted to accumulate stats from 16832 documents (198565 virtual)
18:23:31  264 batches submitted to accumulate stats from 16896 documents (199870 virtual)
18:23:31  266 batches submitted to accumulate stats from 17024 documents (200837 virtual)
18:23:31  267 batches submitted to accumulate stats from 17088 documents (201136 virtual)
18:23:31  268 batches submitted to accumulate stats from 17152 documents (201435 virtual)
18:23:31  270 batches submitted to accumulate stats from 17280 documents (201942 virtual)
18:23:31  271 batches submitted to accumulate stats from 17344 documents (202399 virtual)
18:23:31  272 batches submitted to accumulate stats from 17408 documents (203379 virtual)
18:23:31  273 batches submitted to accumulate stats from 17472 documents (204229 virtual)
18:23:31  274 batches submitted to accumulate stats from 17536 documents (204471 virtual)
18:23:31  275 batches submitted to accumulate stats from 17600 documents (205039 virtual)
18:23:31  276 batches submitted to accumulate stats from 17664 documents (205112 virtual)
18:23:31  277 batches submitted to accumulate stats from 17728 documents (205552 virtual)
18:23:31  280 batches submitted to accumulate stats from 17920 documents (206081 virtual)
18:23:31  281 batches submitted to accumulate stats from 17984 documents (207517 virtual)
18:23:31  282 batches submitted to accumulate stats from 18048 documents (208618 virtual)
18:23:31  283 batches submitted to accumulate stats from 18112 documents (209835 virtual)
18:23:31  284 batches submitted to accumulate stats from 18176 documents (211265 virtual)
18:23:31  285 batches submitted to accumulate stats from 18240 documents (211709 virtual)
18:23:31  286 batches submitted to accumulate stats from 18304 documents (212626 virtual)
18:23:31  287 batches submitted to accumulate stats from 18368 documents (213228 virtual)
18:23:31  288 batches submitted to accumulate stats from 18432 documents (214908 virtual)
18:23:31  289 batches submitted to accumulate stats from 18496 documents (215882 virtual)
18:23:31  290 batches submitted to accumulate stats from 18560 documents (216188 virtual)
18:23:31  291 batches submitted to accumulate stats from 18624 documents (217290 virtual)
18:23:31  292 batches submitted to accumulate stats from 18688 documents (217991 virtual)
18:23:31  293 batches submitted to accumulate stats from 18752 documents (218861 virtual)
18:23:31  295 batches submitted to accumulate stats from 18880 documents (219497 virtual)
18:23:31  296 batches submitted to accumulate stats from 18944 documents (219518 virtual)
18:23:31  298 batches submitted to accumulate stats from 19072 documents (220095 virtual)
18:23:31  299 batches submitted to accumulate stats from 19136 documents (220619 virtual)
18:23:31  300 batches submitted to accumulate stats from 19200 documents (220793 virtual)
18:23:31  301 batches submitted to accumulate stats from 19264 documents (221805 virtual)
18:23:31  302 batches submitted to accumulate stats from 19328 documents (222301 virtual)
18:23:31  303 batches submitted to accumulate stats from 19392 documents (223752 virtual)
18:23:31  305 batches submitted to accumulate stats from 19520 documents (224189 virtual)
18:23:31  306 batches submitted to accumulate stats from 19584 documents (225912 virtual)
18:23:31  307 batches submitted to accumulate stats from 19648 documents (226451 virtual)
18:23:31  308 batches submitted to accumulate stats from 19712 documents (226827 virtual)
18:23:31  309 batches submitted to accumulate stats from 19776 documents (227068 virtual)
18:23:31  310 batches submitted to accumulate stats from 19840 documents (227416 virtual)
18:23:31  311 batches submitted to accumulate stats from 19904 documents (227881 virtual)
18:23:31  312 batches submitted to accumulate stats from 19968 documents (228226 virtual)
18:23:31  313 batches submitted to accumulate stats from 20032 documents (228607 virtual)
18:23:31  314 batches submitted to accumulate stats from 20096 documents (229035 virtual)
18:23:31  315 batches submitted to accumulate stats from 20160 documents (229477 virtual)
18:23:31  317 batches submitted to accumulate stats from 20288 documents (229299 virtual)
18:23:31  318 batches submitted to accumulate stats from 20352 documents (229764 virtual)
18:23:31  319 batches submitted to accumulate stats from 20416 documents (230090 virtual)
18:23:31  320 batches submitted to accumulate stats from 20480 documents (230729 virtual)
18:23:31  321 batches submitted to accumulate stats from 20544 documents (231178 virtual)
18:23:31  322 batches submitted to accumulate stats from 20608 documents (231650 virtual)
18:23:31  325 batches submitted to accumulate stats from 20800 documents (231647 virtual)
18:23:31  326 batches submitted to accumulate stats from 20864 documents (232126 virtual)
18:23:31  328 batches submitted to accumulate stats from 20992 documents (232637 virtual)
18:23:31  329 batches submitted to accumulate stats from 21056 documents (232662 virtual)
18:23:31  330 batches submitted to accumulate stats from 21120 documents (232682 virtual)
18:23:31  331 batches submitted to accumulate stats from 21184 documents (233011 virtual)
18:23:31  332 batches submitted to accumulate stats from 21248 documents (234397 virtual)
18:23:31  333 batches submitted to accumulate stats from 21312 documents (235313 virtual)
18:23:31  334 batches submitted to accumulate stats from 21376 documents (236278 virtual)
18:23:31  335 batches submitted to accumulate stats from 21440 documents (237329 virtual)
18:23:31  336 batches submitted to accumulate stats from 21504 documents (238963 virtual)
18:23:31  337 batches submitted to accumulate stats from 21568 documents (240437 virtual)
18:23:31  338 batches submitted to accumulate stats from 21632 documents (241964 virtual)
18:23:31  339 batches submitted to accumulate stats from 21696 documents (243508 virtual)
18:23:31  340 batches submitted to accumulate stats from 21760 documents (244484 virtual)
18:23:31  341 batches submitted to accumulate stats from 21824 documents (245586 virtual)
18:23:31  342 batches submitted to accumulate stats from 21888 documents (245933 virtual)
18:23:31  343 batches submitted to accumulate stats from 21952 documents (247299 virtual)
18:23:31  344 batches submitted to accumulate stats from 22016 documents (248636 virtual)
18:23:31  345 batches submitted to accumulate stats from 22080 documents (249890 virtual)
18:23:31  346 batches submitted to accumulate stats from 22144 documents (250923 virtual)
18:23:31  347 batches submitted to accumulate stats from 22208 documents (251927 virtual)
18:23:31  348 batches submitted to accumulate stats from 22272 documents (252993 virtual)
18:23:31  349 batches submitted to accumulate stats from 22336 documents (254541 virtual)
18:23:31  350 batches submitted to accumulate stats from 22400 documents (256686 virtual)
18:23:31  351 batches submitted to accumulate stats from 22464 documents (258061 virtual)
18:23:31  352 batches submitted to accumulate stats from 22528 documents (259435 virtual)
18:23:31  353 batches submitted to accumulate stats from 22592 documents (260552 virtual)
18:23:31  354 batches submitted to accumulate stats from 22656 documents (262610 virtual)
18:23:31  355 batches submitted to accumulate stats from 22720 documents (263745 virtual)
18:23:31  356 batches submitted to accumulate stats from 22784 documents (265022 virtual)
18:23:31  357 batches submitted to accumulate stats from 22848 documents (266435 virtual)
18:23:31  358 batches submitted to accumulate stats from 22912 documents (267685 virtual)
18:23:31  359 batches submitted to accumulate stats from 22976 documents (268423 virtual)
18:23:31  360 batches submitted to accumulate stats from 23040 documents (269486 virtual)
18:23:31  361 batches submitted to accumulate stats from 23104 documents (271430 virtual)
18:23:31  362 batches submitted to accumulate stats from 23168 documents (272328 virtual)
18:23:31  363 batches submitted to accumulate stats from 23232 documents (273691 virtual)
18:23:31  364 batches submitted to accumulate stats from 23296 documents (274943 virtual)
18:23:31  365 batches submitted to accumulate stats from 23360 documents (275128 virtual)
18:23:31  366 batches submitted to accumulate stats from 23424 documents (276443 virtual)
18:23:31  367 batches submitted to accumulate stats from 23488 documents (277300 virtual)
18:23:31  368 batches submitted to accumulate stats from 23552 documents (277599 virtual)
18:23:31  369 batches submitted to accumulate stats from 23616 documents (279033 virtual)
18:23:31  370 batches submitted to accumulate stats from 23680 documents (280125 virtual)
18:23:31  371 batches submitted to accumulate stats from 23744 documents (281427 virtual)
18:23:31  372 batches submitted to accumulate stats from 23808 documents (282902 virtual)
18:23:31  373 batches submitted to accumulate stats from 23872 documents (283507 virtual)
18:23:31  374 batches submitted to accumulate stats from 23936 documents (283771 virtual)
18:23:31  375 batches submitted to accumulate stats from 24000 documents (285566 virtual)
18:23:31  376 batches submitted to accumulate stats from 24064 documents (287508 virtual)
18:23:31  377 batches submitted to accumulate stats from 24128 documents (288298 virtual)
18:23:31  378 batches submitted to accumulate stats from 24192 documents (288806 virtual)
18:23:31  379 batches submitted to accumulate stats from 24256 documents (290190 virtual)
18:23:31  380 batches submitted to accumulate stats from 24320 documents (290760 virtual)
18:23:31  381 batches submitted to accumulate stats from 24384 documents (291162 virtual)
18:23:31  382 batches submitted to accumulate stats from 24448 documents (291729 virtual)
18:23:31  383 batches submitted to accumulate stats from 24512 documents (292194 virtual)
18:23:31  384 batches submitted to accumulate stats from 24576 documents (293099 virtual)
18:23:31  385 batches submitted to accumulate stats from 24640 documents (293948 virtual)
18:23:31  386 batches submitted to accumulate stats from 24704 documents (295090 virtual)
18:23:31  387 batches submitted to accumulate stats from 24768 documents (296840 virtual)
18:23:31  388 batches submitted to accumulate stats from 24832 documents (297330 virtual)
18:23:31  389 batches submitted to accumulate stats from 24896 documents (297790 virtual)
18:23:31  390 batches submitted to accumulate stats from 24960 documents (298494 virtual)
18:23:31  391 batches submitted to accumulate stats from 25024 documents (299618 virtual)
18:23:31  392 batches submitted to accumulate stats from 25088 documents (300063 virtual)
18:23:31  393 batches submitted to accumulate stats from 25152 documents (301432 virtual)
18:23:31  394 batches submitted to accumulate stats from 25216 documents (302246 virtual)
18:23:31  395 batches submitted to accumulate stats from 25280 documents (302503 virtual)
18:23:31  396 batches submitted to accumulate stats from 25344 documents (303055 virtual)
18:23:31  397 batches submitted to accumulate stats from 25408 documents (304411 virtual)
18:23:31  398 batches submitted to accumulate stats from 25472 documents (305347 virtual)
18:23:31  399 batches submitted to accumulate stats from 25536 documents (305616 virtual)
18:23:31  400 batches submitted to accumulate stats from 25600 documents (306702 virtual)
18:23:31  401 batches submitted to accumulate stats from 25664 documents (307110 virtual)
18:23:31  402 batches submitted to accumulate stats from 25728 documents (307910 virtual)
18:23:31  403 batches submitted to accumulate stats from 25792 documents (308604 virtual)
18:23:31  404 batches submitted to accumulate stats from 25856 documents (308702 virtual)
18:23:31  405 batches submitted to accumulate stats from 25920 documents (309326 virtual)
18:23:31  406 batches submitted to accumulate stats from 25984 documents (310839 virtual)
18:23:31  407 batches submitted to accumulate stats from 26048 documents (311764 virtual)
18:23:31  408 batches submitted to accumulate stats from 26112 documents (312649 virtual)
18:23:31  409 batches submitted to accumulate stats from 26176 documents (313279 virtual)
18:23:31  410 batches submitted to accumulate stats from 26240 documents (313688 virtual)
18:23:31  411 batches submitted to accumulate stats from 26304 documents (314356 virtual)
18:23:31  412 batches submitted to accumulate stats from 26368 documents (315581 virtual)
18:23:31  413 batches submitted to accumulate stats from 26432 documents (316291 virtual)
18:23:31  414 batches submitted to accumulate stats from 26496 documents (317448 virtual)
18:23:31  415 batches submitted to accumulate stats from 26560 documents (318418 virtual)
18:23:31  416 batches submitted to accumulate stats from 26624 documents (319082 virtual)
18:23:31  417 batches submitted to accumulate stats from 26688 documents (319442 virtual)
18:23:31  418 batches submitted to accumulate stats from 26752 documents (320258 virtual)
18:23:31  419 batches submitted to accumulate stats from 26816 documents (321195 virtual)
18:23:31  420 batches submitted to accumulate stats from 26880 documents (322692 virtual)
18:23:31  421 batches submitted to accumulate stats from 26944 documents (323529 virtual)
18:23:31  422 batches submitted to accumulate stats from 27008 documents (323588 virtual)
18:23:31  423 batches submitted to accumulate stats from 27072 documents (324363 virtual)
18:23:31  424 batches submitted to accumulate stats from 27136 documents (324745 virtual)
18:23:31  425 batches submitted to accumulate stats from 27200 documents (325134 virtual)
18:23:31  426 batches submitted to accumulate stats from 27264 documents (326512 virtual)
18:23:31  427 batches submitted to accumulate stats from 27328 documents (327479 virtual)
18:23:31  428 batches submitted to accumulate stats from 27392 documents (328133 virtual)
18:23:31  430 batches submitted to accumulate stats from 27520 documents (328985 virtual)
18:23:31  431 batches submitted to accumulate stats from 27584 documents (330233 virtual)
18:23:31  432 batches submitted to accumulate stats from 27648 documents (330698 virtual)
18:23:31  433 batches submitted to accumulate stats from 27712 documents (330885 virtual)
18:23:31  434 batches submitted to accumulate stats from 27776 documents (331068 virtual)
18:23:31  439 batches submitted to accumulate stats from 28096 documents (330838 virtual)
18:23:31  440 batches submitted to accumulate stats from 28160 documents (331444 virtual)
18:23:31  443 batches submitted to accumulate stats from 28352 documents (331422 virtual)
18:23:31  445 batches submitted to accumulate stats from 28480 documents (331965 virtual)
18:23:31  446 batches submitted to accumulate stats from 28544 documents (332638 virtual)
18:23:31  447 batches submitted to accumulate stats from 28608 documents (332908 virtual)
18:23:31  449 batches submitted to accumulate stats from 28736 documents (333069 virtual)
18:23:31  450 batches submitted to accumulate stats from 28800 documents (333705 virtual)
18:23:31  452 batches submitted to accumulate stats from 28928 documents (333925 virtual)
18:23:31  453 batches submitted to accumulate stats from 28992 documents (334888 virtual)
18:23:31  454 batches submitted to accumulate stats from 29056 documents (335087 virtual)
18:23:31  456 batches submitted to accumulate stats from 29184 documents (335123 virtual)
18:23:31  459 batches submitted to accumulate stats from 29376 documents (334732 virtual)
18:23:31  460 batches submitted to accumulate stats from 29440 documents (335431 virtual)
18:23:31  461 batches submitted to accumulate stats from 29504 documents (336173 virtual)
18:23:31  462 batches submitted to accumulate stats from 29568 documents (336881 virtual)
18:23:31  463 batches submitted to accumulate stats from 29632 documents (336997 virtual)
18:23:31  470 batches submitted to accumulate stats from 30080 documents (335531 virtual)
18:23:31  472 batches submitted to accumulate stats from 30208 documents (336001 virtual)
18:23:31  473 batches submitted to accumulate stats from 30272 documents (337337 virtual)
18:23:31  474 batches submitted to accumulate stats from 30336 documents (338593 virtual)
18:23:31  475 batches submitted to accumulate stats from 30400 documents (339505 virtual)
18:23:31  476 batches submitted to accumulate stats from 30464 documents (340645 virtual)
18:23:31  477 batches submitted to accumulate stats from 30528 documents (341955 virtual)
18:23:31  478 batches submitted to accumulate stats from 30592 documents (342701 virtual)
18:23:31  479 batches submitted to accumulate stats from 30656 documents (343314 virtual)
18:23:31  480 batches submitted to accumulate stats from 30720 documents (344568 virtual)
18:23:31  481 batches submitted to accumulate stats from 30784 documents (345159 virtual)
18:23:31  482 batches submitted to accumulate stats from 30848 documents (346216 virtual)
18:23:31  483 batches submitted to accumulate stats from 30912 documents (346942 virtual)
18:23:31  484 batches submitted to accumulate stats from 30976 documents (348165 virtual)
18:23:31  485 batches submitted to accumulate stats from 31040 documents (349171 virtual)
18:23:31  486 batches submitted to accumulate stats from 31104 documents (349917 virtual)
18:23:31  487 batches submitted to accumulate stats from 31168 documents (350870 virtual)
18:23:31  488 batches submitted to accumulate stats from 31232 documents (351319 virtual)
18:23:31  489 batches submitted to accumulate stats from 31296 documents (351770 virtual)
18:23:31  490 batches submitted to accumulate stats from 31360 documents (353158 virtual)
18:23:31  491 batches submitted to accumulate stats from 31424 documents (354743 virtual)
18:23:31  492 batches submitted to accumulate stats from 31488 documents (356122 virtual)
18:23:31  493 batches submitted to accumulate stats from 31552 documents (356347 virtual)
18:23:31  494 batches submitted to accumulate stats from 31616 documents (356548 virtual)
18:23:31  495 batches submitted to accumulate stats from 31680 documents (357637 virtual)
18:23:31  496 batches submitted to accumulate stats from 31744 documents (359470 virtual)
18:23:31  497 batches submitted to accumulate stats from 31808 documents (360626 virtual)
18:23:31  498 batches submitted to accumulate stats from 31872 documents (361183 virtual)
18:23:31  499 batches submitted to accumulate stats from 31936 documents (361626 virtual)
18:23:31  500 batches submitted to accumulate stats from 32000 documents (361872 virtual)
18:23:31  501 batches submitted to accumulate stats from 32064 documents (362859 virtual)
18:23:31  502 batches submitted to accumulate stats from 32128 documents (364344 virtual)
18:23:31  503 batches submitted to accumulate stats from 32192 documents (364860 virtual)
18:23:31  504 batches submitted to accumulate stats from 32256 documents (365205 virtual)
18:23:31  505 batches submitted to accumulate stats from 32320 documents (365586 virtual)
18:23:31  506 batches submitted to accumulate stats from 32384 documents (366802 virtual)
18:23:31  507 batches submitted to accumulate stats from 32448 documents (368259 virtual)
18:23:31  508 batches submitted to accumulate stats from 32512 documents (368969 virtual)
18:23:31  509 batches submitted to accumulate stats from 32576 documents (369029 virtual)
18:23:31  510 batches submitted to accumulate stats from 32640 documents (369450 virtual)
18:23:31  511 batches submitted to accumulate stats from 32704 documents (370933 virtual)
18:23:31  512 batches submitted to accumulate stats from 32768 documents (372113 virtual)
18:23:31  513 batches submitted to accumulate stats from 32832 documents (372591 virtual)
18:23:31  514 batches submitted to accumulate stats from 32896 documents (373160 virtual)
18:23:31  515 batches submitted to accumulate stats from 32960 documents (373451 virtual)
18:23:31  516 batches submitted to accumulate stats from 33024 documents (374491 virtual)
18:23:31  517 batches submitted to accumulate stats from 33088 documents (375150 virtual)
18:23:31  518 batches submitted to accumulate stats from 33152 documents (375745 virtual)
18:23:31  519 batches submitted to accumulate stats from 33216 documents (375840 virtual)
18:23:31  520 batches submitted to accumulate stats from 33280 documents (376345 virtual)
18:23:31  521 batches submitted to accumulate stats from 33344 documents (377699 virtual)
18:23:31  522 batches submitted to accumulate stats from 33408 documents (378614 virtual)
18:23:31  523 batches submitted to accumulate stats from 33472 documents (379033 virtual)
18:23:31  524 batches submitted to accumulate stats from 33536 documents (380167 virtual)
18:23:31  525 batches submitted to accumulate stats from 33600 documents (381208 virtual)
18:23:31  527 batches submitted to accumulate stats from 33728 documents (382076 virtual)
18:23:31  528 batches submitted to accumulate stats from 33792 documents (382611 virtual)
18:23:31  529 batches submitted to accumulate stats from 33856 documents (383626 virtual)
18:23:31  530 batches submitted to accumulate stats from 33920 documents (384335 virtual)
18:23:31  532 batches submitted to accumulate stats from 34048 documents (384328 virtual)
18:23:31  533 batches submitted to accumulate stats from 34112 documents (385147 virtual)
18:23:31  534 batches submitted to accumulate stats from 34176 documents (386601 virtual)
18:23:31  535 batches submitted to accumulate stats from 34240 documents (387336 virtual)
18:23:31  536 batches submitted to accumulate stats from 34304 documents (387936 virtual)
18:23:31  537 batches submitted to accumulate stats from 34368 documents (388837 virtual)
18:23:31  538 batches submitted to accumulate stats from 34432 documents (388933 virtual)
18:23:31  539 batches submitted to accumulate stats from 34496 documents (389233 virtual)
18:23:31  541 batches submitted to accumulate stats from 34624 documents (389444 virtual)
18:23:31  544 batches submitted to accumulate stats from 34816 documents (388792 virtual)
18:23:31  545 batches submitted to accumulate stats from 34880 documents (388823 virtual)
18:23:31  546 batches submitted to accumulate stats from 34944 documents (389047 virtual)
18:23:31  553 batches submitted to accumulate stats from 35392 documents (387757 virtual)
18:23:31  554 batches submitted to accumulate stats from 35456 documents (388459 virtual)
18:23:31  555 batches submitted to accumulate stats from 35520 documents (389205 virtual)
18:23:31  560 batches submitted to accumulate stats from 35840 documents (387600 virtual)
18:23:31  561 batches submitted to accumulate stats from 35904 documents (388794 virtual)
18:23:31  562 batches submitted to accumulate stats from 35968 documents (389629 virtual)
18:23:31  563 batches submitted to accumulate stats from 36032 documents (390829 virtual)
18:23:31  564 batches submitted to accumulate stats from 36096 documents (391331 virtual)
18:23:31  565 batches submitted to accumulate stats from 36160 documents (392050 virtual)
18:23:31  566 batches submitted to accumulate stats from 36224 documents (392542 virtual)
18:23:31  567 batches submitted to accumulate stats from 36288 documents (393211 virtual)
18:23:31  568 batches submitted to accumulate stats from 36352 documents (393449 virtual)
18:23:31  569 batches submitted to accumulate stats from 36416 documents (394626 virtual)
18:23:31  570 batches submitted to accumulate stats from 36480 documents (395648 virtual)
18:23:31  571 batches submitted to accumulate stats from 36544 documents (396454 virtual)
18:23:31  572 batches submitted to accumulate stats from 36608 documents (397079 virtual)
18:23:31  573 batches submitted to accumulate stats from 36672 documents (397431 virtual)
18:23:31  574 batches submitted to accumulate stats from 36736 documents (398318 virtual)
18:23:31  575 batches submitted to accumulate stats from 36800 documents (399803 virtual)
18:23:31  576 batches submitted to accumulate stats from 36864 documents (400379 virtual)
18:23:31  578 batches submitted to accumulate stats from 36992 documents (402058 virtual)
18:23:31  579 batches submitted to accumulate stats from 37056 documents (403322 virtual)
18:23:31  582 batches submitted to accumulate stats from 37248 documents (403437 virtual)
18:23:31  583 batches submitted to accumulate stats from 37312 documents (403893 virtual)
18:23:31  584 batches submitted to accumulate stats from 37376 documents (403934 virtual)
18:23:31  585 batches submitted to accumulate stats from 37440 documents (404073 virtual)
18:23:31  586 batches submitted to accumulate stats from 37504 documents (404640 virtual)
18:23:31  587 batches submitted to accumulate stats from 37568 documents (405495 virtual)
18:23:31  588 batches submitted to accumulate stats from 37632 documents (406369 virtual)
18:23:31  589 batches submitted to accumulate stats from 37696 documents (406673 virtual)
18:23:31  590 batches submitted to accumulate stats from 37760 documents (407564 virtual)
18:23:31  591 batches submitted to accumulate stats from 37824 documents (408447 virtual)
18:23:31  592 batches submitted to accumulate stats from 37888 documents (408712 virtual)
18:23:31  593 batches submitted to accumulate stats from 37952 documents (409498 virtual)
18:23:31  594 batches submitted to accumulate stats from 38016 documents (410610 virtual)
18:23:31  595 batches submitted to accumulate stats from 38080 documents (410961 virtual)
18:23:31  596 batches submitted to accumulate stats from 38144 documents (411260 virtual)
18:23:31  597 batches submitted to accumulate stats from 38208 documents (411480 virtual)
18:23:31  598 batches submitted to accumulate stats from 38272 documents (412476 virtual)
18:23:31  599 batches submitted to accumulate stats from 38336 documents (412630 virtual)
18:23:31  600 batches submitted to accumulate stats from 38400 documents (413059 virtual)
18:23:31  601 batches submitted to accumulate stats from 38464 documents (414801 virtual)
18:23:31  602 batches submitted to accumulate stats from 38528 documents (415375 virtual)
18:23:31  603 batches submitted to accumulate stats from 38592 documents (415653 virtual)
18:23:31  605 batches submitted to accumulate stats from 38720 documents (415772 virtual)
18:23:31  606 batches submitted to accumulate stats from 38784 documents (416124 virtual)
18:23:31  608 batches submitted to accumulate stats from 38912 documents (416863 virtual)
18:23:31  609 batches submitted to accumulate stats from 38976 documents (417214 virtual)
18:23:31  615 batches submitted to accumulate stats from 39360 documents (415734 virtual)
18:23:31  619 batches submitted to accumulate stats from 39616 documents (414885 virtual)
18:23:31  620 batches submitted to accumulate stats from 39680 documents (415102 virtual)
18:23:31  621 batches submitted to accumulate stats from 39744 documents (416262 virtual)
18:23:31  622 batches submitted to accumulate stats from 39808 documents (416400 virtual)
18:23:31  635 batches submitted to accumulate stats from 40640 documents (406111 virtual)
18:23:31  636 batches submitted to accumulate stats from 40704 documents (406224 virtual)
18:23:31  637 batches submitted to accumulate stats from 40768 documents (406892 virtual)
18:23:31  639 batches submitted to accumulate stats from 40896 documents (406947 virtual)
18:23:31  641 batches submitted to accumulate stats from 41024 documents (407057 virtual)
18:23:31  serializing accumulator to return to master...
18:23:31  accumulator serialized
18:23:31  serializing accumulator to return to master...
18:23:31  accumulator serialized
18:23:31  serializing accumulator to return to master...
18:23:31  accumulator serialized
18:23:31  serializing accumulator to return to master...
18:23:31  accumulator serialized
18:23:31  serializing accumulator to return to master...
18:23:31  accumulator serialized
18:23:31  serializing accumulator to return to master...
18:23:31  accumulator serialized
18:23:31  serializing accumulator to return to master...
18:23:31  serializing accumulator to return to master...
18:23:31  accumulator serialized
18:23:31  accumulator serialized
18:23:31  serializing accumulator to return to master...
18:23:31  accumulator serialized
18:23:31  9 accumulators retrieved from output queue
18:23:32  accumulated word occurrence stats for 852672 virtual documents
18:23:32    Transforming 1557 policy chunks...
18:23:38    ✅ M3_Multilingual results:
18:23:38       Topics found:          18
18:23:38       Coherence (c_v):        0.5798
18:23:38       Diversity:              0.6556
18:23:38       Outlier rate (Scopus):  42.5%
18:23:38       Outlier rate (Policy):  86.1%
18:23:38  
18:23:38    🏆 Best model: M1_Base (score=0.3278)
18:23:38  
18:23:38  ============================================================
18:23:38    STAGE 3 — HYPERPARAMETER TUNING
18:23:38  ============================================================
18:23:38    Embedding model: all-MiniLM-L6-v2
18:23:38    Grid size: 5 configurations
18:23:38    [1/5] Testing: {'min_cluster_size': 20, 'n_neighbors': 10, 'n_components': 5}
18:23:38  Use pytorch device_name: mps
18:23:38  Load pretrained SentenceTransformer: all-MiniLM-L6-v2
18:23:38  HTTP Request: HEAD https://huggingface.co/sentence-transformers/all-MiniLM-L6-v2/resolve/main/modules.json "HTTP/1.1 307 Temporary Redirect"
18:23:38  HTTP Request: HEAD https://huggingface.co/api/resolve-cache/models/sentence-transformers/all-MiniLM-L6-v2/c9745ed1d9f207416be6d2e6f8de32d1f16199bf/modules.json "HTTP/1.1 200 OK"
18:23:38  HTTP Request: HEAD https://huggingface.co/sentence-transformers/all-MiniLM-L6-v2/resolve/main/config_sentence_transformers.json "HTTP/1.1 307 Temporary Redirect"
18:23:38  HTTP Request: HEAD https://huggingface.co/api/resolve-cache/models/sentence-transformers/all-MiniLM-L6-v2/c9745ed1d9f207416be6d2e6f8de32d1f16199bf/config_sentence_transformers.json "HTTP/1.1 200 OK"
18:23:38  HTTP Request: HEAD https://huggingface.co/sentence-transformers/all-MiniLM-L6-v2/resolve/main/config_sentence_transformers.json "HTTP/1.1 307 Temporary Redirect"
18:23:38  HTTP Request: HEAD https://huggingface.co/api/resolve-cache/models/sentence-transformers/all-MiniLM-L6-v2/c9745ed1d9f207416be6d2e6f8de32d1f16199bf/config_sentence_transformers.json "HTTP/1.1 200 OK"
18:23:38  HTTP Request: HEAD https://huggingface.co/sentence-transformers/all-MiniLM-L6-v2/resolve/main/README.md "HTTP/1.1 307 Temporary Redirect"
18:23:38  HTTP Request: HEAD https://huggingface.co/api/resolve-cache/models/sentence-transformers/all-MiniLM-L6-v2/c9745ed1d9f207416be6d2e6f8de32d1f16199bf/README.md "HTTP/1.1 200 OK"
18:23:38  HTTP Request: HEAD https://huggingface.co/sentence-transformers/all-MiniLM-L6-v2/resolve/main/modules.json "HTTP/1.1 307 Temporary Redirect"
18:23:38  HTTP Request: HEAD https://huggingface.co/api/resolve-cache/models/sentence-transformers/all-MiniLM-L6-v2/c9745ed1d9f207416be6d2e6f8de32d1f16199bf/modules.json "HTTP/1.1 200 OK"
18:23:38  HTTP Request: HEAD https://huggingface.co/sentence-transformers/all-MiniLM-L6-v2/resolve/main/sentence_bert_config.json "HTTP/1.1 307 Temporary Redirect"
18:23:38  HTTP Request: HEAD https://huggingface.co/api/resolve-cache/models/sentence-transformers/all-MiniLM-L6-v2/c9745ed1d9f207416be6d2e6f8de32d1f16199bf/sentence_bert_config.json "HTTP/1.1 200 OK"
18:23:38  HTTP Request: HEAD https://huggingface.co/sentence-transformers/all-MiniLM-L6-v2/resolve/main/adapter_config.json "HTTP/1.1 404 Not Found"
18:23:38  HTTP Request: HEAD https://huggingface.co/sentence-transformers/all-MiniLM-L6-v2/resolve/main/config.json "HTTP/1.1 307 Temporary Redirect"
18:23:38  HTTP Request: HEAD https://huggingface.co/api/resolve-cache/models/sentence-transformers/all-MiniLM-L6-v2/c9745ed1d9f207416be6d2e6f8de32d1f16199bf/config.json "HTTP/1.1 200 OK"
18:23:38  HTTP Request: HEAD https://huggingface.co/sentence-transformers/all-MiniLM-L6-v2/resolve/main/config.json "HTTP/1.1 307 Temporary Redirect"
18:23:38  HTTP Request: HEAD https://huggingface.co/api/resolve-cache/models/sentence-transformers/all-MiniLM-L6-v2/c9745ed1d9f207416be6d2e6f8de32d1f16199bf/config.json "HTTP/1.1 200 OK"
18:23:38  HTTP Request: HEAD https://huggingface.co/sentence-transformers/all-MiniLM-L6-v2/resolve/main/tokenizer_config.json "HTTP/1.1 307 Temporary Redirect"
18:23:38  HTTP Request: HEAD https://huggingface.co/api/resolve-cache/models/sentence-transformers/all-MiniLM-L6-v2/c9745ed1d9f207416be6d2e6f8de32d1f16199bf/tokenizer_config.json "HTTP/1.1 200 OK"
18:23:38  HTTP Request: GET https://huggingface.co/api/models/sentence-transformers/all-MiniLM-L6-v2/tree/main/additional_chat_templates?recursive=false&expand=false "HTTP/1.1 404 Not Found"
18:23:38  HTTP Request: GET https://huggingface.co/api/models/sentence-transformers/all-MiniLM-L6-v2/tree/main?recursive=true&expand=false "HTTP/1.1 200 OK"
18:23:39  HTTP Request: HEAD https://huggingface.co/sentence-transformers/all-MiniLM-L6-v2/resolve/main/1_Pooling/config.json "HTTP/1.1 307 Temporary Redirect"
18:23:39  HTTP Request: HEAD https://huggingface.co/api/resolve-cache/models/sentence-transformers/all-MiniLM-L6-v2/c9745ed1d9f207416be6d2e6f8de32d1f16199bf/1_Pooling%2Fconfig.json "HTTP/1.1 200 OK"
18:23:39  HTTP Request: GET https://huggingface.co/api/models/sentence-transformers/all-MiniLM-L6-v2 "HTTP/1.1 200 OK"
18:25:39  adding document #0 to Dictionary<0 unique tokens: []>
18:25:39  adding document #10000 to Dictionary<34442 unique tokens: ['according', 'advantage', 'appearing', 'arabia', 'argumentation']...>
18:25:39  adding document #20000 to Dictionary<46917 unique tokens: ['according', 'advantage', 'appearing', 'arabia', 'argumentation']...>
18:25:40  adding document #30000 to Dictionary<56344 unique tokens: ['according', 'advantage', 'appearing', 'arabia', 'argumentation']...>
18:25:40  adding document #40000 to Dictionary<65211 unique tokens: ['according', 'advantage', 'appearing', 'arabia', 'argumentation']...>
18:25:40  built Dictionary<66148 unique tokens: ['according', 'advantage', 'appearing', 'arabia', 'argumentation']...> from 41067 documents (total 4882872 corpus positions)
18:25:40  Dictionary lifecycle event {'msg': "built Dictionary<66148 unique tokens: ['according', 'advantage', 'appearing', 'arabia', 'argumentation']...> from 41067 documents (total 4882872 corpus positions)", 'datetime': '2026-03-29T18:25:40.509222', 'gensim': '4.4.0', 'python': '3.11.14 (main, Oct  9 2025, 16:16:55) [Clang 17.0.0 (clang-1700.6.3.2)]', 'platform': 'macOS-26.2-arm64-arm-64bit', 'event': 'created'}
18:25:41  using ParallelWordOccurrenceAccumulator<processes=9, batch_size=64> to estimate probabilities from sliding windows
18:26:25  1 batches submitted to accumulate stats from 64 documents (155 virtual)
18:26:25  2 batches submitted to accumulate stats from 128 documents (776 virtual)
18:26:25  3 batches submitted to accumulate stats from 192 documents (1759 virtual)
18:26:25  4 batches submitted to accumulate stats from 256 documents (2493 virtual)
18:26:25  5 batches submitted to accumulate stats from 320 documents (3120 virtual)
18:26:25  6 batches submitted to accumulate stats from 384 documents (3949 virtual)
18:26:25  7 batches submitted to accumulate stats from 448 documents (4286 virtual)
18:26:25  8 batches submitted to accumulate stats from 512 documents (4673 virtual)
18:26:25  9 batches submitted to accumulate stats from 576 documents (5429 virtual)
18:26:25  10 batches submitted to accumulate stats from 640 documents (6270 virtual)
18:26:25  11 batches submitted to accumulate stats from 704 documents (6955 virtual)
18:26:25  12 batches submitted to accumulate stats from 768 documents (8328 virtual)
18:26:25  13 batches submitted to accumulate stats from 832 documents (8374 virtual)
18:26:25  14 batches submitted to accumulate stats from 896 documents (9079 virtual)
18:26:25  15 batches submitted to accumulate stats from 960 documents (9917 virtual)
18:26:25  16 batches submitted to accumulate stats from 1024 documents (10247 virtual)
18:26:25  17 batches submitted to accumulate stats from 1088 documents (10504 virtual)
18:26:25  18 batches submitted to accumulate stats from 1152 documents (11222 virtual)
18:26:25  19 batches submitted to accumulate stats from 1216 documents (11593 virtual)
18:26:25  20 batches submitted to accumulate stats from 1280 documents (12682 virtual)
18:26:25  21 batches submitted to accumulate stats from 1344 documents (13255 virtual)
18:26:25  22 batches submitted to accumulate stats from 1408 documents (13574 virtual)
18:26:25  23 batches submitted to accumulate stats from 1472 documents (13694 virtual)
18:26:25  25 batches submitted to accumulate stats from 1600 documents (13684 virtual)
18:26:25  26 batches submitted to accumulate stats from 1664 documents (14140 virtual)
18:26:25  28 batches submitted to accumulate stats from 1792 documents (13946 virtual)
18:26:25  30 batches submitted to accumulate stats from 1920 documents (14856 virtual)
18:26:25  31 batches submitted to accumulate stats from 1984 documents (15110 virtual)
18:26:25  32 batches submitted to accumulate stats from 2048 documents (15249 virtual)
18:26:25  33 batches submitted to accumulate stats from 2112 documents (15873 virtual)
18:26:25  34 batches submitted to accumulate stats from 2176 documents (16218 virtual)
18:26:25  35 batches submitted to accumulate stats from 2240 documents (17039 virtual)
18:26:25  36 batches submitted to accumulate stats from 2304 documents (17680 virtual)
18:26:25  44 batches submitted to accumulate stats from 2816 documents (14502 virtual)
18:26:25  45 batches submitted to accumulate stats from 2880 documents (14697 virtual)
18:26:25  49 batches submitted to accumulate stats from 3136 documents (13981 virtual)
18:26:25  50 batches submitted to accumulate stats from 3200 documents (14549 virtual)
18:26:25  51 batches submitted to accumulate stats from 3264 documents (14633 virtual)
18:26:25  52 batches submitted to accumulate stats from 3328 documents (14704 virtual)
18:26:25  53 batches submitted to accumulate stats from 3392 documents (15109 virtual)
18:26:25  54 batches submitted to accumulate stats from 3456 documents (15264 virtual)
18:26:25  55 batches submitted to accumulate stats from 3520 documents (15712 virtual)
18:26:25  56 batches submitted to accumulate stats from 3584 documents (16520 virtual)
18:26:25  57 batches submitted to accumulate stats from 3648 documents (16963 virtual)
18:26:25  58 batches submitted to accumulate stats from 3712 documents (17668 virtual)
18:26:25  59 batches submitted to accumulate stats from 3776 documents (18005 virtual)
18:26:25  60 batches submitted to accumulate stats from 3840 documents (18331 virtual)
18:26:25  61 batches submitted to accumulate stats from 3904 documents (18680 virtual)
18:26:25  63 batches submitted to accumulate stats from 4032 documents (18832 virtual)
18:26:25  64 batches submitted to accumulate stats from 4096 documents (19350 virtual)
18:26:25  65 batches submitted to accumulate stats from 4160 documents (19645 virtual)
18:26:25  66 batches submitted to accumulate stats from 4224 documents (20590 virtual)
18:26:25  69 batches submitted to accumulate stats from 4416 documents (21246 virtual)
18:26:25  70 batches submitted to accumulate stats from 4480 documents (21747 virtual)
18:26:25  71 batches submitted to accumulate stats from 4544 documents (22027 virtual)
18:26:25  78 batches submitted to accumulate stats from 4992 documents (18311 virtual)
18:26:25  79 batches submitted to accumulate stats from 5056 documents (19080 virtual)
18:26:25  80 batches submitted to accumulate stats from 5120 documents (19275 virtual)
18:26:25  81 batches submitted to accumulate stats from 5184 documents (19457 virtual)
18:26:25  82 batches submitted to accumulate stats from 5248 documents (19593 virtual)
18:26:25  83 batches submitted to accumulate stats from 5312 documents (19808 virtual)
18:26:25  85 batches submitted to accumulate stats from 5440 documents (20057 virtual)
18:26:25  87 batches submitted to accumulate stats from 5568 documents (19921 virtual)
18:26:25  89 batches submitted to accumulate stats from 5696 documents (19999 virtual)
18:26:25  91 batches submitted to accumulate stats from 5824 documents (19955 virtual)
18:26:25  92 batches submitted to accumulate stats from 5888 documents (20515 virtual)
18:26:25  94 batches submitted to accumulate stats from 6016 documents (20663 virtual)
18:26:25  95 batches submitted to accumulate stats from 6080 documents (20770 virtual)
18:26:25  96 batches submitted to accumulate stats from 6144 documents (20997 virtual)
18:26:25  99 batches submitted to accumulate stats from 6336 documents (20024 virtual)
18:26:25  101 batches submitted to accumulate stats from 6464 documents (19433 virtual)
18:26:25  102 batches submitted to accumulate stats from 6528 documents (19940 virtual)
18:26:25  104 batches submitted to accumulate stats from 6656 documents (20080 virtual)
18:26:25  114 batches submitted to accumulate stats from 7296 documents (17820 virtual)
18:26:25  115 batches submitted to accumulate stats from 7360 documents (17880 virtual)
18:26:25  117 batches submitted to accumulate stats from 7488 documents (17639 virtual)
18:26:25  119 batches submitted to accumulate stats from 7616 documents (17887 virtual)
18:26:25  120 batches submitted to accumulate stats from 7680 documents (19171 virtual)
18:26:25  121 batches submitted to accumulate stats from 7744 documents (20462 virtual)
18:26:25  122 batches submitted to accumulate stats from 7808 documents (21918 virtual)
18:26:25  123 batches submitted to accumulate stats from 7872 documents (23857 virtual)
18:26:25  124 batches submitted to accumulate stats from 7936 documents (25881 virtual)
18:26:25  125 batches submitted to accumulate stats from 8000 documents (27358 virtual)
18:26:25  126 batches submitted to accumulate stats from 8064 documents (28726 virtual)
18:26:25  127 batches submitted to accumulate stats from 8128 documents (29911 virtual)
18:26:25  128 batches submitted to accumulate stats from 8192 documents (30119 virtual)
18:26:25  129 batches submitted to accumulate stats from 8256 documents (31758 virtual)
18:26:25  130 batches submitted to accumulate stats from 8320 documents (33977 virtual)
18:26:25  131 batches submitted to accumulate stats from 8384 documents (35267 virtual)
18:26:25  132 batches submitted to accumulate stats from 8448 documents (36891 virtual)
18:26:25  133 batches submitted to accumulate stats from 8512 documents (38492 virtual)
18:26:25  134 batches submitted to accumulate stats from 8576 documents (39213 virtual)
18:26:25  135 batches submitted to accumulate stats from 8640 documents (41012 virtual)
18:26:25  136 batches submitted to accumulate stats from 8704 documents (42338 virtual)
18:26:25  137 batches submitted to accumulate stats from 8768 documents (43947 virtual)
18:26:25  138 batches submitted to accumulate stats from 8832 documents (46062 virtual)
18:26:25  139 batches submitted to accumulate stats from 8896 documents (48217 virtual)
18:26:25  140 batches submitted to accumulate stats from 8960 documents (49797 virtual)
18:26:25  141 batches submitted to accumulate stats from 9024 documents (51919 virtual)
18:26:25  142 batches submitted to accumulate stats from 9088 documents (53928 virtual)
18:26:25  143 batches submitted to accumulate stats from 9152 documents (55364 virtual)
18:26:25  144 batches submitted to accumulate stats from 9216 documents (57161 virtual)
18:26:25  145 batches submitted to accumulate stats from 9280 documents (59135 virtual)
18:26:25  146 batches submitted to accumulate stats from 9344 documents (61008 virtual)
18:26:25  147 batches submitted to accumulate stats from 9408 documents (62151 virtual)
18:26:25  148 batches submitted to accumulate stats from 9472 documents (63433 virtual)
18:26:25  149 batches submitted to accumulate stats from 9536 documents (64825 virtual)
18:26:25  150 batches submitted to accumulate stats from 9600 documents (66627 virtual)
18:26:25  151 batches submitted to accumulate stats from 9664 documents (67862 virtual)
18:26:25  152 batches submitted to accumulate stats from 9728 documents (69514 virtual)
18:26:25  153 batches submitted to accumulate stats from 9792 documents (71449 virtual)
18:26:25  154 batches submitted to accumulate stats from 9856 documents (73566 virtual)
18:26:25  155 batches submitted to accumulate stats from 9920 documents (75717 virtual)
18:26:25  156 batches submitted to accumulate stats from 9984 documents (77466 virtual)
18:26:25  157 batches submitted to accumulate stats from 10048 documents (79507 virtual)
18:26:25  158 batches submitted to accumulate stats from 10112 documents (81531 virtual)
18:26:25  159 batches submitted to accumulate stats from 10176 documents (83129 virtual)
18:26:25  160 batches submitted to accumulate stats from 10240 documents (84945 virtual)
18:26:25  161 batches submitted to accumulate stats from 10304 documents (86961 virtual)
18:26:25  162 batches submitted to accumulate stats from 10368 documents (88684 virtual)
18:26:25  163 batches submitted to accumulate stats from 10432 documents (90348 virtual)
18:26:25  164 batches submitted to accumulate stats from 10496 documents (92390 virtual)
18:26:25  165 batches submitted to accumulate stats from 10560 documents (94905 virtual)
18:26:25  166 batches submitted to accumulate stats from 10624 documents (96830 virtual)
18:26:25  167 batches submitted to accumulate stats from 10688 documents (98524 virtual)
18:26:25  168 batches submitted to accumulate stats from 10752 documents (99871 virtual)
18:26:25  169 batches submitted to accumulate stats from 10816 documents (101508 virtual)
18:26:25  170 batches submitted to accumulate stats from 10880 documents (102961 virtual)
18:26:25  171 batches submitted to accumulate stats from 10944 documents (104239 virtual)
18:26:25  172 batches submitted to accumulate stats from 11008 documents (106007 virtual)
18:26:25  173 batches submitted to accumulate stats from 11072 documents (108383 virtual)
18:26:25  174 batches submitted to accumulate stats from 11136 documents (109382 virtual)
18:26:25  175 batches submitted to accumulate stats from 11200 documents (110636 virtual)
18:26:25  176 batches submitted to accumulate stats from 11264 documents (110779 virtual)
18:26:25  177 batches submitted to accumulate stats from 11328 documents (111654 virtual)
18:26:25  178 batches submitted to accumulate stats from 11392 documents (112798 virtual)
18:26:25  179 batches submitted to accumulate stats from 11456 documents (113392 virtual)
18:26:25  180 batches submitted to accumulate stats from 11520 documents (114923 virtual)
18:26:25  181 batches submitted to accumulate stats from 11584 documents (117003 virtual)
18:26:25  182 batches submitted to accumulate stats from 11648 documents (117732 virtual)
18:26:25  183 batches submitted to accumulate stats from 11712 documents (119484 virtual)
18:26:25  184 batches submitted to accumulate stats from 11776 documents (120583 virtual)
18:26:25  185 batches submitted to accumulate stats from 11840 documents (121595 virtual)
18:26:25  186 batches submitted to accumulate stats from 11904 documents (122257 virtual)
18:26:25  187 batches submitted to accumulate stats from 11968 documents (123065 virtual)
18:26:25  188 batches submitted to accumulate stats from 12032 documents (124080 virtual)
18:26:25  189 batches submitted to accumulate stats from 12096 documents (125621 virtual)
18:26:25  190 batches submitted to accumulate stats from 12160 documents (125927 virtual)
18:26:25  191 batches submitted to accumulate stats from 12224 documents (126310 virtual)
18:26:25  192 batches submitted to accumulate stats from 12288 documents (127395 virtual)
18:26:25  193 batches submitted to accumulate stats from 12352 documents (128754 virtual)
18:26:25  194 batches submitted to accumulate stats from 12416 documents (130470 virtual)
18:26:25  195 batches submitted to accumulate stats from 12480 documents (132211 virtual)
18:26:25  196 batches submitted to accumulate stats from 12544 documents (133256 virtual)
18:26:25  197 batches submitted to accumulate stats from 12608 documents (134215 virtual)
18:26:25  198 batches submitted to accumulate stats from 12672 documents (135011 virtual)
18:26:25  199 batches submitted to accumulate stats from 12736 documents (135371 virtual)
18:26:25  200 batches submitted to accumulate stats from 12800 documents (136235 virtual)
18:26:25  201 batches submitted to accumulate stats from 12864 documents (137090 virtual)
18:26:25  202 batches submitted to accumulate stats from 12928 documents (138054 virtual)
18:26:25  203 batches submitted to accumulate stats from 12992 documents (139079 virtual)
18:26:25  204 batches submitted to accumulate stats from 13056 documents (141200 virtual)
18:26:25  205 batches submitted to accumulate stats from 13120 documents (142240 virtual)
18:26:25  206 batches submitted to accumulate stats from 13184 documents (143688 virtual)
18:26:25  207 batches submitted to accumulate stats from 13248 documents (144883 virtual)
18:26:25  208 batches submitted to accumulate stats from 13312 documents (145674 virtual)
18:26:25  209 batches submitted to accumulate stats from 13376 documents (146981 virtual)
18:26:25  210 batches submitted to accumulate stats from 13440 documents (147627 virtual)
18:26:25  211 batches submitted to accumulate stats from 13504 documents (148038 virtual)
18:26:25  212 batches submitted to accumulate stats from 13568 documents (149025 virtual)
18:26:25  213 batches submitted to accumulate stats from 13632 documents (150189 virtual)
18:26:25  214 batches submitted to accumulate stats from 13696 documents (151439 virtual)
18:26:25  215 batches submitted to accumulate stats from 13760 documents (152520 virtual)
18:26:25  216 batches submitted to accumulate stats from 13824 documents (153315 virtual)
18:26:25  217 batches submitted to accumulate stats from 13888 documents (154364 virtual)
18:26:25  218 batches submitted to accumulate stats from 13952 documents (155262 virtual)
18:26:25  219 batches submitted to accumulate stats from 14016 documents (156054 virtual)
18:26:25  220 batches submitted to accumulate stats from 14080 documents (156986 virtual)
18:26:25  221 batches submitted to accumulate stats from 14144 documents (157645 virtual)
18:26:25  222 batches submitted to accumulate stats from 14208 documents (158752 virtual)
18:26:25  223 batches submitted to accumulate stats from 14272 documents (159961 virtual)
18:26:25  224 batches submitted to accumulate stats from 14336 documents (160583 virtual)
18:26:25  225 batches submitted to accumulate stats from 14400 documents (162031 virtual)
18:26:25  226 batches submitted to accumulate stats from 14464 documents (163081 virtual)
18:26:25  227 batches submitted to accumulate stats from 14528 documents (163987 virtual)
18:26:25  228 batches submitted to accumulate stats from 14592 documents (164599 virtual)
18:26:25  229 batches submitted to accumulate stats from 14656 documents (166003 virtual)
18:26:25  230 batches submitted to accumulate stats from 14720 documents (167082 virtual)
18:26:25  231 batches submitted to accumulate stats from 14784 documents (167926 virtual)
18:26:25  232 batches submitted to accumulate stats from 14848 documents (168389 virtual)
18:26:25  233 batches submitted to accumulate stats from 14912 documents (169479 virtual)
18:26:25  234 batches submitted to accumulate stats from 14976 documents (171362 virtual)
18:26:25  235 batches submitted to accumulate stats from 15040 documents (172311 virtual)
18:26:25  236 batches submitted to accumulate stats from 15104 documents (173019 virtual)
18:26:25  237 batches submitted to accumulate stats from 15168 documents (174461 virtual)
18:26:25  238 batches submitted to accumulate stats from 15232 documents (174914 virtual)
18:26:25  239 batches submitted to accumulate stats from 15296 documents (176192 virtual)
18:26:25  240 batches submitted to accumulate stats from 15360 documents (176409 virtual)
18:26:25  241 batches submitted to accumulate stats from 15424 documents (177525 virtual)
18:26:25  242 batches submitted to accumulate stats from 15488 documents (179115 virtual)
18:26:25  243 batches submitted to accumulate stats from 15552 documents (180241 virtual)
18:26:25  244 batches submitted to accumulate stats from 15616 documents (180917 virtual)
18:26:25  245 batches submitted to accumulate stats from 15680 documents (182402 virtual)
18:26:25  246 batches submitted to accumulate stats from 15744 documents (183920 virtual)
18:26:25  247 batches submitted to accumulate stats from 15808 documents (184895 virtual)
18:26:25  248 batches submitted to accumulate stats from 15872 documents (185153 virtual)
18:26:25  249 batches submitted to accumulate stats from 15936 documents (185885 virtual)
18:26:25  250 batches submitted to accumulate stats from 16000 documents (185993 virtual)
18:26:25  251 batches submitted to accumulate stats from 16064 documents (186120 virtual)
18:26:25  252 batches submitted to accumulate stats from 16128 documents (186443 virtual)
18:26:25  253 batches submitted to accumulate stats from 16192 documents (187178 virtual)
18:26:25  254 batches submitted to accumulate stats from 16256 documents (188771 virtual)
18:26:25  255 batches submitted to accumulate stats from 16320 documents (189922 virtual)
18:26:25  256 batches submitted to accumulate stats from 16384 documents (191219 virtual)
18:26:25  257 batches submitted to accumulate stats from 16448 documents (193144 virtual)
18:26:25  258 batches submitted to accumulate stats from 16512 documents (194602 virtual)
18:26:25  259 batches submitted to accumulate stats from 16576 documents (195604 virtual)
18:26:25  260 batches submitted to accumulate stats from 16640 documents (195802 virtual)
18:26:25  262 batches submitted to accumulate stats from 16768 documents (196972 virtual)
18:26:25  263 batches submitted to accumulate stats from 16832 documents (198565 virtual)
18:26:25  264 batches submitted to accumulate stats from 16896 documents (199870 virtual)
18:26:25  266 batches submitted to accumulate stats from 17024 documents (200837 virtual)
18:26:25  267 batches submitted to accumulate stats from 17088 documents (201136 virtual)
18:26:25  268 batches submitted to accumulate stats from 17152 documents (201435 virtual)
18:26:25  270 batches submitted to accumulate stats from 17280 documents (201942 virtual)
18:26:25  271 batches submitted to accumulate stats from 17344 documents (202399 virtual)
18:26:25  272 batches submitted to accumulate stats from 17408 documents (203379 virtual)
18:26:25  273 batches submitted to accumulate stats from 17472 documents (204229 virtual)
18:26:25  274 batches submitted to accumulate stats from 17536 documents (204471 virtual)
18:26:25  275 batches submitted to accumulate stats from 17600 documents (205039 virtual)
18:26:25  276 batches submitted to accumulate stats from 17664 documents (205112 virtual)
18:26:25  277 batches submitted to accumulate stats from 17728 documents (205552 virtual)
18:26:25  280 batches submitted to accumulate stats from 17920 documents (206081 virtual)
18:26:25  281 batches submitted to accumulate stats from 17984 documents (207517 virtual)
18:26:25  282 batches submitted to accumulate stats from 18048 documents (208618 virtual)
18:26:25  283 batches submitted to accumulate stats from 18112 documents (209835 virtual)
18:26:25  284 batches submitted to accumulate stats from 18176 documents (211265 virtual)
18:26:25  285 batches submitted to accumulate stats from 18240 documents (211709 virtual)
18:26:25  286 batches submitted to accumulate stats from 18304 documents (212626 virtual)
18:26:25  287 batches submitted to accumulate stats from 18368 documents (213228 virtual)
18:26:25  288 batches submitted to accumulate stats from 18432 documents (214908 virtual)
18:26:25  289 batches submitted to accumulate stats from 18496 documents (215882 virtual)
18:26:25  290 batches submitted to accumulate stats from 18560 documents (216188 virtual)
18:26:25  291 batches submitted to accumulate stats from 18624 documents (217290 virtual)
18:26:25  292 batches submitted to accumulate stats from 18688 documents (217991 virtual)
18:26:25  293 batches submitted to accumulate stats from 18752 documents (218861 virtual)
18:26:25  295 batches submitted to accumulate stats from 18880 documents (219497 virtual)
18:26:25  296 batches submitted to accumulate stats from 18944 documents (219518 virtual)
18:26:25  298 batches submitted to accumulate stats from 19072 documents (220095 virtual)
18:26:25  299 batches submitted to accumulate stats from 19136 documents (220619 virtual)
18:26:25  300 batches submitted to accumulate stats from 19200 documents (220793 virtual)
18:26:25  301 batches submitted to accumulate stats from 19264 documents (221805 virtual)
18:26:25  302 batches submitted to accumulate stats from 19328 documents (222301 virtual)
18:26:25  303 batches submitted to accumulate stats from 19392 documents (223752 virtual)
18:26:25  305 batches submitted to accumulate stats from 19520 documents (224189 virtual)
18:26:25  306 batches submitted to accumulate stats from 19584 documents (225912 virtual)
18:26:25  307 batches submitted to accumulate stats from 19648 documents (226451 virtual)
18:26:25  308 batches submitted to accumulate stats from 19712 documents (226827 virtual)
18:26:25  309 batches submitted to accumulate stats from 19776 documents (227068 virtual)
18:26:25  310 batches submitted to accumulate stats from 19840 documents (227416 virtual)
18:26:25  311 batches submitted to accumulate stats from 19904 documents (227881 virtual)
18:26:25  312 batches submitted to accumulate stats from 19968 documents (228226 virtual)
18:26:25  313 batches submitted to accumulate stats from 20032 documents (228607 virtual)
18:26:25  314 batches submitted to accumulate stats from 20096 documents (229035 virtual)
18:26:25  315 batches submitted to accumulate stats from 20160 documents (229477 virtual)
18:26:25  317 batches submitted to accumulate stats from 20288 documents (229299 virtual)
18:26:25  318 batches submitted to accumulate stats from 20352 documents (229764 virtual)
18:26:25  319 batches submitted to accumulate stats from 20416 documents (230090 virtual)
18:26:25  320 batches submitted to accumulate stats from 20480 documents (230729 virtual)
18:26:25  321 batches submitted to accumulate stats from 20544 documents (231178 virtual)
18:26:25  322 batches submitted to accumulate stats from 20608 documents (231650 virtual)
18:26:25  325 batches submitted to accumulate stats from 20800 documents (231647 virtual)
18:26:25  326 batches submitted to accumulate stats from 20864 documents (232126 virtual)
18:26:25  328 batches submitted to accumulate stats from 20992 documents (232637 virtual)
18:26:25  329 batches submitted to accumulate stats from 21056 documents (232662 virtual)
18:26:25  330 batches submitted to accumulate stats from 21120 documents (232682 virtual)
18:26:25  331 batches submitted to accumulate stats from 21184 documents (233011 virtual)
18:26:25  332 batches submitted to accumulate stats from 21248 documents (234397 virtual)
18:26:25  333 batches submitted to accumulate stats from 21312 documents (235313 virtual)
18:26:25  334 batches submitted to accumulate stats from 21376 documents (236278 virtual)
18:26:25  335 batches submitted to accumulate stats from 21440 documents (237329 virtual)
18:26:25  336 batches submitted to accumulate stats from 21504 documents (238963 virtual)
18:26:25  337 batches submitted to accumulate stats from 21568 documents (240437 virtual)
18:26:25  338 batches submitted to accumulate stats from 21632 documents (241964 virtual)
18:26:25  339 batches submitted to accumulate stats from 21696 documents (243508 virtual)
18:26:25  340 batches submitted to accumulate stats from 21760 documents (244484 virtual)
18:26:25  341 batches submitted to accumulate stats from 21824 documents (245586 virtual)
18:26:25  342 batches submitted to accumulate stats from 21888 documents (245933 virtual)
18:26:25  343 batches submitted to accumulate stats from 21952 documents (247299 virtual)
18:26:25  344 batches submitted to accumulate stats from 22016 documents (248636 virtual)
18:26:25  345 batches submitted to accumulate stats from 22080 documents (249890 virtual)
18:26:25  346 batches submitted to accumulate stats from 22144 documents (250923 virtual)
18:26:25  347 batches submitted to accumulate stats from 22208 documents (251927 virtual)
18:26:25  348 batches submitted to accumulate stats from 22272 documents (252993 virtual)
18:26:25  349 batches submitted to accumulate stats from 22336 documents (254541 virtual)
18:26:25  350 batches submitted to accumulate stats from 22400 documents (256686 virtual)
18:26:25  351 batches submitted to accumulate stats from 22464 documents (258061 virtual)
18:26:25  352 batches submitted to accumulate stats from 22528 documents (259435 virtual)
18:26:25  353 batches submitted to accumulate stats from 22592 documents (260552 virtual)
18:26:25  354 batches submitted to accumulate stats from 22656 documents (262610 virtual)
18:26:25  355 batches submitted to accumulate stats from 22720 documents (263745 virtual)
18:26:25  356 batches submitted to accumulate stats from 22784 documents (265022 virtual)
18:26:25  357 batches submitted to accumulate stats from 22848 documents (266435 virtual)
18:26:25  358 batches submitted to accumulate stats from 22912 documents (267685 virtual)
18:26:25  359 batches submitted to accumulate stats from 22976 documents (268423 virtual)
18:26:25  360 batches submitted to accumulate stats from 23040 documents (269486 virtual)
18:26:25  361 batches submitted to accumulate stats from 23104 documents (271430 virtual)
18:26:25  362 batches submitted to accumulate stats from 23168 documents (272328 virtual)
18:26:25  363 batches submitted to accumulate stats from 23232 documents (273691 virtual)
18:26:25  364 batches submitted to accumulate stats from 23296 documents (274943 virtual)
18:26:25  365 batches submitted to accumulate stats from 23360 documents (275128 virtual)
18:26:25  366 batches submitted to accumulate stats from 23424 documents (276443 virtual)
18:26:25  367 batches submitted to accumulate stats from 23488 documents (277300 virtual)
18:26:25  368 batches submitted to accumulate stats from 23552 documents (277599 virtual)
18:26:25  369 batches submitted to accumulate stats from 23616 documents (279033 virtual)
18:26:25  370 batches submitted to accumulate stats from 23680 documents (280125 virtual)
18:26:25  371 batches submitted to accumulate stats from 23744 documents (281427 virtual)
18:26:25  372 batches submitted to accumulate stats from 23808 documents (282902 virtual)
18:26:25  373 batches submitted to accumulate stats from 23872 documents (283507 virtual)
18:26:25  374 batches submitted to accumulate stats from 23936 documents (283771 virtual)
18:26:25  375 batches submitted to accumulate stats from 24000 documents (285566 virtual)
18:26:25  376 batches submitted to accumulate stats from 24064 documents (287508 virtual)
18:26:25  377 batches submitted to accumulate stats from 24128 documents (288298 virtual)
18:26:25  378 batches submitted to accumulate stats from 24192 documents (288806 virtual)
18:26:25  379 batches submitted to accumulate stats from 24256 documents (290190 virtual)
18:26:25  380 batches submitted to accumulate stats from 24320 documents (290760 virtual)
18:26:25  381 batches submitted to accumulate stats from 24384 documents (291162 virtual)
18:26:25  382 batches submitted to accumulate stats from 24448 documents (291729 virtual)
18:26:25  383 batches submitted to accumulate stats from 24512 documents (292194 virtual)
18:26:25  384 batches submitted to accumulate stats from 24576 documents (293099 virtual)
18:26:25  385 batches submitted to accumulate stats from 24640 documents (293948 virtual)
18:26:25  386 batches submitted to accumulate stats from 24704 documents (295090 virtual)
18:26:25  387 batches submitted to accumulate stats from 24768 documents (296840 virtual)
18:26:25  388 batches submitted to accumulate stats from 24832 documents (297330 virtual)
18:26:25  389 batches submitted to accumulate stats from 24896 documents (297790 virtual)
18:26:25  390 batches submitted to accumulate stats from 24960 documents (298494 virtual)
18:26:25  391 batches submitted to accumulate stats from 25024 documents (299618 virtual)
18:26:25  392 batches submitted to accumulate stats from 25088 documents (300063 virtual)
18:26:25  393 batches submitted to accumulate stats from 25152 documents (301432 virtual)
18:26:25  394 batches submitted to accumulate stats from 25216 documents (302246 virtual)
18:26:25  395 batches submitted to accumulate stats from 25280 documents (302503 virtual)
18:26:25  396 batches submitted to accumulate stats from 25344 documents (303055 virtual)
18:26:25  397 batches submitted to accumulate stats from 25408 documents (304411 virtual)
18:26:25  398 batches submitted to accumulate stats from 25472 documents (305347 virtual)
18:26:25  399 batches submitted to accumulate stats from 25536 documents (305616 virtual)
18:26:25  400 batches submitted to accumulate stats from 25600 documents (306702 virtual)
18:26:25  401 batches submitted to accumulate stats from 25664 documents (307110 virtual)
18:26:25  402 batches submitted to accumulate stats from 25728 documents (307910 virtual)
18:26:25  403 batches submitted to accumulate stats from 25792 documents (308604 virtual)
18:26:25  404 batches submitted to accumulate stats from 25856 documents (308702 virtual)
18:26:25  405 batches submitted to accumulate stats from 25920 documents (309326 virtual)
18:26:25  406 batches submitted to accumulate stats from 25984 documents (310839 virtual)
18:26:25  407 batches submitted to accumulate stats from 26048 documents (311764 virtual)
18:26:25  408 batches submitted to accumulate stats from 26112 documents (312649 virtual)
18:26:25  409 batches submitted to accumulate stats from 26176 documents (313279 virtual)
18:26:25  410 batches submitted to accumulate stats from 26240 documents (313688 virtual)
18:26:25  411 batches submitted to accumulate stats from 26304 documents (314356 virtual)
18:26:25  412 batches submitted to accumulate stats from 26368 documents (315581 virtual)
18:26:25  413 batches submitted to accumulate stats from 26432 documents (316291 virtual)
18:26:25  414 batches submitted to accumulate stats from 26496 documents (317448 virtual)
18:26:25  415 batches submitted to accumulate stats from 26560 documents (318418 virtual)
18:26:25  416 batches submitted to accumulate stats from 26624 documents (319082 virtual)
18:26:25  417 batches submitted to accumulate stats from 26688 documents (319442 virtual)
18:26:25  418 batches submitted to accumulate stats from 26752 documents (320258 virtual)
18:26:25  419 batches submitted to accumulate stats from 26816 documents (321195 virtual)
18:26:25  420 batches submitted to accumulate stats from 26880 documents (322692 virtual)
18:26:25  421 batches submitted to accumulate stats from 26944 documents (323529 virtual)
18:26:25  422 batches submitted to accumulate stats from 27008 documents (323588 virtual)
18:26:25  423 batches submitted to accumulate stats from 27072 documents (324363 virtual)
18:26:25  424 batches submitted to accumulate stats from 27136 documents (324745 virtual)
18:26:25  425 batches submitted to accumulate stats from 27200 documents (325134 virtual)
18:26:25  426 batches submitted to accumulate stats from 27264 documents (326512 virtual)
18:26:25  427 batches submitted to accumulate stats from 27328 documents (327479 virtual)
18:26:25  428 batches submitted to accumulate stats from 27392 documents (328133 virtual)
18:26:25  430 batches submitted to accumulate stats from 27520 documents (328985 virtual)
18:26:25  431 batches submitted to accumulate stats from 27584 documents (330233 virtual)
18:26:25  432 batches submitted to accumulate stats from 27648 documents (330698 virtual)
18:26:25  433 batches submitted to accumulate stats from 27712 documents (330885 virtual)
18:26:25  434 batches submitted to accumulate stats from 27776 documents (331068 virtual)
18:26:25  439 batches submitted to accumulate stats from 28096 documents (330838 virtual)
18:26:25  440 batches submitted to accumulate stats from 28160 documents (331444 virtual)
18:26:25  443 batches submitted to accumulate stats from 28352 documents (331422 virtual)
18:26:25  445 batches submitted to accumulate stats from 28480 documents (331965 virtual)
18:26:25  446 batches submitted to accumulate stats from 28544 documents (332638 virtual)
18:26:25  447 batches submitted to accumulate stats from 28608 documents (332908 virtual)
18:26:25  449 batches submitted to accumulate stats from 28736 documents (333069 virtual)
18:26:25  450 batches submitted to accumulate stats from 28800 documents (333705 virtual)
18:26:25  452 batches submitted to accumulate stats from 28928 documents (333925 virtual)
18:26:25  453 batches submitted to accumulate stats from 28992 documents (334888 virtual)
18:26:25  454 batches submitted to accumulate stats from 29056 documents (335087 virtual)
18:26:25  456 batches submitted to accumulate stats from 29184 documents (335123 virtual)
18:26:25  459 batches submitted to accumulate stats from 29376 documents (334732 virtual)
18:26:25  460 batches submitted to accumulate stats from 29440 documents (335431 virtual)
18:26:25  461 batches submitted to accumulate stats from 29504 documents (336173 virtual)
18:26:25  462 batches submitted to accumulate stats from 29568 documents (336881 virtual)
18:26:25  463 batches submitted to accumulate stats from 29632 documents (336997 virtual)
18:26:25  470 batches submitted to accumulate stats from 30080 documents (335531 virtual)
18:26:25  472 batches submitted to accumulate stats from 30208 documents (336001 virtual)
18:26:25  473 batches submitted to accumulate stats from 30272 documents (337337 virtual)
18:26:25  474 batches submitted to accumulate stats from 30336 documents (338593 virtual)
18:26:25  475 batches submitted to accumulate stats from 30400 documents (339505 virtual)
18:26:25  476 batches submitted to accumulate stats from 30464 documents (340645 virtual)
18:26:25  477 batches submitted to accumulate stats from 30528 documents (341955 virtual)
18:26:25  478 batches submitted to accumulate stats from 30592 documents (342701 virtual)
18:26:25  479 batches submitted to accumulate stats from 30656 documents (343314 virtual)
18:26:25  480 batches submitted to accumulate stats from 30720 documents (344568 virtual)
18:26:25  481 batches submitted to accumulate stats from 30784 documents (345159 virtual)
18:26:25  482 batches submitted to accumulate stats from 30848 documents (346216 virtual)
18:26:25  483 batches submitted to accumulate stats from 30912 documents (346942 virtual)
18:26:25  484 batches submitted to accumulate stats from 30976 documents (348165 virtual)
18:26:25  485 batches submitted to accumulate stats from 31040 documents (349171 virtual)
18:26:25  486 batches submitted to accumulate stats from 31104 documents (349917 virtual)
18:26:25  487 batches submitted to accumulate stats from 31168 documents (350870 virtual)
18:26:25  488 batches submitted to accumulate stats from 31232 documents (351319 virtual)
18:26:25  489 batches submitted to accumulate stats from 31296 documents (351770 virtual)
18:26:25  490 batches submitted to accumulate stats from 31360 documents (353158 virtual)
18:26:25  491 batches submitted to accumulate stats from 31424 documents (354743 virtual)
18:26:25  492 batches submitted to accumulate stats from 31488 documents (356122 virtual)
18:26:25  493 batches submitted to accumulate stats from 31552 documents (356347 virtual)
18:26:25  494 batches submitted to accumulate stats from 31616 documents (356548 virtual)
18:26:25  495 batches submitted to accumulate stats from 31680 documents (357637 virtual)
18:26:25  496 batches submitted to accumulate stats from 31744 documents (359470 virtual)
18:26:25  497 batches submitted to accumulate stats from 31808 documents (360626 virtual)
18:26:25  498 batches submitted to accumulate stats from 31872 documents (361183 virtual)
18:26:25  499 batches submitted to accumulate stats from 31936 documents (361626 virtual)
18:26:25  500 batches submitted to accumulate stats from 32000 documents (361872 virtual)
18:26:25  501 batches submitted to accumulate stats from 32064 documents (362859 virtual)
18:26:25  502 batches submitted to accumulate stats from 32128 documents (364344 virtual)
18:26:25  503 batches submitted to accumulate stats from 32192 documents (364860 virtual)
18:26:25  504 batches submitted to accumulate stats from 32256 documents (365205 virtual)
18:26:25  505 batches submitted to accumulate stats from 32320 documents (365586 virtual)
18:26:25  506 batches submitted to accumulate stats from 32384 documents (366802 virtual)
18:26:25  507 batches submitted to accumulate stats from 32448 documents (368259 virtual)
18:26:25  508 batches submitted to accumulate stats from 32512 documents (368969 virtual)
18:26:25  509 batches submitted to accumulate stats from 32576 documents (369029 virtual)
18:26:25  510 batches submitted to accumulate stats from 32640 documents (369450 virtual)
18:26:25  511 batches submitted to accumulate stats from 32704 documents (370933 virtual)
18:26:25  512 batches submitted to accumulate stats from 32768 documents (372113 virtual)
18:26:25  513 batches submitted to accumulate stats from 32832 documents (372591 virtual)
18:26:25  514 batches submitted to accumulate stats from 32896 documents (373160 virtual)
18:26:25  515 batches submitted to accumulate stats from 32960 documents (373451 virtual)
18:26:25  516 batches submitted to accumulate stats from 33024 documents (374491 virtual)
18:26:25  517 batches submitted to accumulate stats from 33088 documents (375150 virtual)
18:26:25  518 batches submitted to accumulate stats from 33152 documents (375745 virtual)
18:26:25  519 batches submitted to accumulate stats from 33216 documents (375840 virtual)
18:26:25  520 batches submitted to accumulate stats from 33280 documents (376345 virtual)
18:26:25  521 batches submitted to accumulate stats from 33344 documents (377699 virtual)
18:26:25  522 batches submitted to accumulate stats from 33408 documents (378614 virtual)
18:26:25  523 batches submitted to accumulate stats from 33472 documents (379033 virtual)
18:26:25  524 batches submitted to accumulate stats from 33536 documents (380167 virtual)
18:26:25  525 batches submitted to accumulate stats from 33600 documents (381208 virtual)
18:26:25  527 batches submitted to accumulate stats from 33728 documents (382076 virtual)
18:26:25  528 batches submitted to accumulate stats from 33792 documents (382611 virtual)
18:26:25  529 batches submitted to accumulate stats from 33856 documents (383626 virtual)
18:26:25  530 batches submitted to accumulate stats from 33920 documents (384335 virtual)
18:26:25  532 batches submitted to accumulate stats from 34048 documents (384328 virtual)
18:26:25  533 batches submitted to accumulate stats from 34112 documents (385147 virtual)
18:26:25  534 batches submitted to accumulate stats from 34176 documents (386601 virtual)
18:26:25  535 batches submitted to accumulate stats from 34240 documents (387336 virtual)
18:26:25  536 batches submitted to accumulate stats from 34304 documents (387936 virtual)
18:26:25  537 batches submitted to accumulate stats from 34368 documents (388837 virtual)
18:26:25  538 batches submitted to accumulate stats from 34432 documents (388933 virtual)
18:26:25  539 batches submitted to accumulate stats from 34496 documents (389233 virtual)
18:26:25  541 batches submitted to accumulate stats from 34624 documents (389444 virtual)
18:26:25  544 batches submitted to accumulate stats from 34816 documents (388792 virtual)
18:26:25  545 batches submitted to accumulate stats from 34880 documents (388823 virtual)
18:26:25  546 batches submitted to accumulate stats from 34944 documents (389047 virtual)
18:26:25  553 batches submitted to accumulate stats from 35392 documents (387757 virtual)
18:26:25  554 batches submitted to accumulate stats from 35456 documents (388459 virtual)
18:26:25  555 batches submitted to accumulate stats from 35520 documents (389205 virtual)
18:26:25  560 batches submitted to accumulate stats from 35840 documents (387600 virtual)
18:26:25  561 batches submitted to accumulate stats from 35904 documents (388794 virtual)
18:26:25  562 batches submitted to accumulate stats from 35968 documents (389629 virtual)
18:26:25  563 batches submitted to accumulate stats from 36032 documents (390829 virtual)
18:26:25  564 batches submitted to accumulate stats from 36096 documents (391331 virtual)
18:26:25  565 batches submitted to accumulate stats from 36160 documents (392050 virtual)
18:26:25  566 batches submitted to accumulate stats from 36224 documents (392542 virtual)
18:26:25  567 batches submitted to accumulate stats from 36288 documents (393211 virtual)
18:26:25  568 batches submitted to accumulate stats from 36352 documents (393449 virtual)
18:26:25  569 batches submitted to accumulate stats from 36416 documents (394626 virtual)
18:26:25  570 batches submitted to accumulate stats from 36480 documents (395648 virtual)
18:26:25  571 batches submitted to accumulate stats from 36544 documents (396454 virtual)
18:26:25  572 batches submitted to accumulate stats from 36608 documents (397079 virtual)
18:26:25  573 batches submitted to accumulate stats from 36672 documents (397431 virtual)
18:26:25  574 batches submitted to accumulate stats from 36736 documents (398318 virtual)
18:26:25  575 batches submitted to accumulate stats from 36800 documents (399803 virtual)
18:26:25  576 batches submitted to accumulate stats from 36864 documents (400379 virtual)
18:26:25  578 batches submitted to accumulate stats from 36992 documents (402058 virtual)
18:26:25  579 batches submitted to accumulate stats from 37056 documents (403322 virtual)
18:26:25  582 batches submitted to accumulate stats from 37248 documents (403437 virtual)
18:26:25  583 batches submitted to accumulate stats from 37312 documents (403893 virtual)
18:26:25  584 batches submitted to accumulate stats from 37376 documents (403934 virtual)
18:26:25  585 batches submitted to accumulate stats from 37440 documents (404073 virtual)
18:26:25  586 batches submitted to accumulate stats from 37504 documents (404640 virtual)
18:26:25  587 batches submitted to accumulate stats from 37568 documents (405495 virtual)
18:26:25  588 batches submitted to accumulate stats from 37632 documents (406369 virtual)
18:26:25  589 batches submitted to accumulate stats from 37696 documents (406673 virtual)
18:26:25  590 batches submitted to accumulate stats from 37760 documents (407564 virtual)
18:26:25  591 batches submitted to accumulate stats from 37824 documents (408447 virtual)
18:26:25  592 batches submitted to accumulate stats from 37888 documents (408712 virtual)
18:26:25  593 batches submitted to accumulate stats from 37952 documents (409498 virtual)
18:26:25  594 batches submitted to accumulate stats from 38016 documents (410610 virtual)
18:26:25  595 batches submitted to accumulate stats from 38080 documents (410961 virtual)
18:26:25  596 batches submitted to accumulate stats from 38144 documents (411260 virtual)
18:26:25  597 batches submitted to accumulate stats from 38208 documents (411480 virtual)
18:26:25  598 batches submitted to accumulate stats from 38272 documents (412476 virtual)
18:26:25  599 batches submitted to accumulate stats from 38336 documents (412630 virtual)
18:26:25  600 batches submitted to accumulate stats from 38400 documents (413059 virtual)
18:26:25  601 batches submitted to accumulate stats from 38464 documents (414801 virtual)
18:26:25  602 batches submitted to accumulate stats from 38528 documents (415375 virtual)
18:26:25  603 batches submitted to accumulate stats from 38592 documents (415653 virtual)
18:26:25  605 batches submitted to accumulate stats from 38720 documents (415772 virtual)
18:26:25  606 batches submitted to accumulate stats from 38784 documents (416124 virtual)
18:26:25  608 batches submitted to accumulate stats from 38912 documents (416863 virtual)
18:26:25  609 batches submitted to accumulate stats from 38976 documents (417214 virtual)
18:26:25  615 batches submitted to accumulate stats from 39360 documents (415734 virtual)
18:26:25  619 batches submitted to accumulate stats from 39616 documents (414885 virtual)
18:26:25  620 batches submitted to accumulate stats from 39680 documents (415102 virtual)
18:26:25  621 batches submitted to accumulate stats from 39744 documents (416262 virtual)
18:26:25  622 batches submitted to accumulate stats from 39808 documents (416400 virtual)
18:26:25  635 batches submitted to accumulate stats from 40640 documents (406111 virtual)
18:26:25  636 batches submitted to accumulate stats from 40704 documents (406224 virtual)
18:26:25  637 batches submitted to accumulate stats from 40768 documents (406892 virtual)
18:26:25  639 batches submitted to accumulate stats from 40896 documents (406947 virtual)
18:26:25  641 batches submitted to accumulate stats from 41024 documents (407057 virtual)
18:26:25  serializing accumulator to return to master...
18:26:25  accumulator serialized
18:26:25  serializing accumulator to return to master...
18:26:25  serializing accumulator to return to master...
18:26:25  accumulator serialized
18:26:25  serializing accumulator to return to master...
18:26:25  accumulator serialized
18:26:25  accumulator serialized
18:26:25  serializing accumulator to return to master...
18:26:25  accumulator serialized
18:26:25  serializing accumulator to return to master...
18:26:25  serializing accumulator to return to master...
18:26:25  accumulator serialized
18:26:25  accumulator serialized
18:26:25  serializing accumulator to return to master...
18:26:25  serializing accumulator to return to master...
18:26:25  accumulator serialized
18:26:25  accumulator serialized
18:26:26  9 accumulators retrieved from output queue
18:26:26  accumulated word occurrence stats for 852672 virtual documents
18:26:26       Topics=15  Coherence=0.512  Diversity=0.7333  Outliers=39.9%  Score=0.2257
18:26:26    [2/5] Testing: {'min_cluster_size': 30, 'n_neighbors': 15, 'n_components': 5}
18:26:26  Use pytorch device_name: mps
18:26:26  Load pretrained SentenceTransformer: all-MiniLM-L6-v2
18:26:26  HTTP Request: HEAD https://huggingface.co/sentence-transformers/all-MiniLM-L6-v2/resolve/main/modules.json "HTTP/1.1 307 Temporary Redirect"
18:26:26  HTTP Request: HEAD https://huggingface.co/api/resolve-cache/models/sentence-transformers/all-MiniLM-L6-v2/c9745ed1d9f207416be6d2e6f8de32d1f16199bf/modules.json "HTTP/1.1 200 OK"
18:26:26  HTTP Request: HEAD https://huggingface.co/sentence-transformers/all-MiniLM-L6-v2/resolve/main/config_sentence_transformers.json "HTTP/1.1 307 Temporary Redirect"
18:26:26  HTTP Request: HEAD https://huggingface.co/api/resolve-cache/models/sentence-transformers/all-MiniLM-L6-v2/c9745ed1d9f207416be6d2e6f8de32d1f16199bf/config_sentence_transformers.json "HTTP/1.1 200 OK"
18:26:26  HTTP Request: HEAD https://huggingface.co/sentence-transformers/all-MiniLM-L6-v2/resolve/main/config_sentence_transformers.json "HTTP/1.1 307 Temporary Redirect"
18:26:26  HTTP Request: HEAD https://huggingface.co/api/resolve-cache/models/sentence-transformers/all-MiniLM-L6-v2/c9745ed1d9f207416be6d2e6f8de32d1f16199bf/config_sentence_transformers.json "HTTP/1.1 200 OK"
18:26:26  HTTP Request: HEAD https://huggingface.co/sentence-transformers/all-MiniLM-L6-v2/resolve/main/README.md "HTTP/1.1 307 Temporary Redirect"
18:26:26  HTTP Request: HEAD https://huggingface.co/api/resolve-cache/models/sentence-transformers/all-MiniLM-L6-v2/c9745ed1d9f207416be6d2e6f8de32d1f16199bf/README.md "HTTP/1.1 200 OK"
18:26:26  HTTP Request: HEAD https://huggingface.co/sentence-transformers/all-MiniLM-L6-v2/resolve/main/modules.json "HTTP/1.1 307 Temporary Redirect"
18:26:26  HTTP Request: HEAD https://huggingface.co/api/resolve-cache/models/sentence-transformers/all-MiniLM-L6-v2/c9745ed1d9f207416be6d2e6f8de32d1f16199bf/modules.json "HTTP/1.1 200 OK"
18:26:26  HTTP Request: HEAD https://huggingface.co/sentence-transformers/all-MiniLM-L6-v2/resolve/main/sentence_bert_config.json "HTTP/1.1 307 Temporary Redirect"
18:26:26  HTTP Request: HEAD https://huggingface.co/api/resolve-cache/models/sentence-transformers/all-MiniLM-L6-v2/c9745ed1d9f207416be6d2e6f8de32d1f16199bf/sentence_bert_config.json "HTTP/1.1 200 OK"
18:26:26  HTTP Request: HEAD https://huggingface.co/sentence-transformers/all-MiniLM-L6-v2/resolve/main/adapter_config.json "HTTP/1.1 404 Not Found"
18:26:26  HTTP Request: HEAD https://huggingface.co/sentence-transformers/all-MiniLM-L6-v2/resolve/main/config.json "HTTP/1.1 307 Temporary Redirect"
18:26:26  HTTP Request: HEAD https://huggingface.co/api/resolve-cache/models/sentence-transformers/all-MiniLM-L6-v2/c9745ed1d9f207416be6d2e6f8de32d1f16199bf/config.json "HTTP/1.1 200 OK"
18:26:26  HTTP Request: HEAD https://huggingface.co/sentence-transformers/all-MiniLM-L6-v2/resolve/main/config.json "HTTP/1.1 307 Temporary Redirect"
18:26:26  HTTP Request: HEAD https://huggingface.co/api/resolve-cache/models/sentence-transformers/all-MiniLM-L6-v2/c9745ed1d9f207416be6d2e6f8de32d1f16199bf/config.json "HTTP/1.1 200 OK"
18:26:26  HTTP Request: HEAD https://huggingface.co/sentence-transformers/all-MiniLM-L6-v2/resolve/main/tokenizer_config.json "HTTP/1.1 307 Temporary Redirect"
18:26:26  HTTP Request: HEAD https://huggingface.co/api/resolve-cache/models/sentence-transformers/all-MiniLM-L6-v2/c9745ed1d9f207416be6d2e6f8de32d1f16199bf/tokenizer_config.json "HTTP/1.1 200 OK"
18:26:26  HTTP Request: GET https://huggingface.co/api/models/sentence-transformers/all-MiniLM-L6-v2/tree/main/additional_chat_templates?recursive=false&expand=false "HTTP/1.1 404 Not Found"
18:26:27  HTTP Request: GET https://huggingface.co/api/models/sentence-transformers/all-MiniLM-L6-v2/tree/main?recursive=true&expand=false "HTTP/1.1 200 OK"
18:26:27  HTTP Request: HEAD https://huggingface.co/sentence-transformers/all-MiniLM-L6-v2/resolve/main/1_Pooling/config.json "HTTP/1.1 307 Temporary Redirect"
18:26:27  HTTP Request: HEAD https://huggingface.co/api/resolve-cache/models/sentence-transformers/all-MiniLM-L6-v2/c9745ed1d9f207416be6d2e6f8de32d1f16199bf/1_Pooling%2Fconfig.json "HTTP/1.1 200 OK"
18:26:27  HTTP Request: GET https://huggingface.co/api/models/sentence-transformers/all-MiniLM-L6-v2 "HTTP/1.1 200 OK"
18:28:31  adding document #0 to Dictionary<0 unique tokens: []>
18:28:31  adding document #10000 to Dictionary<34442 unique tokens: ['according', 'advantage', 'appearing', 'arabia', 'argumentation']...>
18:28:31  adding document #20000 to Dictionary<46917 unique tokens: ['according', 'advantage', 'appearing', 'arabia', 'argumentation']...>
18:28:32  adding document #30000 to Dictionary<56344 unique tokens: ['according', 'advantage', 'appearing', 'arabia', 'argumentation']...>
18:28:32  adding document #40000 to Dictionary<65211 unique tokens: ['according', 'advantage', 'appearing', 'arabia', 'argumentation']...>
18:28:32  built Dictionary<66148 unique tokens: ['according', 'advantage', 'appearing', 'arabia', 'argumentation']...> from 41067 documents (total 4882872 corpus positions)
18:28:32  Dictionary lifecycle event {'msg': "built Dictionary<66148 unique tokens: ['according', 'advantage', 'appearing', 'arabia', 'argumentation']...> from 41067 documents (total 4882872 corpus positions)", 'datetime': '2026-03-29T18:28:32.699660', 'gensim': '4.4.0', 'python': '3.11.14 (main, Oct  9 2025, 16:16:55) [Clang 17.0.0 (clang-1700.6.3.2)]', 'platform': 'macOS-26.2-arm64-arm-64bit', 'event': 'created'}
18:28:33  using ParallelWordOccurrenceAccumulator<processes=9, batch_size=64> to estimate probabilities from sliding windows
18:29:19  1 batches submitted to accumulate stats from 64 documents (155 virtual)
18:29:19  2 batches submitted to accumulate stats from 128 documents (776 virtual)
18:29:19  3 batches submitted to accumulate stats from 192 documents (1759 virtual)
18:29:19  4 batches submitted to accumulate stats from 256 documents (2493 virtual)
18:29:19  5 batches submitted to accumulate stats from 320 documents (3120 virtual)
18:29:19  6 batches submitted to accumulate stats from 384 documents (3949 virtual)
18:29:19  7 batches submitted to accumulate stats from 448 documents (4286 virtual)
18:29:19  8 batches submitted to accumulate stats from 512 documents (4673 virtual)
18:29:19  9 batches submitted to accumulate stats from 576 documents (5429 virtual)
18:29:19  10 batches submitted to accumulate stats from 640 documents (6270 virtual)
18:29:19  11 batches submitted to accumulate stats from 704 documents (6955 virtual)
18:29:19  12 batches submitted to accumulate stats from 768 documents (8328 virtual)
18:29:19  13 batches submitted to accumulate stats from 832 documents (8374 virtual)
18:29:19  14 batches submitted to accumulate stats from 896 documents (9079 virtual)
18:29:19  15 batches submitted to accumulate stats from 960 documents (9917 virtual)
18:29:19  16 batches submitted to accumulate stats from 1024 documents (10247 virtual)
18:29:19  17 batches submitted to accumulate stats from 1088 documents (10504 virtual)
18:29:19  18 batches submitted to accumulate stats from 1152 documents (11222 virtual)
18:29:19  19 batches submitted to accumulate stats from 1216 documents (11593 virtual)
18:29:19  20 batches submitted to accumulate stats from 1280 documents (12682 virtual)
18:29:19  21 batches submitted to accumulate stats from 1344 documents (13255 virtual)
18:29:19  22 batches submitted to accumulate stats from 1408 documents (13574 virtual)
18:29:19  23 batches submitted to accumulate stats from 1472 documents (13694 virtual)
18:29:19  25 batches submitted to accumulate stats from 1600 documents (13684 virtual)
18:29:19  26 batches submitted to accumulate stats from 1664 documents (14140 virtual)
18:29:19  28 batches submitted to accumulate stats from 1792 documents (13946 virtual)
18:29:19  30 batches submitted to accumulate stats from 1920 documents (14856 virtual)
18:29:19  31 batches submitted to accumulate stats from 1984 documents (15110 virtual)
18:29:19  32 batches submitted to accumulate stats from 2048 documents (15249 virtual)
18:29:19  33 batches submitted to accumulate stats from 2112 documents (15873 virtual)
18:29:19  34 batches submitted to accumulate stats from 2176 documents (16218 virtual)
18:29:19  35 batches submitted to accumulate stats from 2240 documents (17039 virtual)
18:29:19  36 batches submitted to accumulate stats from 2304 documents (17680 virtual)
18:29:19  44 batches submitted to accumulate stats from 2816 documents (14502 virtual)
18:29:19  45 batches submitted to accumulate stats from 2880 documents (14697 virtual)
18:29:19  49 batches submitted to accumulate stats from 3136 documents (13981 virtual)
18:29:19  50 batches submitted to accumulate stats from 3200 documents (14549 virtual)
18:29:19  51 batches submitted to accumulate stats from 3264 documents (14633 virtual)
18:29:19  52 batches submitted to accumulate stats from 3328 documents (14704 virtual)
18:29:19  53 batches submitted to accumulate stats from 3392 documents (15109 virtual)
18:29:19  54 batches submitted to accumulate stats from 3456 documents (15264 virtual)
18:29:19  55 batches submitted to accumulate stats from 3520 documents (15712 virtual)
18:29:19  56 batches submitted to accumulate stats from 3584 documents (16520 virtual)
18:29:19  57 batches submitted to accumulate stats from 3648 documents (16963 virtual)
18:29:19  58 batches submitted to accumulate stats from 3712 documents (17668 virtual)
18:29:19  59 batches submitted to accumulate stats from 3776 documents (18005 virtual)
18:29:19  60 batches submitted to accumulate stats from 3840 documents (18331 virtual)
18:29:19  61 batches submitted to accumulate stats from 3904 documents (18680 virtual)
18:29:19  63 batches submitted to accumulate stats from 4032 documents (18832 virtual)
18:29:19  64 batches submitted to accumulate stats from 4096 documents (19350 virtual)
18:29:19  65 batches submitted to accumulate stats from 4160 documents (19645 virtual)
18:29:19  66 batches submitted to accumulate stats from 4224 documents (20590 virtual)
18:29:19  69 batches submitted to accumulate stats from 4416 documents (21246 virtual)
18:29:19  70 batches submitted to accumulate stats from 4480 documents (21747 virtual)
18:29:19  71 batches submitted to accumulate stats from 4544 documents (22027 virtual)
18:29:19  78 batches submitted to accumulate stats from 4992 documents (18311 virtual)
18:29:19  79 batches submitted to accumulate stats from 5056 documents (19080 virtual)
18:29:19  80 batches submitted to accumulate stats from 5120 documents (19275 virtual)
18:29:19  81 batches submitted to accumulate stats from 5184 documents (19457 virtual)
18:29:19  82 batches submitted to accumulate stats from 5248 documents (19593 virtual)
18:29:19  83 batches submitted to accumulate stats from 5312 documents (19808 virtual)
18:29:19  85 batches submitted to accumulate stats from 5440 documents (20057 virtual)
18:29:19  87 batches submitted to accumulate stats from 5568 documents (19921 virtual)
18:29:19  89 batches submitted to accumulate stats from 5696 documents (19999 virtual)
18:29:19  91 batches submitted to accumulate stats from 5824 documents (19955 virtual)
18:29:19  92 batches submitted to accumulate stats from 5888 documents (20515 virtual)
18:29:19  94 batches submitted to accumulate stats from 6016 documents (20663 virtual)
18:29:19  95 batches submitted to accumulate stats from 6080 documents (20770 virtual)
18:29:19  96 batches submitted to accumulate stats from 6144 documents (20997 virtual)
18:29:19  99 batches submitted to accumulate stats from 6336 documents (20024 virtual)
18:29:19  101 batches submitted to accumulate stats from 6464 documents (19433 virtual)
18:29:19  102 batches submitted to accumulate stats from 6528 documents (19940 virtual)
18:29:19  104 batches submitted to accumulate stats from 6656 documents (20080 virtual)
18:29:20  114 batches submitted to accumulate stats from 7296 documents (17820 virtual)
18:29:20  115 batches submitted to accumulate stats from 7360 documents (17880 virtual)
18:29:20  117 batches submitted to accumulate stats from 7488 documents (17639 virtual)
18:29:20  119 batches submitted to accumulate stats from 7616 documents (17887 virtual)
18:29:20  120 batches submitted to accumulate stats from 7680 documents (19171 virtual)
18:29:20  121 batches submitted to accumulate stats from 7744 documents (20462 virtual)
18:29:20  122 batches submitted to accumulate stats from 7808 documents (21918 virtual)
18:29:20  123 batches submitted to accumulate stats from 7872 documents (23857 virtual)
18:29:20  124 batches submitted to accumulate stats from 7936 documents (25881 virtual)
18:29:20  125 batches submitted to accumulate stats from 8000 documents (27358 virtual)
18:29:20  126 batches submitted to accumulate stats from 8064 documents (28726 virtual)
18:29:20  127 batches submitted to accumulate stats from 8128 documents (29911 virtual)
18:29:20  128 batches submitted to accumulate stats from 8192 documents (30119 virtual)
18:29:20  129 batches submitted to accumulate stats from 8256 documents (31758 virtual)
18:29:20  130 batches submitted to accumulate stats from 8320 documents (33977 virtual)
18:29:20  131 batches submitted to accumulate stats from 8384 documents (35267 virtual)
18:29:20  132 batches submitted to accumulate stats from 8448 documents (36891 virtual)
18:29:20  133 batches submitted to accumulate stats from 8512 documents (38492 virtual)
18:29:20  134 batches submitted to accumulate stats from 8576 documents (39213 virtual)
18:29:20  135 batches submitted to accumulate stats from 8640 documents (41012 virtual)
18:29:20  136 batches submitted to accumulate stats from 8704 documents (42338 virtual)
18:29:20  137 batches submitted to accumulate stats from 8768 documents (43947 virtual)
18:29:20  138 batches submitted to accumulate stats from 8832 documents (46062 virtual)
18:29:20  139 batches submitted to accumulate stats from 8896 documents (48217 virtual)
18:29:20  140 batches submitted to accumulate stats from 8960 documents (49797 virtual)
18:29:20  141 batches submitted to accumulate stats from 9024 documents (51919 virtual)
18:29:20  142 batches submitted to accumulate stats from 9088 documents (53928 virtual)
18:29:20  143 batches submitted to accumulate stats from 9152 documents (55364 virtual)
18:29:20  144 batches submitted to accumulate stats from 9216 documents (57161 virtual)
18:29:20  145 batches submitted to accumulate stats from 9280 documents (59135 virtual)
18:29:20  146 batches submitted to accumulate stats from 9344 documents (61008 virtual)
18:29:20  147 batches submitted to accumulate stats from 9408 documents (62151 virtual)
18:29:20  148 batches submitted to accumulate stats from 9472 documents (63433 virtual)
18:29:20  149 batches submitted to accumulate stats from 9536 documents (64825 virtual)
18:29:20  150 batches submitted to accumulate stats from 9600 documents (66627 virtual)
18:29:20  151 batches submitted to accumulate stats from 9664 documents (67862 virtual)
18:29:20  152 batches submitted to accumulate stats from 9728 documents (69514 virtual)
18:29:20  153 batches submitted to accumulate stats from 9792 documents (71449 virtual)
18:29:20  154 batches submitted to accumulate stats from 9856 documents (73566 virtual)
18:29:20  155 batches submitted to accumulate stats from 9920 documents (75717 virtual)
18:29:20  156 batches submitted to accumulate stats from 9984 documents (77466 virtual)
18:29:20  157 batches submitted to accumulate stats from 10048 documents (79507 virtual)
18:29:20  158 batches submitted to accumulate stats from 10112 documents (81531 virtual)
18:29:20  159 batches submitted to accumulate stats from 10176 documents (83129 virtual)
18:29:20  160 batches submitted to accumulate stats from 10240 documents (84945 virtual)
18:29:20  161 batches submitted to accumulate stats from 10304 documents (86961 virtual)
18:29:20  162 batches submitted to accumulate stats from 10368 documents (88684 virtual)
18:29:20  163 batches submitted to accumulate stats from 10432 documents (90348 virtual)
18:29:20  164 batches submitted to accumulate stats from 10496 documents (92390 virtual)
18:29:20  165 batches submitted to accumulate stats from 10560 documents (94905 virtual)
18:29:20  166 batches submitted to accumulate stats from 10624 documents (96830 virtual)
18:29:20  167 batches submitted to accumulate stats from 10688 documents (98524 virtual)
18:29:20  168 batches submitted to accumulate stats from 10752 documents (99871 virtual)
18:29:20  169 batches submitted to accumulate stats from 10816 documents (101508 virtual)
18:29:20  170 batches submitted to accumulate stats from 10880 documents (102961 virtual)
18:29:20  171 batches submitted to accumulate stats from 10944 documents (104239 virtual)
18:29:20  172 batches submitted to accumulate stats from 11008 documents (106007 virtual)
18:29:20  173 batches submitted to accumulate stats from 11072 documents (108383 virtual)
18:29:20  174 batches submitted to accumulate stats from 11136 documents (109382 virtual)
18:29:20  175 batches submitted to accumulate stats from 11200 documents (110636 virtual)
18:29:20  176 batches submitted to accumulate stats from 11264 documents (110779 virtual)
18:29:20  177 batches submitted to accumulate stats from 11328 documents (111654 virtual)
18:29:20  178 batches submitted to accumulate stats from 11392 documents (112798 virtual)
18:29:20  179 batches submitted to accumulate stats from 11456 documents (113392 virtual)
18:29:20  180 batches submitted to accumulate stats from 11520 documents (114923 virtual)
18:29:20  181 batches submitted to accumulate stats from 11584 documents (117003 virtual)
18:29:20  182 batches submitted to accumulate stats from 11648 documents (117732 virtual)
18:29:20  183 batches submitted to accumulate stats from 11712 documents (119484 virtual)
18:29:20  184 batches submitted to accumulate stats from 11776 documents (120583 virtual)
18:29:20  185 batches submitted to accumulate stats from 11840 documents (121595 virtual)
18:29:20  186 batches submitted to accumulate stats from 11904 documents (122257 virtual)
18:29:20  187 batches submitted to accumulate stats from 11968 documents (123065 virtual)
18:29:20  188 batches submitted to accumulate stats from 12032 documents (124080 virtual)
18:29:20  189 batches submitted to accumulate stats from 12096 documents (125621 virtual)
18:29:20  190 batches submitted to accumulate stats from 12160 documents (125927 virtual)
18:29:20  191 batches submitted to accumulate stats from 12224 documents (126310 virtual)
18:29:20  192 batches submitted to accumulate stats from 12288 documents (127395 virtual)
18:29:20  193 batches submitted to accumulate stats from 12352 documents (128754 virtual)
18:29:20  194 batches submitted to accumulate stats from 12416 documents (130470 virtual)
18:29:20  195 batches submitted to accumulate stats from 12480 documents (132211 virtual)
18:29:20  196 batches submitted to accumulate stats from 12544 documents (133256 virtual)
18:29:20  197 batches submitted to accumulate stats from 12608 documents (134215 virtual)
18:29:20  198 batches submitted to accumulate stats from 12672 documents (135011 virtual)
18:29:21  199 batches submitted to accumulate stats from 12736 documents (135371 virtual)
18:29:21  200 batches submitted to accumulate stats from 12800 documents (136235 virtual)
18:29:21  201 batches submitted to accumulate stats from 12864 documents (137090 virtual)
18:29:21  202 batches submitted to accumulate stats from 12928 documents (138054 virtual)
18:29:21  203 batches submitted to accumulate stats from 12992 documents (139079 virtual)
18:29:21  204 batches submitted to accumulate stats from 13056 documents (141200 virtual)
18:29:21  205 batches submitted to accumulate stats from 13120 documents (142240 virtual)
18:29:21  206 batches submitted to accumulate stats from 13184 documents (143688 virtual)
18:29:21  207 batches submitted to accumulate stats from 13248 documents (144883 virtual)
18:29:21  208 batches submitted to accumulate stats from 13312 documents (145674 virtual)
18:29:21  209 batches submitted to accumulate stats from 13376 documents (146981 virtual)
18:29:21  210 batches submitted to accumulate stats from 13440 documents (147627 virtual)
18:29:21  211 batches submitted to accumulate stats from 13504 documents (148038 virtual)
18:29:21  212 batches submitted to accumulate stats from 13568 documents (149025 virtual)
18:29:21  213 batches submitted to accumulate stats from 13632 documents (150189 virtual)
18:29:21  214 batches submitted to accumulate stats from 13696 documents (151439 virtual)
18:29:21  215 batches submitted to accumulate stats from 13760 documents (152520 virtual)
18:29:21  216 batches submitted to accumulate stats from 13824 documents (153315 virtual)
18:29:21  217 batches submitted to accumulate stats from 13888 documents (154364 virtual)
18:29:21  218 batches submitted to accumulate stats from 13952 documents (155262 virtual)
18:29:21  219 batches submitted to accumulate stats from 14016 documents (156054 virtual)
18:29:21  220 batches submitted to accumulate stats from 14080 documents (156986 virtual)
18:29:21  221 batches submitted to accumulate stats from 14144 documents (157645 virtual)
18:29:21  222 batches submitted to accumulate stats from 14208 documents (158752 virtual)
18:29:21  223 batches submitted to accumulate stats from 14272 documents (159961 virtual)
18:29:21  224 batches submitted to accumulate stats from 14336 documents (160583 virtual)
18:29:21  225 batches submitted to accumulate stats from 14400 documents (162031 virtual)
18:29:21  226 batches submitted to accumulate stats from 14464 documents (163081 virtual)
18:29:21  227 batches submitted to accumulate stats from 14528 documents (163987 virtual)
18:29:21  228 batches submitted to accumulate stats from 14592 documents (164599 virtual)
18:29:21  229 batches submitted to accumulate stats from 14656 documents (166003 virtual)
18:29:21  230 batches submitted to accumulate stats from 14720 documents (167082 virtual)
18:29:21  231 batches submitted to accumulate stats from 14784 documents (167926 virtual)
18:29:21  232 batches submitted to accumulate stats from 14848 documents (168389 virtual)
18:29:21  233 batches submitted to accumulate stats from 14912 documents (169479 virtual)
18:29:21  234 batches submitted to accumulate stats from 14976 documents (171362 virtual)
18:29:21  235 batches submitted to accumulate stats from 15040 documents (172311 virtual)
18:29:21  236 batches submitted to accumulate stats from 15104 documents (173019 virtual)
18:29:21  237 batches submitted to accumulate stats from 15168 documents (174461 virtual)
18:29:21  238 batches submitted to accumulate stats from 15232 documents (174914 virtual)
18:29:21  239 batches submitted to accumulate stats from 15296 documents (176192 virtual)
18:29:21  240 batches submitted to accumulate stats from 15360 documents (176409 virtual)
18:29:21  241 batches submitted to accumulate stats from 15424 documents (177525 virtual)
18:29:21  242 batches submitted to accumulate stats from 15488 documents (179115 virtual)
18:29:21  243 batches submitted to accumulate stats from 15552 documents (180241 virtual)
18:29:21  244 batches submitted to accumulate stats from 15616 documents (180917 virtual)
18:29:21  245 batches submitted to accumulate stats from 15680 documents (182402 virtual)
18:29:21  246 batches submitted to accumulate stats from 15744 documents (183920 virtual)
18:29:21  247 batches submitted to accumulate stats from 15808 documents (184895 virtual)
18:29:21  248 batches submitted to accumulate stats from 15872 documents (185153 virtual)
18:29:21  249 batches submitted to accumulate stats from 15936 documents (185885 virtual)
18:29:21  250 batches submitted to accumulate stats from 16000 documents (185993 virtual)
18:29:21  251 batches submitted to accumulate stats from 16064 documents (186120 virtual)
18:29:21  252 batches submitted to accumulate stats from 16128 documents (186443 virtual)
18:29:21  253 batches submitted to accumulate stats from 16192 documents (187178 virtual)
18:29:21  254 batches submitted to accumulate stats from 16256 documents (188771 virtual)
18:29:21  255 batches submitted to accumulate stats from 16320 documents (189922 virtual)
18:29:21  256 batches submitted to accumulate stats from 16384 documents (191219 virtual)
18:29:21  257 batches submitted to accumulate stats from 16448 documents (193144 virtual)
18:29:21  258 batches submitted to accumulate stats from 16512 documents (194602 virtual)
18:29:21  259 batches submitted to accumulate stats from 16576 documents (195604 virtual)
18:29:21  260 batches submitted to accumulate stats from 16640 documents (195802 virtual)
18:29:21  262 batches submitted to accumulate stats from 16768 documents (196972 virtual)
18:29:21  263 batches submitted to accumulate stats from 16832 documents (198565 virtual)
18:29:21  264 batches submitted to accumulate stats from 16896 documents (199870 virtual)
18:29:21  266 batches submitted to accumulate stats from 17024 documents (200837 virtual)
18:29:21  267 batches submitted to accumulate stats from 17088 documents (201136 virtual)
18:29:21  268 batches submitted to accumulate stats from 17152 documents (201435 virtual)
18:29:21  270 batches submitted to accumulate stats from 17280 documents (201942 virtual)
18:29:21  271 batches submitted to accumulate stats from 17344 documents (202399 virtual)
18:29:21  272 batches submitted to accumulate stats from 17408 documents (203379 virtual)
18:29:21  273 batches submitted to accumulate stats from 17472 documents (204229 virtual)
18:29:21  274 batches submitted to accumulate stats from 17536 documents (204471 virtual)
18:29:21  275 batches submitted to accumulate stats from 17600 documents (205039 virtual)
18:29:21  276 batches submitted to accumulate stats from 17664 documents (205112 virtual)
18:29:21  277 batches submitted to accumulate stats from 17728 documents (205552 virtual)
18:29:21  280 batches submitted to accumulate stats from 17920 documents (206081 virtual)
18:29:21  281 batches submitted to accumulate stats from 17984 documents (207517 virtual)
18:29:21  282 batches submitted to accumulate stats from 18048 documents (208618 virtual)
18:29:21  283 batches submitted to accumulate stats from 18112 documents (209835 virtual)
18:29:21  284 batches submitted to accumulate stats from 18176 documents (211265 virtual)
18:29:21  285 batches submitted to accumulate stats from 18240 documents (211709 virtual)
18:29:21  286 batches submitted to accumulate stats from 18304 documents (212626 virtual)
18:29:21  287 batches submitted to accumulate stats from 18368 documents (213228 virtual)
18:29:21  288 batches submitted to accumulate stats from 18432 documents (214908 virtual)
18:29:21  289 batches submitted to accumulate stats from 18496 documents (215882 virtual)
18:29:21  290 batches submitted to accumulate stats from 18560 documents (216188 virtual)
18:29:21  291 batches submitted to accumulate stats from 18624 documents (217290 virtual)
18:29:21  292 batches submitted to accumulate stats from 18688 documents (217991 virtual)
18:29:21  293 batches submitted to accumulate stats from 18752 documents (218861 virtual)
18:29:21  295 batches submitted to accumulate stats from 18880 documents (219497 virtual)
18:29:21  296 batches submitted to accumulate stats from 18944 documents (219518 virtual)
18:29:21  298 batches submitted to accumulate stats from 19072 documents (220095 virtual)
18:29:22  299 batches submitted to accumulate stats from 19136 documents (220619 virtual)
18:29:22  300 batches submitted to accumulate stats from 19200 documents (220793 virtual)
18:29:22  301 batches submitted to accumulate stats from 19264 documents (221805 virtual)
18:29:22  302 batches submitted to accumulate stats from 19328 documents (222301 virtual)
18:29:22  303 batches submitted to accumulate stats from 19392 documents (223752 virtual)
18:29:22  305 batches submitted to accumulate stats from 19520 documents (224189 virtual)
18:29:22  306 batches submitted to accumulate stats from 19584 documents (225912 virtual)
18:29:22  307 batches submitted to accumulate stats from 19648 documents (226451 virtual)
18:29:22  308 batches submitted to accumulate stats from 19712 documents (226827 virtual)
18:29:22  309 batches submitted to accumulate stats from 19776 documents (227068 virtual)
18:29:22  310 batches submitted to accumulate stats from 19840 documents (227416 virtual)
18:29:22  311 batches submitted to accumulate stats from 19904 documents (227881 virtual)
18:29:22  312 batches submitted to accumulate stats from 19968 documents (228226 virtual)
18:29:22  313 batches submitted to accumulate stats from 20032 documents (228607 virtual)
18:29:22  314 batches submitted to accumulate stats from 20096 documents (229035 virtual)
18:29:22  315 batches submitted to accumulate stats from 20160 documents (229477 virtual)
18:29:22  317 batches submitted to accumulate stats from 20288 documents (229299 virtual)
18:29:22  318 batches submitted to accumulate stats from 20352 documents (229764 virtual)
18:29:22  319 batches submitted to accumulate stats from 20416 documents (230090 virtual)
18:29:22  320 batches submitted to accumulate stats from 20480 documents (230729 virtual)
18:29:22  321 batches submitted to accumulate stats from 20544 documents (231178 virtual)
18:29:22  322 batches submitted to accumulate stats from 20608 documents (231650 virtual)
18:29:22  325 batches submitted to accumulate stats from 20800 documents (231647 virtual)
18:29:22  326 batches submitted to accumulate stats from 20864 documents (232126 virtual)
18:29:22  328 batches submitted to accumulate stats from 20992 documents (232637 virtual)
18:29:22  329 batches submitted to accumulate stats from 21056 documents (232662 virtual)
18:29:22  330 batches submitted to accumulate stats from 21120 documents (232682 virtual)
18:29:22  331 batches submitted to accumulate stats from 21184 documents (233011 virtual)
18:29:22  332 batches submitted to accumulate stats from 21248 documents (234397 virtual)
18:29:22  333 batches submitted to accumulate stats from 21312 documents (235313 virtual)
18:29:22  334 batches submitted to accumulate stats from 21376 documents (236278 virtual)
18:29:22  335 batches submitted to accumulate stats from 21440 documents (237329 virtual)
18:29:22  336 batches submitted to accumulate stats from 21504 documents (238963 virtual)
18:29:22  337 batches submitted to accumulate stats from 21568 documents (240437 virtual)
18:29:22  338 batches submitted to accumulate stats from 21632 documents (241964 virtual)
18:29:22  339 batches submitted to accumulate stats from 21696 documents (243508 virtual)
18:29:22  340 batches submitted to accumulate stats from 21760 documents (244484 virtual)
18:29:22  341 batches submitted to accumulate stats from 21824 documents (245586 virtual)
18:29:22  342 batches submitted to accumulate stats from 21888 documents (245933 virtual)
18:29:22  343 batches submitted to accumulate stats from 21952 documents (247299 virtual)
18:29:22  344 batches submitted to accumulate stats from 22016 documents (248636 virtual)
18:29:22  345 batches submitted to accumulate stats from 22080 documents (249890 virtual)
18:29:22  346 batches submitted to accumulate stats from 22144 documents (250923 virtual)
18:29:22  347 batches submitted to accumulate stats from 22208 documents (251927 virtual)
18:29:22  348 batches submitted to accumulate stats from 22272 documents (252993 virtual)
18:29:22  349 batches submitted to accumulate stats from 22336 documents (254541 virtual)
18:29:22  350 batches submitted to accumulate stats from 22400 documents (256686 virtual)
18:29:22  351 batches submitted to accumulate stats from 22464 documents (258061 virtual)
18:29:22  352 batches submitted to accumulate stats from 22528 documents (259435 virtual)
18:29:22  353 batches submitted to accumulate stats from 22592 documents (260552 virtual)
18:29:22  354 batches submitted to accumulate stats from 22656 documents (262610 virtual)
18:29:22  355 batches submitted to accumulate stats from 22720 documents (263745 virtual)
18:29:22  356 batches submitted to accumulate stats from 22784 documents (265022 virtual)
18:29:22  357 batches submitted to accumulate stats from 22848 documents (266435 virtual)
18:29:22  358 batches submitted to accumulate stats from 22912 documents (267685 virtual)
18:29:22  359 batches submitted to accumulate stats from 22976 documents (268423 virtual)
18:29:22  360 batches submitted to accumulate stats from 23040 documents (269486 virtual)
18:29:22  361 batches submitted to accumulate stats from 23104 documents (271430 virtual)
18:29:22  362 batches submitted to accumulate stats from 23168 documents (272328 virtual)
18:29:22  363 batches submitted to accumulate stats from 23232 documents (273691 virtual)
18:29:22  364 batches submitted to accumulate stats from 23296 documents (274943 virtual)
18:29:22  365 batches submitted to accumulate stats from 23360 documents (275128 virtual)
18:29:22  366 batches submitted to accumulate stats from 23424 documents (276443 virtual)
18:29:22  367 batches submitted to accumulate stats from 23488 documents (277300 virtual)
18:29:22  368 batches submitted to accumulate stats from 23552 documents (277599 virtual)
18:29:22  369 batches submitted to accumulate stats from 23616 documents (279033 virtual)
18:29:22  370 batches submitted to accumulate stats from 23680 documents (280125 virtual)
18:29:22  371 batches submitted to accumulate stats from 23744 documents (281427 virtual)
18:29:22  372 batches submitted to accumulate stats from 23808 documents (282902 virtual)
18:29:22  373 batches submitted to accumulate stats from 23872 documents (283507 virtual)
18:29:22  374 batches submitted to accumulate stats from 23936 documents (283771 virtual)
18:29:22  375 batches submitted to accumulate stats from 24000 documents (285566 virtual)
18:29:22  376 batches submitted to accumulate stats from 24064 documents (287508 virtual)
18:29:22  377 batches submitted to accumulate stats from 24128 documents (288298 virtual)
18:29:22  378 batches submitted to accumulate stats from 24192 documents (288806 virtual)
18:29:22  379 batches submitted to accumulate stats from 24256 documents (290190 virtual)
18:29:22  380 batches submitted to accumulate stats from 24320 documents (290760 virtual)
18:29:22  381 batches submitted to accumulate stats from 24384 documents (291162 virtual)
18:29:22  382 batches submitted to accumulate stats from 24448 documents (291729 virtual)
18:29:22  383 batches submitted to accumulate stats from 24512 documents (292194 virtual)
18:29:22  384 batches submitted to accumulate stats from 24576 documents (293099 virtual)
18:29:22  385 batches submitted to accumulate stats from 24640 documents (293948 virtual)
18:29:22  386 batches submitted to accumulate stats from 24704 documents (295090 virtual)
18:29:22  387 batches submitted to accumulate stats from 24768 documents (296840 virtual)
18:29:22  388 batches submitted to accumulate stats from 24832 documents (297330 virtual)
18:29:22  389 batches submitted to accumulate stats from 24896 documents (297790 virtual)
18:29:22  390 batches submitted to accumulate stats from 24960 documents (298494 virtual)
18:29:22  391 batches submitted to accumulate stats from 25024 documents (299618 virtual)
18:29:22  392 batches submitted to accumulate stats from 25088 documents (300063 virtual)
18:29:22  393 batches submitted to accumulate stats from 25152 documents (301432 virtual)
18:29:22  394 batches submitted to accumulate stats from 25216 documents (302246 virtual)
18:29:22  395 batches submitted to accumulate stats from 25280 documents (302503 virtual)
18:29:22  396 batches submitted to accumulate stats from 25344 documents (303055 virtual)
18:29:22  397 batches submitted to accumulate stats from 25408 documents (304411 virtual)
18:29:22  398 batches submitted to accumulate stats from 25472 documents (305347 virtual)
18:29:22  399 batches submitted to accumulate stats from 25536 documents (305616 virtual)
18:29:22  400 batches submitted to accumulate stats from 25600 documents (306702 virtual)
18:29:22  401 batches submitted to accumulate stats from 25664 documents (307110 virtual)
18:29:22  402 batches submitted to accumulate stats from 25728 documents (307910 virtual)
18:29:22  403 batches submitted to accumulate stats from 25792 documents (308604 virtual)
18:29:23  404 batches submitted to accumulate stats from 25856 documents (308702 virtual)
18:29:23  405 batches submitted to accumulate stats from 25920 documents (309326 virtual)
18:29:23  406 batches submitted to accumulate stats from 25984 documents (310839 virtual)
18:29:23  407 batches submitted to accumulate stats from 26048 documents (311764 virtual)
18:29:23  408 batches submitted to accumulate stats from 26112 documents (312649 virtual)
18:29:23  409 batches submitted to accumulate stats from 26176 documents (313279 virtual)
18:29:23  410 batches submitted to accumulate stats from 26240 documents (313688 virtual)
18:29:23  411 batches submitted to accumulate stats from 26304 documents (314356 virtual)
18:29:23  412 batches submitted to accumulate stats from 26368 documents (315581 virtual)
18:29:23  413 batches submitted to accumulate stats from 26432 documents (316291 virtual)
18:29:23  414 batches submitted to accumulate stats from 26496 documents (317448 virtual)
18:29:23  415 batches submitted to accumulate stats from 26560 documents (318418 virtual)
18:29:23  416 batches submitted to accumulate stats from 26624 documents (319082 virtual)
18:29:23  417 batches submitted to accumulate stats from 26688 documents (319442 virtual)
18:29:23  418 batches submitted to accumulate stats from 26752 documents (320258 virtual)
18:29:23  419 batches submitted to accumulate stats from 26816 documents (321195 virtual)
18:29:23  420 batches submitted to accumulate stats from 26880 documents (322692 virtual)
18:29:23  421 batches submitted to accumulate stats from 26944 documents (323529 virtual)
18:29:23  422 batches submitted to accumulate stats from 27008 documents (323588 virtual)
18:29:23  423 batches submitted to accumulate stats from 27072 documents (324363 virtual)
18:29:23  424 batches submitted to accumulate stats from 27136 documents (324745 virtual)
18:29:23  425 batches submitted to accumulate stats from 27200 documents (325134 virtual)
18:29:23  426 batches submitted to accumulate stats from 27264 documents (326512 virtual)
18:29:23  427 batches submitted to accumulate stats from 27328 documents (327479 virtual)
18:29:23  428 batches submitted to accumulate stats from 27392 documents (328133 virtual)
18:29:23  430 batches submitted to accumulate stats from 27520 documents (328985 virtual)
18:29:23  431 batches submitted to accumulate stats from 27584 documents (330233 virtual)
18:29:23  432 batches submitted to accumulate stats from 27648 documents (330698 virtual)
18:29:23  433 batches submitted to accumulate stats from 27712 documents (330885 virtual)
18:29:23  434 batches submitted to accumulate stats from 27776 documents (331068 virtual)
18:29:23  439 batches submitted to accumulate stats from 28096 documents (330838 virtual)
18:29:23  440 batches submitted to accumulate stats from 28160 documents (331444 virtual)
18:29:23  443 batches submitted to accumulate stats from 28352 documents (331422 virtual)
18:29:23  445 batches submitted to accumulate stats from 28480 documents (331965 virtual)
18:29:23  446 batches submitted to accumulate stats from 28544 documents (332638 virtual)
18:29:23  447 batches submitted to accumulate stats from 28608 documents (332908 virtual)
18:29:23  449 batches submitted to accumulate stats from 28736 documents (333069 virtual)
18:29:23  450 batches submitted to accumulate stats from 28800 documents (333705 virtual)
18:29:23  452 batches submitted to accumulate stats from 28928 documents (333925 virtual)
18:29:23  453 batches submitted to accumulate stats from 28992 documents (334888 virtual)
18:29:23  454 batches submitted to accumulate stats from 29056 documents (335087 virtual)
18:29:23  456 batches submitted to accumulate stats from 29184 documents (335123 virtual)
18:29:23  459 batches submitted to accumulate stats from 29376 documents (334732 virtual)
18:29:23  460 batches submitted to accumulate stats from 29440 documents (335431 virtual)
18:29:23  461 batches submitted to accumulate stats from 29504 documents (336173 virtual)
18:29:23  462 batches submitted to accumulate stats from 29568 documents (336881 virtual)
18:29:23  463 batches submitted to accumulate stats from 29632 documents (336997 virtual)
18:29:23  470 batches submitted to accumulate stats from 30080 documents (335531 virtual)
18:29:23  472 batches submitted to accumulate stats from 30208 documents (336001 virtual)
18:29:23  473 batches submitted to accumulate stats from 30272 documents (337337 virtual)
18:29:23  474 batches submitted to accumulate stats from 30336 documents (338593 virtual)
18:29:23  475 batches submitted to accumulate stats from 30400 documents (339505 virtual)
18:29:23  476 batches submitted to accumulate stats from 30464 documents (340645 virtual)
18:29:23  477 batches submitted to accumulate stats from 30528 documents (341955 virtual)
18:29:23  478 batches submitted to accumulate stats from 30592 documents (342701 virtual)
18:29:23  479 batches submitted to accumulate stats from 30656 documents (343314 virtual)
18:29:23  480 batches submitted to accumulate stats from 30720 documents (344568 virtual)
18:29:23  481 batches submitted to accumulate stats from 30784 documents (345159 virtual)
18:29:23  482 batches submitted to accumulate stats from 30848 documents (346216 virtual)
18:29:23  483 batches submitted to accumulate stats from 30912 documents (346942 virtual)
18:29:23  484 batches submitted to accumulate stats from 30976 documents (348165 virtual)
18:29:23  485 batches submitted to accumulate stats from 31040 documents (349171 virtual)
18:29:23  486 batches submitted to accumulate stats from 31104 documents (349917 virtual)
18:29:23  487 batches submitted to accumulate stats from 31168 documents (350870 virtual)
18:29:23  488 batches submitted to accumulate stats from 31232 documents (351319 virtual)
18:29:23  489 batches submitted to accumulate stats from 31296 documents (351770 virtual)
18:29:23  490 batches submitted to accumulate stats from 31360 documents (353158 virtual)
18:29:23  491 batches submitted to accumulate stats from 31424 documents (354743 virtual)
18:29:23  492 batches submitted to accumulate stats from 31488 documents (356122 virtual)
18:29:23  493 batches submitted to accumulate stats from 31552 documents (356347 virtual)
18:29:23  494 batches submitted to accumulate stats from 31616 documents (356548 virtual)
18:29:23  495 batches submitted to accumulate stats from 31680 documents (357637 virtual)
18:29:23  496 batches submitted to accumulate stats from 31744 documents (359470 virtual)
18:29:23  497 batches submitted to accumulate stats from 31808 documents (360626 virtual)
18:29:23  498 batches submitted to accumulate stats from 31872 documents (361183 virtual)
18:29:23  499 batches submitted to accumulate stats from 31936 documents (361626 virtual)
18:29:23  500 batches submitted to accumulate stats from 32000 documents (361872 virtual)
18:29:23  501 batches submitted to accumulate stats from 32064 documents (362859 virtual)
18:29:23  502 batches submitted to accumulate stats from 32128 documents (364344 virtual)
18:29:23  503 batches submitted to accumulate stats from 32192 documents (364860 virtual)
18:29:23  504 batches submitted to accumulate stats from 32256 documents (365205 virtual)
18:29:23  505 batches submitted to accumulate stats from 32320 documents (365586 virtual)
18:29:23  506 batches submitted to accumulate stats from 32384 documents (366802 virtual)
18:29:23  507 batches submitted to accumulate stats from 32448 documents (368259 virtual)
18:29:23  508 batches submitted to accumulate stats from 32512 documents (368969 virtual)
18:29:23  509 batches submitted to accumulate stats from 32576 documents (369029 virtual)
18:29:23  510 batches submitted to accumulate stats from 32640 documents (369450 virtual)
18:29:23  511 batches submitted to accumulate stats from 32704 documents (370933 virtual)
18:29:23  512 batches submitted to accumulate stats from 32768 documents (372113 virtual)
18:29:23  513 batches submitted to accumulate stats from 32832 documents (372591 virtual)
18:29:23  514 batches submitted to accumulate stats from 32896 documents (373160 virtual)
18:29:23  515 batches submitted to accumulate stats from 32960 documents (373451 virtual)
18:29:23  516 batches submitted to accumulate stats from 33024 documents (374491 virtual)
18:29:24  517 batches submitted to accumulate stats from 33088 documents (375150 virtual)
18:29:24  518 batches submitted to accumulate stats from 33152 documents (375745 virtual)
18:29:24  519 batches submitted to accumulate stats from 33216 documents (375840 virtual)
18:29:24  520 batches submitted to accumulate stats from 33280 documents (376345 virtual)
18:29:24  521 batches submitted to accumulate stats from 33344 documents (377699 virtual)
18:29:24  522 batches submitted to accumulate stats from 33408 documents (378614 virtual)
18:29:24  523 batches submitted to accumulate stats from 33472 documents (379033 virtual)
18:29:24  524 batches submitted to accumulate stats from 33536 documents (380167 virtual)
18:29:24  525 batches submitted to accumulate stats from 33600 documents (381208 virtual)
18:29:24  527 batches submitted to accumulate stats from 33728 documents (382076 virtual)
18:29:24  528 batches submitted to accumulate stats from 33792 documents (382611 virtual)
18:29:24  529 batches submitted to accumulate stats from 33856 documents (383626 virtual)
18:29:24  530 batches submitted to accumulate stats from 33920 documents (384335 virtual)
18:29:24  532 batches submitted to accumulate stats from 34048 documents (384328 virtual)
18:29:24  533 batches submitted to accumulate stats from 34112 documents (385147 virtual)
18:29:24  534 batches submitted to accumulate stats from 34176 documents (386601 virtual)
18:29:24  535 batches submitted to accumulate stats from 34240 documents (387336 virtual)
18:29:24  536 batches submitted to accumulate stats from 34304 documents (387936 virtual)
18:29:24  537 batches submitted to accumulate stats from 34368 documents (388837 virtual)
18:29:24  538 batches submitted to accumulate stats from 34432 documents (388933 virtual)
18:29:24  539 batches submitted to accumulate stats from 34496 documents (389233 virtual)
18:29:24  541 batches submitted to accumulate stats from 34624 documents (389444 virtual)
18:29:24  544 batches submitted to accumulate stats from 34816 documents (388792 virtual)
18:29:24  545 batches submitted to accumulate stats from 34880 documents (388823 virtual)
18:29:24  546 batches submitted to accumulate stats from 34944 documents (389047 virtual)
18:29:24  553 batches submitted to accumulate stats from 35392 documents (387757 virtual)
18:29:24  554 batches submitted to accumulate stats from 35456 documents (388459 virtual)
18:29:24  555 batches submitted to accumulate stats from 35520 documents (389205 virtual)
18:29:24  560 batches submitted to accumulate stats from 35840 documents (387600 virtual)
18:29:24  561 batches submitted to accumulate stats from 35904 documents (388794 virtual)
18:29:24  562 batches submitted to accumulate stats from 35968 documents (389629 virtual)
18:29:24  563 batches submitted to accumulate stats from 36032 documents (390829 virtual)
18:29:24  564 batches submitted to accumulate stats from 36096 documents (391331 virtual)
18:29:24  565 batches submitted to accumulate stats from 36160 documents (392050 virtual)
18:29:24  566 batches submitted to accumulate stats from 36224 documents (392542 virtual)
18:29:24  567 batches submitted to accumulate stats from 36288 documents (393211 virtual)
18:29:24  568 batches submitted to accumulate stats from 36352 documents (393449 virtual)
18:29:24  569 batches submitted to accumulate stats from 36416 documents (394626 virtual)
18:29:24  570 batches submitted to accumulate stats from 36480 documents (395648 virtual)
18:29:24  571 batches submitted to accumulate stats from 36544 documents (396454 virtual)
18:29:24  572 batches submitted to accumulate stats from 36608 documents (397079 virtual)
18:29:24  573 batches submitted to accumulate stats from 36672 documents (397431 virtual)
18:29:24  574 batches submitted to accumulate stats from 36736 documents (398318 virtual)
18:29:24  575 batches submitted to accumulate stats from 36800 documents (399803 virtual)
18:29:24  576 batches submitted to accumulate stats from 36864 documents (400379 virtual)
18:29:24  578 batches submitted to accumulate stats from 36992 documents (402058 virtual)
18:29:24  579 batches submitted to accumulate stats from 37056 documents (403322 virtual)
18:29:24  582 batches submitted to accumulate stats from 37248 documents (403437 virtual)
18:29:24  583 batches submitted to accumulate stats from 37312 documents (403893 virtual)
18:29:24  584 batches submitted to accumulate stats from 37376 documents (403934 virtual)
18:29:24  585 batches submitted to accumulate stats from 37440 documents (404073 virtual)
18:29:24  586 batches submitted to accumulate stats from 37504 documents (404640 virtual)
18:29:24  587 batches submitted to accumulate stats from 37568 documents (405495 virtual)
18:29:24  588 batches submitted to accumulate stats from 37632 documents (406369 virtual)
18:29:24  589 batches submitted to accumulate stats from 37696 documents (406673 virtual)
18:29:24  590 batches submitted to accumulate stats from 37760 documents (407564 virtual)
18:29:24  591 batches submitted to accumulate stats from 37824 documents (408447 virtual)
18:29:24  592 batches submitted to accumulate stats from 37888 documents (408712 virtual)
18:29:24  593 batches submitted to accumulate stats from 37952 documents (409498 virtual)
18:29:24  594 batches submitted to accumulate stats from 38016 documents (410610 virtual)
18:29:24  595 batches submitted to accumulate stats from 38080 documents (410961 virtual)
18:29:24  596 batches submitted to accumulate stats from 38144 documents (411260 virtual)
18:29:24  597 batches submitted to accumulate stats from 38208 documents (411480 virtual)
18:29:24  598 batches submitted to accumulate stats from 38272 documents (412476 virtual)
18:29:24  599 batches submitted to accumulate stats from 38336 documents (412630 virtual)
18:29:24  600 batches submitted to accumulate stats from 38400 documents (413059 virtual)
18:29:24  601 batches submitted to accumulate stats from 38464 documents (414801 virtual)
18:29:24  602 batches submitted to accumulate stats from 38528 documents (415375 virtual)
18:29:24  603 batches submitted to accumulate stats from 38592 documents (415653 virtual)
18:29:24  605 batches submitted to accumulate stats from 38720 documents (415772 virtual)
18:29:24  606 batches submitted to accumulate stats from 38784 documents (416124 virtual)
18:29:24  608 batches submitted to accumulate stats from 38912 documents (416863 virtual)
18:29:24  609 batches submitted to accumulate stats from 38976 documents (417214 virtual)
18:29:24  615 batches submitted to accumulate stats from 39360 documents (415734 virtual)
18:29:24  619 batches submitted to accumulate stats from 39616 documents (414885 virtual)
18:29:24  620 batches submitted to accumulate stats from 39680 documents (415102 virtual)
18:29:24  621 batches submitted to accumulate stats from 39744 documents (416262 virtual)
18:29:24  622 batches submitted to accumulate stats from 39808 documents (416400 virtual)
18:29:25  635 batches submitted to accumulate stats from 40640 documents (406111 virtual)
18:29:25  636 batches submitted to accumulate stats from 40704 documents (406224 virtual)
18:29:25  637 batches submitted to accumulate stats from 40768 documents (406892 virtual)
18:29:25  639 batches submitted to accumulate stats from 40896 documents (406947 virtual)
18:29:25  641 batches submitted to accumulate stats from 41024 documents (407057 virtual)
18:29:25  serializing accumulator to return to master...
18:29:25  accumulator serialized
18:29:25  serializing accumulator to return to master...
18:29:25  accumulator serialized
18:29:25  serializing accumulator to return to master...
18:29:25  accumulator serialized
18:29:25  serializing accumulator to return to master...
18:29:25  accumulator serialized
18:29:25  serializing accumulator to return to master...
18:29:25  serializing accumulator to return to master...
18:29:25  accumulator serialized
18:29:25  accumulator serialized
18:29:25  serializing accumulator to return to master...
18:29:25  accumulator serialized
18:29:25  serializing accumulator to return to master...
18:29:25  accumulator serialized
18:29:25  serializing accumulator to return to master...
18:29:25  accumulator serialized
18:29:26  9 accumulators retrieved from output queue
18:29:26  accumulated word occurrence stats for 852672 virtual documents
18:29:27       Topics=131  Coherence=0.7159  Diversity=0.7466  Outliers=38.7%  Score=0.3278
18:29:27    [3/5] Testing: {'min_cluster_size': 50, 'n_neighbors': 15, 'n_components': 10}
18:29:27  Use pytorch device_name: mps
18:29:27  Load pretrained SentenceTransformer: all-MiniLM-L6-v2
18:29:27  HTTP Request: HEAD https://huggingface.co/sentence-transformers/all-MiniLM-L6-v2/resolve/main/modules.json "HTTP/1.1 307 Temporary Redirect"
18:29:27  HTTP Request: HEAD https://huggingface.co/api/resolve-cache/models/sentence-transformers/all-MiniLM-L6-v2/c9745ed1d9f207416be6d2e6f8de32d1f16199bf/modules.json "HTTP/1.1 200 OK"
18:29:27  HTTP Request: HEAD https://huggingface.co/sentence-transformers/all-MiniLM-L6-v2/resolve/main/config_sentence_transformers.json "HTTP/1.1 307 Temporary Redirect"
18:29:27  HTTP Request: HEAD https://huggingface.co/api/resolve-cache/models/sentence-transformers/all-MiniLM-L6-v2/c9745ed1d9f207416be6d2e6f8de32d1f16199bf/config_sentence_transformers.json "HTTP/1.1 200 OK"
18:29:27  HTTP Request: HEAD https://huggingface.co/sentence-transformers/all-MiniLM-L6-v2/resolve/main/config_sentence_transformers.json "HTTP/1.1 307 Temporary Redirect"
18:29:27  HTTP Request: HEAD https://huggingface.co/api/resolve-cache/models/sentence-transformers/all-MiniLM-L6-v2/c9745ed1d9f207416be6d2e6f8de32d1f16199bf/config_sentence_transformers.json "HTTP/1.1 200 OK"
18:29:27  HTTP Request: HEAD https://huggingface.co/sentence-transformers/all-MiniLM-L6-v2/resolve/main/README.md "HTTP/1.1 307 Temporary Redirect"
18:29:27  HTTP Request: HEAD https://huggingface.co/api/resolve-cache/models/sentence-transformers/all-MiniLM-L6-v2/c9745ed1d9f207416be6d2e6f8de32d1f16199bf/README.md "HTTP/1.1 200 OK"
18:29:27  HTTP Request: HEAD https://huggingface.co/sentence-transformers/all-MiniLM-L6-v2/resolve/main/modules.json "HTTP/1.1 307 Temporary Redirect"
18:29:27  HTTP Request: HEAD https://huggingface.co/api/resolve-cache/models/sentence-transformers/all-MiniLM-L6-v2/c9745ed1d9f207416be6d2e6f8de32d1f16199bf/modules.json "HTTP/1.1 200 OK"
18:29:27  HTTP Request: HEAD https://huggingface.co/sentence-transformers/all-MiniLM-L6-v2/resolve/main/sentence_bert_config.json "HTTP/1.1 307 Temporary Redirect"
18:29:27  HTTP Request: HEAD https://huggingface.co/api/resolve-cache/models/sentence-transformers/all-MiniLM-L6-v2/c9745ed1d9f207416be6d2e6f8de32d1f16199bf/sentence_bert_config.json "HTTP/1.1 200 OK"
18:29:27  HTTP Request: HEAD https://huggingface.co/sentence-transformers/all-MiniLM-L6-v2/resolve/main/adapter_config.json "HTTP/1.1 404 Not Found"
18:29:27  HTTP Request: HEAD https://huggingface.co/sentence-transformers/all-MiniLM-L6-v2/resolve/main/config.json "HTTP/1.1 307 Temporary Redirect"
18:29:27  HTTP Request: HEAD https://huggingface.co/api/resolve-cache/models/sentence-transformers/all-MiniLM-L6-v2/c9745ed1d9f207416be6d2e6f8de32d1f16199bf/config.json "HTTP/1.1 200 OK"
18:29:27  HTTP Request: HEAD https://huggingface.co/sentence-transformers/all-MiniLM-L6-v2/resolve/main/config.json "HTTP/1.1 307 Temporary Redirect"
18:29:27  HTTP Request: HEAD https://huggingface.co/api/resolve-cache/models/sentence-transformers/all-MiniLM-L6-v2/c9745ed1d9f207416be6d2e6f8de32d1f16199bf/config.json "HTTP/1.1 200 OK"
18:29:27  HTTP Request: HEAD https://huggingface.co/sentence-transformers/all-MiniLM-L6-v2/resolve/main/tokenizer_config.json "HTTP/1.1 307 Temporary Redirect"
18:29:27  HTTP Request: HEAD https://huggingface.co/api/resolve-cache/models/sentence-transformers/all-MiniLM-L6-v2/c9745ed1d9f207416be6d2e6f8de32d1f16199bf/tokenizer_config.json "HTTP/1.1 200 OK"
18:29:27  HTTP Request: GET https://huggingface.co/api/models/sentence-transformers/all-MiniLM-L6-v2/tree/main/additional_chat_templates?recursive=false&expand=false "HTTP/1.1 404 Not Found"
18:29:27  HTTP Request: GET https://huggingface.co/api/models/sentence-transformers/all-MiniLM-L6-v2/tree/main?recursive=true&expand=false "HTTP/1.1 200 OK"
18:29:27  HTTP Request: HEAD https://huggingface.co/sentence-transformers/all-MiniLM-L6-v2/resolve/main/1_Pooling/config.json "HTTP/1.1 307 Temporary Redirect"
18:29:27  HTTP Request: HEAD https://huggingface.co/api/resolve-cache/models/sentence-transformers/all-MiniLM-L6-v2/c9745ed1d9f207416be6d2e6f8de32d1f16199bf/1_Pooling%2Fconfig.json "HTTP/1.1 200 OK"
18:29:27  HTTP Request: GET https://huggingface.co/api/models/sentence-transformers/all-MiniLM-L6-v2 "HTTP/1.1 200 OK"
18:32:36  adding document #0 to Dictionary<0 unique tokens: []>
18:32:37  adding document #10000 to Dictionary<34442 unique tokens: ['according', 'advantage', 'appearing', 'arabia', 'argumentation']...>
18:32:37  adding document #20000 to Dictionary<46917 unique tokens: ['according', 'advantage', 'appearing', 'arabia', 'argumentation']...>
18:32:37  adding document #30000 to Dictionary<56344 unique tokens: ['according', 'advantage', 'appearing', 'arabia', 'argumentation']...>
18:32:38  adding document #40000 to Dictionary<65211 unique tokens: ['according', 'advantage', 'appearing', 'arabia', 'argumentation']...>
18:32:38  built Dictionary<66148 unique tokens: ['according', 'advantage', 'appearing', 'arabia', 'argumentation']...> from 41067 documents (total 4882872 corpus positions)
18:32:38  Dictionary lifecycle event {'msg': "built Dictionary<66148 unique tokens: ['according', 'advantage', 'appearing', 'arabia', 'argumentation']...> from 41067 documents (total 4882872 corpus positions)", 'datetime': '2026-03-29T18:32:38.219836', 'gensim': '4.4.0', 'python': '3.11.14 (main, Oct  9 2025, 16:16:55) [Clang 17.0.0 (clang-1700.6.3.2)]', 'platform': 'macOS-26.2-arm64-arm-64bit', 'event': 'created'}
18:32:39  using ParallelWordOccurrenceAccumulator<processes=9, batch_size=64> to estimate probabilities from sliding windows
18:33:23  1 batches submitted to accumulate stats from 64 documents (155 virtual)
18:33:23  2 batches submitted to accumulate stats from 128 documents (776 virtual)
18:33:23  3 batches submitted to accumulate stats from 192 documents (1759 virtual)
18:33:23  4 batches submitted to accumulate stats from 256 documents (2493 virtual)
18:33:23  5 batches submitted to accumulate stats from 320 documents (3120 virtual)
18:33:23  6 batches submitted to accumulate stats from 384 documents (3949 virtual)
18:33:23  7 batches submitted to accumulate stats from 448 documents (4286 virtual)
18:33:23  8 batches submitted to accumulate stats from 512 documents (4673 virtual)
18:33:23  9 batches submitted to accumulate stats from 576 documents (5429 virtual)
18:33:23  10 batches submitted to accumulate stats from 640 documents (6270 virtual)
18:33:23  11 batches submitted to accumulate stats from 704 documents (6955 virtual)
18:33:23  12 batches submitted to accumulate stats from 768 documents (8328 virtual)
18:33:23  13 batches submitted to accumulate stats from 832 documents (8374 virtual)
18:33:23  14 batches submitted to accumulate stats from 896 documents (9079 virtual)
18:33:23  15 batches submitted to accumulate stats from 960 documents (9917 virtual)
18:33:23  16 batches submitted to accumulate stats from 1024 documents (10247 virtual)
18:33:23  17 batches submitted to accumulate stats from 1088 documents (10504 virtual)
18:33:23  18 batches submitted to accumulate stats from 1152 documents (11222 virtual)
18:33:23  19 batches submitted to accumulate stats from 1216 documents (11593 virtual)
18:33:23  20 batches submitted to accumulate stats from 1280 documents (12682 virtual)
18:33:23  21 batches submitted to accumulate stats from 1344 documents (13255 virtual)
18:33:23  22 batches submitted to accumulate stats from 1408 documents (13574 virtual)
18:33:23  23 batches submitted to accumulate stats from 1472 documents (13694 virtual)
18:33:23  25 batches submitted to accumulate stats from 1600 documents (13684 virtual)
18:33:23  26 batches submitted to accumulate stats from 1664 documents (14140 virtual)
18:33:23  28 batches submitted to accumulate stats from 1792 documents (13946 virtual)
18:33:23  30 batches submitted to accumulate stats from 1920 documents (14856 virtual)
18:33:23  31 batches submitted to accumulate stats from 1984 documents (15110 virtual)
18:33:23  32 batches submitted to accumulate stats from 2048 documents (15249 virtual)
18:33:23  33 batches submitted to accumulate stats from 2112 documents (15873 virtual)
18:33:23  34 batches submitted to accumulate stats from 2176 documents (16218 virtual)
18:33:23  35 batches submitted to accumulate stats from 2240 documents (17039 virtual)
18:33:23  36 batches submitted to accumulate stats from 2304 documents (17680 virtual)
18:33:23  44 batches submitted to accumulate stats from 2816 documents (14502 virtual)
18:33:23  45 batches submitted to accumulate stats from 2880 documents (14697 virtual)
18:33:23  49 batches submitted to accumulate stats from 3136 documents (13981 virtual)
18:33:23  50 batches submitted to accumulate stats from 3200 documents (14549 virtual)
18:33:23  51 batches submitted to accumulate stats from 3264 documents (14633 virtual)
18:33:23  52 batches submitted to accumulate stats from 3328 documents (14704 virtual)
18:33:23  53 batches submitted to accumulate stats from 3392 documents (15109 virtual)
18:33:23  54 batches submitted to accumulate stats from 3456 documents (15264 virtual)
18:33:23  55 batches submitted to accumulate stats from 3520 documents (15712 virtual)
18:33:23  56 batches submitted to accumulate stats from 3584 documents (16520 virtual)
18:33:23  57 batches submitted to accumulate stats from 3648 documents (16963 virtual)
18:33:23  58 batches submitted to accumulate stats from 3712 documents (17668 virtual)
18:33:23  59 batches submitted to accumulate stats from 3776 documents (18005 virtual)
18:33:23  60 batches submitted to accumulate stats from 3840 documents (18331 virtual)
18:33:23  61 batches submitted to accumulate stats from 3904 documents (18680 virtual)
18:33:23  63 batches submitted to accumulate stats from 4032 documents (18832 virtual)
18:33:23  64 batches submitted to accumulate stats from 4096 documents (19350 virtual)
18:33:23  65 batches submitted to accumulate stats from 4160 documents (19645 virtual)
18:33:23  66 batches submitted to accumulate stats from 4224 documents (20590 virtual)
18:33:23  69 batches submitted to accumulate stats from 4416 documents (21246 virtual)
18:33:23  70 batches submitted to accumulate stats from 4480 documents (21747 virtual)
18:33:23  71 batches submitted to accumulate stats from 4544 documents (22027 virtual)
18:33:23  78 batches submitted to accumulate stats from 4992 documents (18311 virtual)
18:33:23  79 batches submitted to accumulate stats from 5056 documents (19080 virtual)
18:33:23  80 batches submitted to accumulate stats from 5120 documents (19275 virtual)
18:33:23  81 batches submitted to accumulate stats from 5184 documents (19457 virtual)
18:33:23  82 batches submitted to accumulate stats from 5248 documents (19593 virtual)
18:33:23  83 batches submitted to accumulate stats from 5312 documents (19808 virtual)
18:33:23  85 batches submitted to accumulate stats from 5440 documents (20057 virtual)
18:33:23  87 batches submitted to accumulate stats from 5568 documents (19921 virtual)
18:33:23  89 batches submitted to accumulate stats from 5696 documents (19999 virtual)
18:33:23  91 batches submitted to accumulate stats from 5824 documents (19955 virtual)
18:33:23  92 batches submitted to accumulate stats from 5888 documents (20515 virtual)
18:33:23  94 batches submitted to accumulate stats from 6016 documents (20663 virtual)
18:33:23  95 batches submitted to accumulate stats from 6080 documents (20770 virtual)
18:33:23  96 batches submitted to accumulate stats from 6144 documents (20997 virtual)
18:33:23  99 batches submitted to accumulate stats from 6336 documents (20024 virtual)
18:33:23  101 batches submitted to accumulate stats from 6464 documents (19433 virtual)
18:33:23  102 batches submitted to accumulate stats from 6528 documents (19940 virtual)
18:33:23  104 batches submitted to accumulate stats from 6656 documents (20080 virtual)
18:33:23  114 batches submitted to accumulate stats from 7296 documents (17820 virtual)
18:33:23  115 batches submitted to accumulate stats from 7360 documents (17880 virtual)
18:33:23  117 batches submitted to accumulate stats from 7488 documents (17639 virtual)
18:33:23  119 batches submitted to accumulate stats from 7616 documents (17887 virtual)
18:33:23  120 batches submitted to accumulate stats from 7680 documents (19171 virtual)
18:33:23  121 batches submitted to accumulate stats from 7744 documents (20462 virtual)
18:33:23  122 batches submitted to accumulate stats from 7808 documents (21918 virtual)
18:33:23  123 batches submitted to accumulate stats from 7872 documents (23857 virtual)
18:33:23  124 batches submitted to accumulate stats from 7936 documents (25881 virtual)
18:33:23  125 batches submitted to accumulate stats from 8000 documents (27358 virtual)
18:33:23  126 batches submitted to accumulate stats from 8064 documents (28726 virtual)
18:33:23  127 batches submitted to accumulate stats from 8128 documents (29911 virtual)
18:33:23  128 batches submitted to accumulate stats from 8192 documents (30119 virtual)
18:33:23  129 batches submitted to accumulate stats from 8256 documents (31758 virtual)
18:33:23  130 batches submitted to accumulate stats from 8320 documents (33977 virtual)
18:33:23  131 batches submitted to accumulate stats from 8384 documents (35267 virtual)
18:33:23  132 batches submitted to accumulate stats from 8448 documents (36891 virtual)
18:33:23  133 batches submitted to accumulate stats from 8512 documents (38492 virtual)
18:33:23  134 batches submitted to accumulate stats from 8576 documents (39213 virtual)
18:33:23  135 batches submitted to accumulate stats from 8640 documents (41012 virtual)
18:33:23  136 batches submitted to accumulate stats from 8704 documents (42338 virtual)
18:33:23  137 batches submitted to accumulate stats from 8768 documents (43947 virtual)
18:33:23  138 batches submitted to accumulate stats from 8832 documents (46062 virtual)
18:33:23  139 batches submitted to accumulate stats from 8896 documents (48217 virtual)
18:33:23  140 batches submitted to accumulate stats from 8960 documents (49797 virtual)
18:33:23  141 batches submitted to accumulate stats from 9024 documents (51919 virtual)
18:33:23  142 batches submitted to accumulate stats from 9088 documents (53928 virtual)
18:33:23  143 batches submitted to accumulate stats from 9152 documents (55364 virtual)
18:33:23  144 batches submitted to accumulate stats from 9216 documents (57161 virtual)
18:33:23  145 batches submitted to accumulate stats from 9280 documents (59135 virtual)
18:33:23  146 batches submitted to accumulate stats from 9344 documents (61008 virtual)
18:33:23  147 batches submitted to accumulate stats from 9408 documents (62151 virtual)
18:33:23  148 batches submitted to accumulate stats from 9472 documents (63433 virtual)
18:33:23  149 batches submitted to accumulate stats from 9536 documents (64825 virtual)
18:33:23  150 batches submitted to accumulate stats from 9600 documents (66627 virtual)
18:33:23  151 batches submitted to accumulate stats from 9664 documents (67862 virtual)
18:33:23  152 batches submitted to accumulate stats from 9728 documents (69514 virtual)
18:33:23  153 batches submitted to accumulate stats from 9792 documents (71449 virtual)
18:33:23  154 batches submitted to accumulate stats from 9856 documents (73566 virtual)
18:33:23  155 batches submitted to accumulate stats from 9920 documents (75717 virtual)
18:33:24  156 batches submitted to accumulate stats from 9984 documents (77466 virtual)
18:33:24  157 batches submitted to accumulate stats from 10048 documents (79507 virtual)
18:33:24  158 batches submitted to accumulate stats from 10112 documents (81531 virtual)
18:33:24  159 batches submitted to accumulate stats from 10176 documents (83129 virtual)
18:33:24  160 batches submitted to accumulate stats from 10240 documents (84945 virtual)
18:33:24  161 batches submitted to accumulate stats from 10304 documents (86961 virtual)
18:33:24  162 batches submitted to accumulate stats from 10368 documents (88684 virtual)
18:33:24  163 batches submitted to accumulate stats from 10432 documents (90348 virtual)
18:33:24  164 batches submitted to accumulate stats from 10496 documents (92390 virtual)
18:33:24  165 batches submitted to accumulate stats from 10560 documents (94905 virtual)
18:33:24  166 batches submitted to accumulate stats from 10624 documents (96830 virtual)
18:33:24  167 batches submitted to accumulate stats from 10688 documents (98524 virtual)
18:33:24  168 batches submitted to accumulate stats from 10752 documents (99871 virtual)
18:33:24  169 batches submitted to accumulate stats from 10816 documents (101508 virtual)
18:33:24  170 batches submitted to accumulate stats from 10880 documents (102961 virtual)
18:33:24  171 batches submitted to accumulate stats from 10944 documents (104239 virtual)
18:33:24  172 batches submitted to accumulate stats from 11008 documents (106007 virtual)
18:33:24  173 batches submitted to accumulate stats from 11072 documents (108383 virtual)
18:33:24  174 batches submitted to accumulate stats from 11136 documents (109382 virtual)
18:33:24  175 batches submitted to accumulate stats from 11200 documents (110636 virtual)
18:33:24  176 batches submitted to accumulate stats from 11264 documents (110779 virtual)
18:33:24  177 batches submitted to accumulate stats from 11328 documents (111654 virtual)
18:33:24  178 batches submitted to accumulate stats from 11392 documents (112798 virtual)
18:33:24  179 batches submitted to accumulate stats from 11456 documents (113392 virtual)
18:33:24  180 batches submitted to accumulate stats from 11520 documents (114923 virtual)
18:33:24  181 batches submitted to accumulate stats from 11584 documents (117003 virtual)
18:33:24  182 batches submitted to accumulate stats from 11648 documents (117732 virtual)
18:33:24  183 batches submitted to accumulate stats from 11712 documents (119484 virtual)
18:33:24  184 batches submitted to accumulate stats from 11776 documents (120583 virtual)
18:33:24  185 batches submitted to accumulate stats from 11840 documents (121595 virtual)
18:33:24  186 batches submitted to accumulate stats from 11904 documents (122257 virtual)
18:33:24  187 batches submitted to accumulate stats from 11968 documents (123065 virtual)
18:33:24  188 batches submitted to accumulate stats from 12032 documents (124080 virtual)
18:33:24  189 batches submitted to accumulate stats from 12096 documents (125621 virtual)
18:33:24  190 batches submitted to accumulate stats from 12160 documents (125927 virtual)
18:33:24  191 batches submitted to accumulate stats from 12224 documents (126310 virtual)
18:33:24  192 batches submitted to accumulate stats from 12288 documents (127395 virtual)
18:33:24  193 batches submitted to accumulate stats from 12352 documents (128754 virtual)
18:33:24  194 batches submitted to accumulate stats from 12416 documents (130470 virtual)
18:33:24  195 batches submitted to accumulate stats from 12480 documents (132211 virtual)
18:33:24  196 batches submitted to accumulate stats from 12544 documents (133256 virtual)
18:33:24  197 batches submitted to accumulate stats from 12608 documents (134215 virtual)
18:33:24  198 batches submitted to accumulate stats from 12672 documents (135011 virtual)
18:33:24  199 batches submitted to accumulate stats from 12736 documents (135371 virtual)
18:33:24  200 batches submitted to accumulate stats from 12800 documents (136235 virtual)
18:33:24  201 batches submitted to accumulate stats from 12864 documents (137090 virtual)
18:33:24  202 batches submitted to accumulate stats from 12928 documents (138054 virtual)
18:33:24  203 batches submitted to accumulate stats from 12992 documents (139079 virtual)
18:33:24  204 batches submitted to accumulate stats from 13056 documents (141200 virtual)
18:33:24  205 batches submitted to accumulate stats from 13120 documents (142240 virtual)
18:33:24  206 batches submitted to accumulate stats from 13184 documents (143688 virtual)
18:33:24  207 batches submitted to accumulate stats from 13248 documents (144883 virtual)
18:33:24  208 batches submitted to accumulate stats from 13312 documents (145674 virtual)
18:33:24  209 batches submitted to accumulate stats from 13376 documents (146981 virtual)
18:33:24  210 batches submitted to accumulate stats from 13440 documents (147627 virtual)
18:33:24  211 batches submitted to accumulate stats from 13504 documents (148038 virtual)
18:33:24  212 batches submitted to accumulate stats from 13568 documents (149025 virtual)
18:33:24  213 batches submitted to accumulate stats from 13632 documents (150189 virtual)
18:33:24  214 batches submitted to accumulate stats from 13696 documents (151439 virtual)
18:33:24  215 batches submitted to accumulate stats from 13760 documents (152520 virtual)
18:33:24  216 batches submitted to accumulate stats from 13824 documents (153315 virtual)
18:33:24  217 batches submitted to accumulate stats from 13888 documents (154364 virtual)
18:33:24  218 batches submitted to accumulate stats from 13952 documents (155262 virtual)
18:33:24  219 batches submitted to accumulate stats from 14016 documents (156054 virtual)
18:33:24  220 batches submitted to accumulate stats from 14080 documents (156986 virtual)
18:33:24  221 batches submitted to accumulate stats from 14144 documents (157645 virtual)
18:33:24  222 batches submitted to accumulate stats from 14208 documents (158752 virtual)
18:33:24  223 batches submitted to accumulate stats from 14272 documents (159961 virtual)
18:33:24  224 batches submitted to accumulate stats from 14336 documents (160583 virtual)
18:33:24  225 batches submitted to accumulate stats from 14400 documents (162031 virtual)
18:33:24  226 batches submitted to accumulate stats from 14464 documents (163081 virtual)
18:33:24  227 batches submitted to accumulate stats from 14528 documents (163987 virtual)
18:33:24  228 batches submitted to accumulate stats from 14592 documents (164599 virtual)
18:33:24  229 batches submitted to accumulate stats from 14656 documents (166003 virtual)
18:33:24  230 batches submitted to accumulate stats from 14720 documents (167082 virtual)
18:33:24  231 batches submitted to accumulate stats from 14784 documents (167926 virtual)
18:33:24  232 batches submitted to accumulate stats from 14848 documents (168389 virtual)
18:33:24  233 batches submitted to accumulate stats from 14912 documents (169479 virtual)
18:33:24  234 batches submitted to accumulate stats from 14976 documents (171362 virtual)
18:33:24  235 batches submitted to accumulate stats from 15040 documents (172311 virtual)
18:33:24  236 batches submitted to accumulate stats from 15104 documents (173019 virtual)
18:33:24  237 batches submitted to accumulate stats from 15168 documents (174461 virtual)
18:33:24  238 batches submitted to accumulate stats from 15232 documents (174914 virtual)
18:33:24  239 batches submitted to accumulate stats from 15296 documents (176192 virtual)
18:33:24  240 batches submitted to accumulate stats from 15360 documents (176409 virtual)
18:33:24  241 batches submitted to accumulate stats from 15424 documents (177525 virtual)
18:33:24  242 batches submitted to accumulate stats from 15488 documents (179115 virtual)
18:33:24  243 batches submitted to accumulate stats from 15552 documents (180241 virtual)
18:33:24  244 batches submitted to accumulate stats from 15616 documents (180917 virtual)
18:33:24  245 batches submitted to accumulate stats from 15680 documents (182402 virtual)
18:33:24  246 batches submitted to accumulate stats from 15744 documents (183920 virtual)
18:33:24  247 batches submitted to accumulate stats from 15808 documents (184895 virtual)
18:33:24  248 batches submitted to accumulate stats from 15872 documents (185153 virtual)
18:33:24  249 batches submitted to accumulate stats from 15936 documents (185885 virtual)
18:33:24  250 batches submitted to accumulate stats from 16000 documents (185993 virtual)
18:33:24  251 batches submitted to accumulate stats from 16064 documents (186120 virtual)
18:33:24  252 batches submitted to accumulate stats from 16128 documents (186443 virtual)
18:33:24  253 batches submitted to accumulate stats from 16192 documents (187178 virtual)
18:33:24  254 batches submitted to accumulate stats from 16256 documents (188771 virtual)
18:33:24  255 batches submitted to accumulate stats from 16320 documents (189922 virtual)
18:33:24  256 batches submitted to accumulate stats from 16384 documents (191219 virtual)
18:33:24  257 batches submitted to accumulate stats from 16448 documents (193144 virtual)
18:33:24  258 batches submitted to accumulate stats from 16512 documents (194602 virtual)
18:33:24  259 batches submitted to accumulate stats from 16576 documents (195604 virtual)
18:33:24  260 batches submitted to accumulate stats from 16640 documents (195802 virtual)
18:33:24  262 batches submitted to accumulate stats from 16768 documents (196972 virtual)
18:33:24  263 batches submitted to accumulate stats from 16832 documents (198565 virtual)
18:33:24  264 batches submitted to accumulate stats from 16896 documents (199870 virtual)
18:33:24  266 batches submitted to accumulate stats from 17024 documents (200837 virtual)
18:33:24  267 batches submitted to accumulate stats from 17088 documents (201136 virtual)
18:33:24  268 batches submitted to accumulate stats from 17152 documents (201435 virtual)
18:33:24  270 batches submitted to accumulate stats from 17280 documents (201942 virtual)
18:33:24  271 batches submitted to accumulate stats from 17344 documents (202399 virtual)
18:33:24  272 batches submitted to accumulate stats from 17408 documents (203379 virtual)
18:33:24  273 batches submitted to accumulate stats from 17472 documents (204229 virtual)
18:33:24  274 batches submitted to accumulate stats from 17536 documents (204471 virtual)
18:33:24  275 batches submitted to accumulate stats from 17600 documents (205039 virtual)
18:33:24  276 batches submitted to accumulate stats from 17664 documents (205112 virtual)
18:33:24  277 batches submitted to accumulate stats from 17728 documents (205552 virtual)
18:33:24  280 batches submitted to accumulate stats from 17920 documents (206081 virtual)
18:33:24  281 batches submitted to accumulate stats from 17984 documents (207517 virtual)
18:33:24  282 batches submitted to accumulate stats from 18048 documents (208618 virtual)
18:33:24  283 batches submitted to accumulate stats from 18112 documents (209835 virtual)
18:33:24  284 batches submitted to accumulate stats from 18176 documents (211265 virtual)
18:33:24  285 batches submitted to accumulate stats from 18240 documents (211709 virtual)
18:33:24  286 batches submitted to accumulate stats from 18304 documents (212626 virtual)
18:33:24  287 batches submitted to accumulate stats from 18368 documents (213228 virtual)
18:33:24  288 batches submitted to accumulate stats from 18432 documents (214908 virtual)
18:33:24  289 batches submitted to accumulate stats from 18496 documents (215882 virtual)
18:33:24  290 batches submitted to accumulate stats from 18560 documents (216188 virtual)
18:33:24  291 batches submitted to accumulate stats from 18624 documents (217290 virtual)
18:33:24  292 batches submitted to accumulate stats from 18688 documents (217991 virtual)
18:33:24  293 batches submitted to accumulate stats from 18752 documents (218861 virtual)
18:33:24  295 batches submitted to accumulate stats from 18880 documents (219497 virtual)
18:33:24  296 batches submitted to accumulate stats from 18944 documents (219518 virtual)
18:33:24  298 batches submitted to accumulate stats from 19072 documents (220095 virtual)
18:33:24  299 batches submitted to accumulate stats from 19136 documents (220619 virtual)
18:33:24  300 batches submitted to accumulate stats from 19200 documents (220793 virtual)
18:33:24  301 batches submitted to accumulate stats from 19264 documents (221805 virtual)
18:33:24  302 batches submitted to accumulate stats from 19328 documents (222301 virtual)
18:33:24  303 batches submitted to accumulate stats from 19392 documents (223752 virtual)
18:33:24  305 batches submitted to accumulate stats from 19520 documents (224189 virtual)
18:33:24  306 batches submitted to accumulate stats from 19584 documents (225912 virtual)
18:33:24  307 batches submitted to accumulate stats from 19648 documents (226451 virtual)
18:33:24  308 batches submitted to accumulate stats from 19712 documents (226827 virtual)
18:33:24  309 batches submitted to accumulate stats from 19776 documents (227068 virtual)
18:33:24  310 batches submitted to accumulate stats from 19840 documents (227416 virtual)
18:33:24  311 batches submitted to accumulate stats from 19904 documents (227881 virtual)
18:33:24  312 batches submitted to accumulate stats from 19968 documents (228226 virtual)
18:33:24  313 batches submitted to accumulate stats from 20032 documents (228607 virtual)
18:33:24  314 batches submitted to accumulate stats from 20096 documents (229035 virtual)
18:33:24  315 batches submitted to accumulate stats from 20160 documents (229477 virtual)
18:33:24  317 batches submitted to accumulate stats from 20288 documents (229299 virtual)
18:33:24  318 batches submitted to accumulate stats from 20352 documents (229764 virtual)
18:33:24  319 batches submitted to accumulate stats from 20416 documents (230090 virtual)
18:33:24  320 batches submitted to accumulate stats from 20480 documents (230729 virtual)
18:33:24  321 batches submitted to accumulate stats from 20544 documents (231178 virtual)
18:33:24  322 batches submitted to accumulate stats from 20608 documents (231650 virtual)
18:33:24  325 batches submitted to accumulate stats from 20800 documents (231647 virtual)
18:33:24  326 batches submitted to accumulate stats from 20864 documents (232126 virtual)
18:33:24  328 batches submitted to accumulate stats from 20992 documents (232637 virtual)
18:33:24  329 batches submitted to accumulate stats from 21056 documents (232662 virtual)
18:33:24  330 batches submitted to accumulate stats from 21120 documents (232682 virtual)
18:33:24  331 batches submitted to accumulate stats from 21184 documents (233011 virtual)
18:33:24  332 batches submitted to accumulate stats from 21248 documents (234397 virtual)
18:33:24  333 batches submitted to accumulate stats from 21312 documents (235313 virtual)
18:33:24  334 batches submitted to accumulate stats from 21376 documents (236278 virtual)
18:33:24  335 batches submitted to accumulate stats from 21440 documents (237329 virtual)
18:33:24  336 batches submitted to accumulate stats from 21504 documents (238963 virtual)
18:33:24  337 batches submitted to accumulate stats from 21568 documents (240437 virtual)
18:33:24  338 batches submitted to accumulate stats from 21632 documents (241964 virtual)
18:33:24  339 batches submitted to accumulate stats from 21696 documents (243508 virtual)
18:33:24  340 batches submitted to accumulate stats from 21760 documents (244484 virtual)
18:33:24  341 batches submitted to accumulate stats from 21824 documents (245586 virtual)
18:33:24  342 batches submitted to accumulate stats from 21888 documents (245933 virtual)
18:33:24  343 batches submitted to accumulate stats from 21952 documents (247299 virtual)
18:33:24  344 batches submitted to accumulate stats from 22016 documents (248636 virtual)
18:33:24  345 batches submitted to accumulate stats from 22080 documents (249890 virtual)
18:33:24  346 batches submitted to accumulate stats from 22144 documents (250923 virtual)
18:33:24  347 batches submitted to accumulate stats from 22208 documents (251927 virtual)
18:33:24  348 batches submitted to accumulate stats from 22272 documents (252993 virtual)
18:33:24  349 batches submitted to accumulate stats from 22336 documents (254541 virtual)
18:33:24  350 batches submitted to accumulate stats from 22400 documents (256686 virtual)
18:33:24  351 batches submitted to accumulate stats from 22464 documents (258061 virtual)
18:33:24  352 batches submitted to accumulate stats from 22528 documents (259435 virtual)
18:33:24  353 batches submitted to accumulate stats from 22592 documents (260552 virtual)
18:33:24  354 batches submitted to accumulate stats from 22656 documents (262610 virtual)
18:33:24  355 batches submitted to accumulate stats from 22720 documents (263745 virtual)
18:33:24  356 batches submitted to accumulate stats from 22784 documents (265022 virtual)
18:33:24  357 batches submitted to accumulate stats from 22848 documents (266435 virtual)
18:33:24  358 batches submitted to accumulate stats from 22912 documents (267685 virtual)
18:33:24  359 batches submitted to accumulate stats from 22976 documents (268423 virtual)
18:33:24  360 batches submitted to accumulate stats from 23040 documents (269486 virtual)
18:33:24  361 batches submitted to accumulate stats from 23104 documents (271430 virtual)
18:33:24  362 batches submitted to accumulate stats from 23168 documents (272328 virtual)
18:33:24  363 batches submitted to accumulate stats from 23232 documents (273691 virtual)
18:33:24  364 batches submitted to accumulate stats from 23296 documents (274943 virtual)
18:33:24  365 batches submitted to accumulate stats from 23360 documents (275128 virtual)
18:33:24  366 batches submitted to accumulate stats from 23424 documents (276443 virtual)
18:33:24  367 batches submitted to accumulate stats from 23488 documents (277300 virtual)
18:33:24  368 batches submitted to accumulate stats from 23552 documents (277599 virtual)
18:33:24  369 batches submitted to accumulate stats from 23616 documents (279033 virtual)
18:33:24  370 batches submitted to accumulate stats from 23680 documents (280125 virtual)
18:33:24  371 batches submitted to accumulate stats from 23744 documents (281427 virtual)
18:33:24  372 batches submitted to accumulate stats from 23808 documents (282902 virtual)
18:33:24  373 batches submitted to accumulate stats from 23872 documents (283507 virtual)
18:33:24  374 batches submitted to accumulate stats from 23936 documents (283771 virtual)
18:33:24  375 batches submitted to accumulate stats from 24000 documents (285566 virtual)
18:33:24  376 batches submitted to accumulate stats from 24064 documents (287508 virtual)
18:33:25  377 batches submitted to accumulate stats from 24128 documents (288298 virtual)
18:33:25  378 batches submitted to accumulate stats from 24192 documents (288806 virtual)
18:33:25  379 batches submitted to accumulate stats from 24256 documents (290190 virtual)
18:33:25  380 batches submitted to accumulate stats from 24320 documents (290760 virtual)
18:33:25  381 batches submitted to accumulate stats from 24384 documents (291162 virtual)
18:33:25  382 batches submitted to accumulate stats from 24448 documents (291729 virtual)
18:33:25  383 batches submitted to accumulate stats from 24512 documents (292194 virtual)
18:33:25  384 batches submitted to accumulate stats from 24576 documents (293099 virtual)
18:33:25  385 batches submitted to accumulate stats from 24640 documents (293948 virtual)
18:33:25  386 batches submitted to accumulate stats from 24704 documents (295090 virtual)
18:33:25  387 batches submitted to accumulate stats from 24768 documents (296840 virtual)
18:33:25  388 batches submitted to accumulate stats from 24832 documents (297330 virtual)
18:33:25  389 batches submitted to accumulate stats from 24896 documents (297790 virtual)
18:33:25  390 batches submitted to accumulate stats from 24960 documents (298494 virtual)
18:33:25  391 batches submitted to accumulate stats from 25024 documents (299618 virtual)
18:33:25  392 batches submitted to accumulate stats from 25088 documents (300063 virtual)
18:33:25  393 batches submitted to accumulate stats from 25152 documents (301432 virtual)
18:33:25  394 batches submitted to accumulate stats from 25216 documents (302246 virtual)
18:33:25  395 batches submitted to accumulate stats from 25280 documents (302503 virtual)
18:33:25  396 batches submitted to accumulate stats from 25344 documents (303055 virtual)
18:33:25  397 batches submitted to accumulate stats from 25408 documents (304411 virtual)
18:33:25  398 batches submitted to accumulate stats from 25472 documents (305347 virtual)
18:33:25  399 batches submitted to accumulate stats from 25536 documents (305616 virtual)
18:33:25  400 batches submitted to accumulate stats from 25600 documents (306702 virtual)
18:33:25  401 batches submitted to accumulate stats from 25664 documents (307110 virtual)
18:33:25  402 batches submitted to accumulate stats from 25728 documents (307910 virtual)
18:33:25  403 batches submitted to accumulate stats from 25792 documents (308604 virtual)
18:33:25  404 batches submitted to accumulate stats from 25856 documents (308702 virtual)
18:33:25  405 batches submitted to accumulate stats from 25920 documents (309326 virtual)
18:33:25  406 batches submitted to accumulate stats from 25984 documents (310839 virtual)
18:33:25  407 batches submitted to accumulate stats from 26048 documents (311764 virtual)
18:33:25  408 batches submitted to accumulate stats from 26112 documents (312649 virtual)
18:33:25  409 batches submitted to accumulate stats from 26176 documents (313279 virtual)
18:33:25  410 batches submitted to accumulate stats from 26240 documents (313688 virtual)
18:33:25  411 batches submitted to accumulate stats from 26304 documents (314356 virtual)
18:33:25  412 batches submitted to accumulate stats from 26368 documents (315581 virtual)
18:33:25  413 batches submitted to accumulate stats from 26432 documents (316291 virtual)
18:33:25  414 batches submitted to accumulate stats from 26496 documents (317448 virtual)
18:33:25  415 batches submitted to accumulate stats from 26560 documents (318418 virtual)
18:33:25  416 batches submitted to accumulate stats from 26624 documents (319082 virtual)
18:33:25  417 batches submitted to accumulate stats from 26688 documents (319442 virtual)
18:33:25  418 batches submitted to accumulate stats from 26752 documents (320258 virtual)
18:33:25  419 batches submitted to accumulate stats from 26816 documents (321195 virtual)
18:33:25  420 batches submitted to accumulate stats from 26880 documents (322692 virtual)
18:33:25  421 batches submitted to accumulate stats from 26944 documents (323529 virtual)
18:33:25  422 batches submitted to accumulate stats from 27008 documents (323588 virtual)
18:33:25  423 batches submitted to accumulate stats from 27072 documents (324363 virtual)
18:33:25  424 batches submitted to accumulate stats from 27136 documents (324745 virtual)
18:33:25  425 batches submitted to accumulate stats from 27200 documents (325134 virtual)
18:33:25  426 batches submitted to accumulate stats from 27264 documents (326512 virtual)
18:33:25  427 batches submitted to accumulate stats from 27328 documents (327479 virtual)
18:33:25  428 batches submitted to accumulate stats from 27392 documents (328133 virtual)
18:33:25  430 batches submitted to accumulate stats from 27520 documents (328985 virtual)
18:33:25  431 batches submitted to accumulate stats from 27584 documents (330233 virtual)
18:33:25  432 batches submitted to accumulate stats from 27648 documents (330698 virtual)
18:33:25  433 batches submitted to accumulate stats from 27712 documents (330885 virtual)
18:33:25  434 batches submitted to accumulate stats from 27776 documents (331068 virtual)
18:33:25  439 batches submitted to accumulate stats from 28096 documents (330838 virtual)
18:33:25  440 batches submitted to accumulate stats from 28160 documents (331444 virtual)
18:33:25  443 batches submitted to accumulate stats from 28352 documents (331422 virtual)
18:33:25  445 batches submitted to accumulate stats from 28480 documents (331965 virtual)
18:33:25  446 batches submitted to accumulate stats from 28544 documents (332638 virtual)
18:33:25  447 batches submitted to accumulate stats from 28608 documents (332908 virtual)
18:33:25  449 batches submitted to accumulate stats from 28736 documents (333069 virtual)
18:33:25  450 batches submitted to accumulate stats from 28800 documents (333705 virtual)
18:33:25  452 batches submitted to accumulate stats from 28928 documents (333925 virtual)
18:33:25  453 batches submitted to accumulate stats from 28992 documents (334888 virtual)
18:33:25  454 batches submitted to accumulate stats from 29056 documents (335087 virtual)
18:33:25  456 batches submitted to accumulate stats from 29184 documents (335123 virtual)
18:33:25  459 batches submitted to accumulate stats from 29376 documents (334732 virtual)
18:33:25  460 batches submitted to accumulate stats from 29440 documents (335431 virtual)
18:33:25  461 batches submitted to accumulate stats from 29504 documents (336173 virtual)
18:33:25  462 batches submitted to accumulate stats from 29568 documents (336881 virtual)
18:33:25  463 batches submitted to accumulate stats from 29632 documents (336997 virtual)
18:33:25  470 batches submitted to accumulate stats from 30080 documents (335531 virtual)
18:33:25  472 batches submitted to accumulate stats from 30208 documents (336001 virtual)
18:33:25  473 batches submitted to accumulate stats from 30272 documents (337337 virtual)
18:33:25  474 batches submitted to accumulate stats from 30336 documents (338593 virtual)
18:33:25  475 batches submitted to accumulate stats from 30400 documents (339505 virtual)
18:33:25  476 batches submitted to accumulate stats from 30464 documents (340645 virtual)
18:33:25  477 batches submitted to accumulate stats from 30528 documents (341955 virtual)
18:33:25  478 batches submitted to accumulate stats from 30592 documents (342701 virtual)
18:33:25  479 batches submitted to accumulate stats from 30656 documents (343314 virtual)
18:33:25  480 batches submitted to accumulate stats from 30720 documents (344568 virtual)
18:33:25  481 batches submitted to accumulate stats from 30784 documents (345159 virtual)
18:33:25  482 batches submitted to accumulate stats from 30848 documents (346216 virtual)
18:33:25  483 batches submitted to accumulate stats from 30912 documents (346942 virtual)
18:33:25  484 batches submitted to accumulate stats from 30976 documents (348165 virtual)
18:33:25  485 batches submitted to accumulate stats from 31040 documents (349171 virtual)
18:33:25  486 batches submitted to accumulate stats from 31104 documents (349917 virtual)
18:33:25  487 batches submitted to accumulate stats from 31168 documents (350870 virtual)
18:33:25  488 batches submitted to accumulate stats from 31232 documents (351319 virtual)
18:33:25  489 batches submitted to accumulate stats from 31296 documents (351770 virtual)
18:33:25  490 batches submitted to accumulate stats from 31360 documents (353158 virtual)
18:33:25  491 batches submitted to accumulate stats from 31424 documents (354743 virtual)
18:33:25  492 batches submitted to accumulate stats from 31488 documents (356122 virtual)
18:33:25  493 batches submitted to accumulate stats from 31552 documents (356347 virtual)
18:33:25  494 batches submitted to accumulate stats from 31616 documents (356548 virtual)
18:33:25  495 batches submitted to accumulate stats from 31680 documents (357637 virtual)
18:33:25  496 batches submitted to accumulate stats from 31744 documents (359470 virtual)
18:33:25  497 batches submitted to accumulate stats from 31808 documents (360626 virtual)
18:33:25  498 batches submitted to accumulate stats from 31872 documents (361183 virtual)
18:33:25  499 batches submitted to accumulate stats from 31936 documents (361626 virtual)
18:33:25  500 batches submitted to accumulate stats from 32000 documents (361872 virtual)
18:33:25  501 batches submitted to accumulate stats from 32064 documents (362859 virtual)
18:33:25  502 batches submitted to accumulate stats from 32128 documents (364344 virtual)
18:33:25  503 batches submitted to accumulate stats from 32192 documents (364860 virtual)
18:33:25  504 batches submitted to accumulate stats from 32256 documents (365205 virtual)
18:33:25  505 batches submitted to accumulate stats from 32320 documents (365586 virtual)
18:33:25  506 batches submitted to accumulate stats from 32384 documents (366802 virtual)
18:33:25  507 batches submitted to accumulate stats from 32448 documents (368259 virtual)
18:33:25  508 batches submitted to accumulate stats from 32512 documents (368969 virtual)
18:33:25  509 batches submitted to accumulate stats from 32576 documents (369029 virtual)
18:33:25  510 batches submitted to accumulate stats from 32640 documents (369450 virtual)
18:33:25  511 batches submitted to accumulate stats from 32704 documents (370933 virtual)
18:33:25  512 batches submitted to accumulate stats from 32768 documents (372113 virtual)
18:33:25  513 batches submitted to accumulate stats from 32832 documents (372591 virtual)
18:33:25  514 batches submitted to accumulate stats from 32896 documents (373160 virtual)
18:33:25  515 batches submitted to accumulate stats from 32960 documents (373451 virtual)
18:33:25  516 batches submitted to accumulate stats from 33024 documents (374491 virtual)
18:33:25  517 batches submitted to accumulate stats from 33088 documents (375150 virtual)
18:33:25  518 batches submitted to accumulate stats from 33152 documents (375745 virtual)
18:33:25  519 batches submitted to accumulate stats from 33216 documents (375840 virtual)
18:33:25  520 batches submitted to accumulate stats from 33280 documents (376345 virtual)
18:33:25  521 batches submitted to accumulate stats from 33344 documents (377699 virtual)
18:33:25  522 batches submitted to accumulate stats from 33408 documents (378614 virtual)
18:33:25  523 batches submitted to accumulate stats from 33472 documents (379033 virtual)
18:33:25  524 batches submitted to accumulate stats from 33536 documents (380167 virtual)
18:33:25  525 batches submitted to accumulate stats from 33600 documents (381208 virtual)
18:33:25  527 batches submitted to accumulate stats from 33728 documents (382076 virtual)
18:33:25  528 batches submitted to accumulate stats from 33792 documents (382611 virtual)
18:33:25  529 batches submitted to accumulate stats from 33856 documents (383626 virtual)
18:33:25  530 batches submitted to accumulate stats from 33920 documents (384335 virtual)
18:33:25  532 batches submitted to accumulate stats from 34048 documents (384328 virtual)
18:33:25  533 batches submitted to accumulate stats from 34112 documents (385147 virtual)
18:33:25  534 batches submitted to accumulate stats from 34176 documents (386601 virtual)
18:33:25  535 batches submitted to accumulate stats from 34240 documents (387336 virtual)
18:33:25  536 batches submitted to accumulate stats from 34304 documents (387936 virtual)
18:33:25  537 batches submitted to accumulate stats from 34368 documents (388837 virtual)
18:33:25  538 batches submitted to accumulate stats from 34432 documents (388933 virtual)
18:33:25  539 batches submitted to accumulate stats from 34496 documents (389233 virtual)
18:33:25  541 batches submitted to accumulate stats from 34624 documents (389444 virtual)
18:33:25  544 batches submitted to accumulate stats from 34816 documents (388792 virtual)
18:33:25  545 batches submitted to accumulate stats from 34880 documents (388823 virtual)
18:33:25  546 batches submitted to accumulate stats from 34944 documents (389047 virtual)
18:33:25  553 batches submitted to accumulate stats from 35392 documents (387757 virtual)
18:33:25  554 batches submitted to accumulate stats from 35456 documents (388459 virtual)
18:33:25  555 batches submitted to accumulate stats from 35520 documents (389205 virtual)
18:33:25  560 batches submitted to accumulate stats from 35840 documents (387600 virtual)
18:33:25  561 batches submitted to accumulate stats from 35904 documents (388794 virtual)
18:33:25  562 batches submitted to accumulate stats from 35968 documents (389629 virtual)
18:33:25  563 batches submitted to accumulate stats from 36032 documents (390829 virtual)
18:33:25  564 batches submitted to accumulate stats from 36096 documents (391331 virtual)
18:33:25  565 batches submitted to accumulate stats from 36160 documents (392050 virtual)
18:33:25  566 batches submitted to accumulate stats from 36224 documents (392542 virtual)
18:33:25  567 batches submitted to accumulate stats from 36288 documents (393211 virtual)
18:33:25  568 batches submitted to accumulate stats from 36352 documents (393449 virtual)
18:33:25  569 batches submitted to accumulate stats from 36416 documents (394626 virtual)
18:33:25  570 batches submitted to accumulate stats from 36480 documents (395648 virtual)
18:33:25  571 batches submitted to accumulate stats from 36544 documents (396454 virtual)
18:33:25  572 batches submitted to accumulate stats from 36608 documents (397079 virtual)
18:33:25  573 batches submitted to accumulate stats from 36672 documents (397431 virtual)
18:33:25  574 batches submitted to accumulate stats from 36736 documents (398318 virtual)
18:33:25  575 batches submitted to accumulate stats from 36800 documents (399803 virtual)
18:33:25  576 batches submitted to accumulate stats from 36864 documents (400379 virtual)
18:33:25  578 batches submitted to accumulate stats from 36992 documents (402058 virtual)
18:33:25  579 batches submitted to accumulate stats from 37056 documents (403322 virtual)
18:33:25  582 batches submitted to accumulate stats from 37248 documents (403437 virtual)
18:33:25  583 batches submitted to accumulate stats from 37312 documents (403893 virtual)
18:33:25  584 batches submitted to accumulate stats from 37376 documents (403934 virtual)
18:33:25  585 batches submitted to accumulate stats from 37440 documents (404073 virtual)
18:33:25  586 batches submitted to accumulate stats from 37504 documents (404640 virtual)
18:33:25  587 batches submitted to accumulate stats from 37568 documents (405495 virtual)
18:33:25  588 batches submitted to accumulate stats from 37632 documents (406369 virtual)
18:33:25  589 batches submitted to accumulate stats from 37696 documents (406673 virtual)
18:33:25  590 batches submitted to accumulate stats from 37760 documents (407564 virtual)
18:33:25  591 batches submitted to accumulate stats from 37824 documents (408447 virtual)
18:33:25  592 batches submitted to accumulate stats from 37888 documents (408712 virtual)
18:33:25  593 batches submitted to accumulate stats from 37952 documents (409498 virtual)
18:33:25  594 batches submitted to accumulate stats from 38016 documents (410610 virtual)
18:33:25  595 batches submitted to accumulate stats from 38080 documents (410961 virtual)
18:33:25  596 batches submitted to accumulate stats from 38144 documents (411260 virtual)
18:33:25  597 batches submitted to accumulate stats from 38208 documents (411480 virtual)
18:33:25  598 batches submitted to accumulate stats from 38272 documents (412476 virtual)
18:33:25  599 batches submitted to accumulate stats from 38336 documents (412630 virtual)
18:33:25  600 batches submitted to accumulate stats from 38400 documents (413059 virtual)
18:33:25  601 batches submitted to accumulate stats from 38464 documents (414801 virtual)
18:33:25  602 batches submitted to accumulate stats from 38528 documents (415375 virtual)
18:33:25  603 batches submitted to accumulate stats from 38592 documents (415653 virtual)
18:33:25  605 batches submitted to accumulate stats from 38720 documents (415772 virtual)
18:33:25  606 batches submitted to accumulate stats from 38784 documents (416124 virtual)
18:33:25  608 batches submitted to accumulate stats from 38912 documents (416863 virtual)
18:33:25  609 batches submitted to accumulate stats from 38976 documents (417214 virtual)
18:33:25  615 batches submitted to accumulate stats from 39360 documents (415734 virtual)
18:33:25  619 batches submitted to accumulate stats from 39616 documents (414885 virtual)
18:33:25  620 batches submitted to accumulate stats from 39680 documents (415102 virtual)
18:33:25  621 batches submitted to accumulate stats from 39744 documents (416262 virtual)
18:33:25  622 batches submitted to accumulate stats from 39808 documents (416400 virtual)
18:33:25  635 batches submitted to accumulate stats from 40640 documents (406111 virtual)
18:33:25  636 batches submitted to accumulate stats from 40704 documents (406224 virtual)
18:33:25  637 batches submitted to accumulate stats from 40768 documents (406892 virtual)
18:33:25  639 batches submitted to accumulate stats from 40896 documents (406947 virtual)
18:33:25  641 batches submitted to accumulate stats from 41024 documents (407057 virtual)
18:33:25  serializing accumulator to return to master...
18:33:25  accumulator serialized
18:33:25  serializing accumulator to return to master...
18:33:25  accumulator serialized
18:33:25  serializing accumulator to return to master...
18:33:25  accumulator serialized
18:33:25  serializing accumulator to return to master...
18:33:25  serializing accumulator to return to master...
18:33:25  accumulator serialized
18:33:25  accumulator serialized
18:33:26  serializing accumulator to return to master...
18:33:26  accumulator serialized
18:33:26  serializing accumulator to return to master...
18:33:26  accumulator serialized
18:33:26  serializing accumulator to return to master...
18:33:26  accumulator serialized
18:33:26  serializing accumulator to return to master...
18:33:26  accumulator serialized
18:33:26  9 accumulators retrieved from output queue
18:33:26  accumulated word occurrence stats for 852672 virtual documents
18:33:26       Topics=46  Coherence=0.6637  Diversity=0.7652  Outliers=32.1%  Score=0.3446
18:33:26    [4/5] Testing: {'min_cluster_size': 30, 'n_neighbors': 10, 'n_components': 10}
18:33:26  Use pytorch device_name: mps
18:33:26  Load pretrained SentenceTransformer: all-MiniLM-L6-v2
18:33:26  HTTP Request: HEAD https://huggingface.co/sentence-transformers/all-MiniLM-L6-v2/resolve/main/modules.json "HTTP/1.1 307 Temporary Redirect"
18:33:26  HTTP Request: HEAD https://huggingface.co/api/resolve-cache/models/sentence-transformers/all-MiniLM-L6-v2/c9745ed1d9f207416be6d2e6f8de32d1f16199bf/modules.json "HTTP/1.1 200 OK"
18:33:26  HTTP Request: HEAD https://huggingface.co/sentence-transformers/all-MiniLM-L6-v2/resolve/main/config_sentence_transformers.json "HTTP/1.1 307 Temporary Redirect"
18:33:26  HTTP Request: HEAD https://huggingface.co/api/resolve-cache/models/sentence-transformers/all-MiniLM-L6-v2/c9745ed1d9f207416be6d2e6f8de32d1f16199bf/config_sentence_transformers.json "HTTP/1.1 200 OK"
18:33:26  HTTP Request: HEAD https://huggingface.co/sentence-transformers/all-MiniLM-L6-v2/resolve/main/config_sentence_transformers.json "HTTP/1.1 307 Temporary Redirect"
18:33:26  HTTP Request: HEAD https://huggingface.co/api/resolve-cache/models/sentence-transformers/all-MiniLM-L6-v2/c9745ed1d9f207416be6d2e6f8de32d1f16199bf/config_sentence_transformers.json "HTTP/1.1 200 OK"
18:33:27  HTTP Request: HEAD https://huggingface.co/sentence-transformers/all-MiniLM-L6-v2/resolve/main/README.md "HTTP/1.1 307 Temporary Redirect"
18:33:27  HTTP Request: HEAD https://huggingface.co/api/resolve-cache/models/sentence-transformers/all-MiniLM-L6-v2/c9745ed1d9f207416be6d2e6f8de32d1f16199bf/README.md "HTTP/1.1 200 OK"
18:33:27  HTTP Request: HEAD https://huggingface.co/sentence-transformers/all-MiniLM-L6-v2/resolve/main/modules.json "HTTP/1.1 307 Temporary Redirect"
18:33:27  HTTP Request: HEAD https://huggingface.co/api/resolve-cache/models/sentence-transformers/all-MiniLM-L6-v2/c9745ed1d9f207416be6d2e6f8de32d1f16199bf/modules.json "HTTP/1.1 200 OK"
18:33:27  HTTP Request: HEAD https://huggingface.co/sentence-transformers/all-MiniLM-L6-v2/resolve/main/sentence_bert_config.json "HTTP/1.1 307 Temporary Redirect"
18:33:27  HTTP Request: HEAD https://huggingface.co/api/resolve-cache/models/sentence-transformers/all-MiniLM-L6-v2/c9745ed1d9f207416be6d2e6f8de32d1f16199bf/sentence_bert_config.json "HTTP/1.1 200 OK"
18:33:27  HTTP Request: HEAD https://huggingface.co/sentence-transformers/all-MiniLM-L6-v2/resolve/main/adapter_config.json "HTTP/1.1 404 Not Found"
18:33:27  HTTP Request: HEAD https://huggingface.co/sentence-transformers/all-MiniLM-L6-v2/resolve/main/config.json "HTTP/1.1 307 Temporary Redirect"
18:33:27  HTTP Request: HEAD https://huggingface.co/api/resolve-cache/models/sentence-transformers/all-MiniLM-L6-v2/c9745ed1d9f207416be6d2e6f8de32d1f16199bf/config.json "HTTP/1.1 200 OK"
18:33:27  HTTP Request: HEAD https://huggingface.co/sentence-transformers/all-MiniLM-L6-v2/resolve/main/config.json "HTTP/1.1 307 Temporary Redirect"
18:33:27  HTTP Request: HEAD https://huggingface.co/api/resolve-cache/models/sentence-transformers/all-MiniLM-L6-v2/c9745ed1d9f207416be6d2e6f8de32d1f16199bf/config.json "HTTP/1.1 200 OK"
18:33:27  HTTP Request: HEAD https://huggingface.co/sentence-transformers/all-MiniLM-L6-v2/resolve/main/tokenizer_config.json "HTTP/1.1 307 Temporary Redirect"
18:33:27  HTTP Request: HEAD https://huggingface.co/api/resolve-cache/models/sentence-transformers/all-MiniLM-L6-v2/c9745ed1d9f207416be6d2e6f8de32d1f16199bf/tokenizer_config.json "HTTP/1.1 200 OK"
18:33:27  HTTP Request: GET https://huggingface.co/api/models/sentence-transformers/all-MiniLM-L6-v2/tree/main/additional_chat_templates?recursive=false&expand=false "HTTP/1.1 404 Not Found"
18:33:27  HTTP Request: GET https://huggingface.co/api/models/sentence-transformers/all-MiniLM-L6-v2/tree/main?recursive=true&expand=false "HTTP/1.1 200 OK"
18:33:27  HTTP Request: HEAD https://huggingface.co/sentence-transformers/all-MiniLM-L6-v2/resolve/main/1_Pooling/config.json "HTTP/1.1 307 Temporary Redirect"
18:33:27  HTTP Request: HEAD https://huggingface.co/api/resolve-cache/models/sentence-transformers/all-MiniLM-L6-v2/c9745ed1d9f207416be6d2e6f8de32d1f16199bf/1_Pooling%2Fconfig.json "HTTP/1.1 200 OK"
18:33:27  HTTP Request: GET https://huggingface.co/api/models/sentence-transformers/all-MiniLM-L6-v2 "HTTP/1.1 200 OK"
18:36:32  adding document #0 to Dictionary<0 unique tokens: []>
18:36:32  adding document #10000 to Dictionary<34442 unique tokens: ['according', 'advantage', 'appearing', 'arabia', 'argumentation']...>
18:36:33  adding document #20000 to Dictionary<46917 unique tokens: ['according', 'advantage', 'appearing', 'arabia', 'argumentation']...>
18:36:33  adding document #30000 to Dictionary<56344 unique tokens: ['according', 'advantage', 'appearing', 'arabia', 'argumentation']...>
18:36:33  adding document #40000 to Dictionary<65211 unique tokens: ['according', 'advantage', 'appearing', 'arabia', 'argumentation']...>
18:36:34  built Dictionary<66148 unique tokens: ['according', 'advantage', 'appearing', 'arabia', 'argumentation']...> from 41067 documents (total 4882872 corpus positions)
18:36:34  Dictionary lifecycle event {'msg': "built Dictionary<66148 unique tokens: ['according', 'advantage', 'appearing', 'arabia', 'argumentation']...> from 41067 documents (total 4882872 corpus positions)", 'datetime': '2026-03-29T18:36:34.022220', 'gensim': '4.4.0', 'python': '3.11.14 (main, Oct  9 2025, 16:16:55) [Clang 17.0.0 (clang-1700.6.3.2)]', 'platform': 'macOS-26.2-arm64-arm-64bit', 'event': 'created'}
18:36:35  using ParallelWordOccurrenceAccumulator<processes=9, batch_size=64> to estimate probabilities from sliding windows
18:37:19  1 batches submitted to accumulate stats from 64 documents (155 virtual)
18:37:19  2 batches submitted to accumulate stats from 128 documents (776 virtual)
18:37:19  3 batches submitted to accumulate stats from 192 documents (1759 virtual)
18:37:19  4 batches submitted to accumulate stats from 256 documents (2493 virtual)
18:37:19  5 batches submitted to accumulate stats from 320 documents (3120 virtual)
18:37:19  6 batches submitted to accumulate stats from 384 documents (3949 virtual)
18:37:19  7 batches submitted to accumulate stats from 448 documents (4286 virtual)
18:37:19  8 batches submitted to accumulate stats from 512 documents (4673 virtual)
18:37:19  9 batches submitted to accumulate stats from 576 documents (5429 virtual)
18:37:19  10 batches submitted to accumulate stats from 640 documents (6270 virtual)
18:37:19  11 batches submitted to accumulate stats from 704 documents (6955 virtual)
18:37:19  12 batches submitted to accumulate stats from 768 documents (8328 virtual)
18:37:19  13 batches submitted to accumulate stats from 832 documents (8374 virtual)
18:37:19  14 batches submitted to accumulate stats from 896 documents (9079 virtual)
18:37:19  15 batches submitted to accumulate stats from 960 documents (9917 virtual)
18:37:19  16 batches submitted to accumulate stats from 1024 documents (10247 virtual)
18:37:19  17 batches submitted to accumulate stats from 1088 documents (10504 virtual)
18:37:19  18 batches submitted to accumulate stats from 1152 documents (11222 virtual)
18:37:19  19 batches submitted to accumulate stats from 1216 documents (11593 virtual)
18:37:19  20 batches submitted to accumulate stats from 1280 documents (12682 virtual)
18:37:19  21 batches submitted to accumulate stats from 1344 documents (13255 virtual)
18:37:19  22 batches submitted to accumulate stats from 1408 documents (13574 virtual)
18:37:19  23 batches submitted to accumulate stats from 1472 documents (13694 virtual)
18:37:19  25 batches submitted to accumulate stats from 1600 documents (13684 virtual)
18:37:19  26 batches submitted to accumulate stats from 1664 documents (14140 virtual)
18:37:19  28 batches submitted to accumulate stats from 1792 documents (13946 virtual)
18:37:19  30 batches submitted to accumulate stats from 1920 documents (14856 virtual)
18:37:19  31 batches submitted to accumulate stats from 1984 documents (15110 virtual)
18:37:19  32 batches submitted to accumulate stats from 2048 documents (15249 virtual)
18:37:19  33 batches submitted to accumulate stats from 2112 documents (15873 virtual)
18:37:19  34 batches submitted to accumulate stats from 2176 documents (16218 virtual)
18:37:19  35 batches submitted to accumulate stats from 2240 documents (17039 virtual)
18:37:19  36 batches submitted to accumulate stats from 2304 documents (17680 virtual)
18:37:19  44 batches submitted to accumulate stats from 2816 documents (14502 virtual)
18:37:19  45 batches submitted to accumulate stats from 2880 documents (14697 virtual)
18:37:19  49 batches submitted to accumulate stats from 3136 documents (13981 virtual)
18:37:19  50 batches submitted to accumulate stats from 3200 documents (14549 virtual)
18:37:19  51 batches submitted to accumulate stats from 3264 documents (14633 virtual)
18:37:19  52 batches submitted to accumulate stats from 3328 documents (14704 virtual)
18:37:19  53 batches submitted to accumulate stats from 3392 documents (15109 virtual)
18:37:19  54 batches submitted to accumulate stats from 3456 documents (15264 virtual)
18:37:19  55 batches submitted to accumulate stats from 3520 documents (15712 virtual)
18:37:19  56 batches submitted to accumulate stats from 3584 documents (16520 virtual)
18:37:19  57 batches submitted to accumulate stats from 3648 documents (16963 virtual)
18:37:19  58 batches submitted to accumulate stats from 3712 documents (17668 virtual)
18:37:19  59 batches submitted to accumulate stats from 3776 documents (18005 virtual)
18:37:19  60 batches submitted to accumulate stats from 3840 documents (18331 virtual)
18:37:19  61 batches submitted to accumulate stats from 3904 documents (18680 virtual)
18:37:19  63 batches submitted to accumulate stats from 4032 documents (18832 virtual)
18:37:19  64 batches submitted to accumulate stats from 4096 documents (19350 virtual)
18:37:19  65 batches submitted to accumulate stats from 4160 documents (19645 virtual)
18:37:19  66 batches submitted to accumulate stats from 4224 documents (20590 virtual)
18:37:19  69 batches submitted to accumulate stats from 4416 documents (21246 virtual)
18:37:19  70 batches submitted to accumulate stats from 4480 documents (21747 virtual)
18:37:19  71 batches submitted to accumulate stats from 4544 documents (22027 virtual)
18:37:19  78 batches submitted to accumulate stats from 4992 documents (18311 virtual)
18:37:19  79 batches submitted to accumulate stats from 5056 documents (19080 virtual)
18:37:19  80 batches submitted to accumulate stats from 5120 documents (19275 virtual)
18:37:19  81 batches submitted to accumulate stats from 5184 documents (19457 virtual)
18:37:19  82 batches submitted to accumulate stats from 5248 documents (19593 virtual)
18:37:19  83 batches submitted to accumulate stats from 5312 documents (19808 virtual)
18:37:19  85 batches submitted to accumulate stats from 5440 documents (20057 virtual)
18:37:19  87 batches submitted to accumulate stats from 5568 documents (19921 virtual)
18:37:19  89 batches submitted to accumulate stats from 5696 documents (19999 virtual)
18:37:19  91 batches submitted to accumulate stats from 5824 documents (19955 virtual)
18:37:19  92 batches submitted to accumulate stats from 5888 documents (20515 virtual)
18:37:19  94 batches submitted to accumulate stats from 6016 documents (20663 virtual)
18:37:19  95 batches submitted to accumulate stats from 6080 documents (20770 virtual)
18:37:19  96 batches submitted to accumulate stats from 6144 documents (20997 virtual)
18:37:19  99 batches submitted to accumulate stats from 6336 documents (20024 virtual)
18:37:19  101 batches submitted to accumulate stats from 6464 documents (19433 virtual)
18:37:19  102 batches submitted to accumulate stats from 6528 documents (19940 virtual)
18:37:19  104 batches submitted to accumulate stats from 6656 documents (20080 virtual)
18:37:19  114 batches submitted to accumulate stats from 7296 documents (17820 virtual)
18:37:19  115 batches submitted to accumulate stats from 7360 documents (17880 virtual)
18:37:19  117 batches submitted to accumulate stats from 7488 documents (17639 virtual)
18:37:19  119 batches submitted to accumulate stats from 7616 documents (17887 virtual)
18:37:19  120 batches submitted to accumulate stats from 7680 documents (19171 virtual)
18:37:19  121 batches submitted to accumulate stats from 7744 documents (20462 virtual)
18:37:19  122 batches submitted to accumulate stats from 7808 documents (21918 virtual)
18:37:19  123 batches submitted to accumulate stats from 7872 documents (23857 virtual)
18:37:19  124 batches submitted to accumulate stats from 7936 documents (25881 virtual)
18:37:19  125 batches submitted to accumulate stats from 8000 documents (27358 virtual)
18:37:19  126 batches submitted to accumulate stats from 8064 documents (28726 virtual)
18:37:19  127 batches submitted to accumulate stats from 8128 documents (29911 virtual)
18:37:19  128 batches submitted to accumulate stats from 8192 documents (30119 virtual)
18:37:19  129 batches submitted to accumulate stats from 8256 documents (31758 virtual)
18:37:19  130 batches submitted to accumulate stats from 8320 documents (33977 virtual)
18:37:19  131 batches submitted to accumulate stats from 8384 documents (35267 virtual)
18:37:19  132 batches submitted to accumulate stats from 8448 documents (36891 virtual)
18:37:19  133 batches submitted to accumulate stats from 8512 documents (38492 virtual)
18:37:19  134 batches submitted to accumulate stats from 8576 documents (39213 virtual)
18:37:19  135 batches submitted to accumulate stats from 8640 documents (41012 virtual)
18:37:19  136 batches submitted to accumulate stats from 8704 documents (42338 virtual)
18:37:19  137 batches submitted to accumulate stats from 8768 documents (43947 virtual)
18:37:19  138 batches submitted to accumulate stats from 8832 documents (46062 virtual)
18:37:19  139 batches submitted to accumulate stats from 8896 documents (48217 virtual)
18:37:19  140 batches submitted to accumulate stats from 8960 documents (49797 virtual)
18:37:19  141 batches submitted to accumulate stats from 9024 documents (51919 virtual)
18:37:19  142 batches submitted to accumulate stats from 9088 documents (53928 virtual)
18:37:19  143 batches submitted to accumulate stats from 9152 documents (55364 virtual)
18:37:19  144 batches submitted to accumulate stats from 9216 documents (57161 virtual)
18:37:19  145 batches submitted to accumulate stats from 9280 documents (59135 virtual)
18:37:19  146 batches submitted to accumulate stats from 9344 documents (61008 virtual)
18:37:19  147 batches submitted to accumulate stats from 9408 documents (62151 virtual)
18:37:19  148 batches submitted to accumulate stats from 9472 documents (63433 virtual)
18:37:19  149 batches submitted to accumulate stats from 9536 documents (64825 virtual)
18:37:19  150 batches submitted to accumulate stats from 9600 documents (66627 virtual)
18:37:19  151 batches submitted to accumulate stats from 9664 documents (67862 virtual)
18:37:19  152 batches submitted to accumulate stats from 9728 documents (69514 virtual)
18:37:19  153 batches submitted to accumulate stats from 9792 documents (71449 virtual)
18:37:19  154 batches submitted to accumulate stats from 9856 documents (73566 virtual)
18:37:19  155 batches submitted to accumulate stats from 9920 documents (75717 virtual)
18:37:19  156 batches submitted to accumulate stats from 9984 documents (77466 virtual)
18:37:19  157 batches submitted to accumulate stats from 10048 documents (79507 virtual)
18:37:19  158 batches submitted to accumulate stats from 10112 documents (81531 virtual)
18:37:19  159 batches submitted to accumulate stats from 10176 documents (83129 virtual)
18:37:19  160 batches submitted to accumulate stats from 10240 documents (84945 virtual)
18:37:19  161 batches submitted to accumulate stats from 10304 documents (86961 virtual)
18:37:19  162 batches submitted to accumulate stats from 10368 documents (88684 virtual)
18:37:19  163 batches submitted to accumulate stats from 10432 documents (90348 virtual)
18:37:19  164 batches submitted to accumulate stats from 10496 documents (92390 virtual)
18:37:19  165 batches submitted to accumulate stats from 10560 documents (94905 virtual)
18:37:19  166 batches submitted to accumulate stats from 10624 documents (96830 virtual)
18:37:19  167 batches submitted to accumulate stats from 10688 documents (98524 virtual)
18:37:19  168 batches submitted to accumulate stats from 10752 documents (99871 virtual)
18:37:19  169 batches submitted to accumulate stats from 10816 documents (101508 virtual)
18:37:19  170 batches submitted to accumulate stats from 10880 documents (102961 virtual)
18:37:19  171 batches submitted to accumulate stats from 10944 documents (104239 virtual)
18:37:19  172 batches submitted to accumulate stats from 11008 documents (106007 virtual)
18:37:19  173 batches submitted to accumulate stats from 11072 documents (108383 virtual)
18:37:19  174 batches submitted to accumulate stats from 11136 documents (109382 virtual)
18:37:20  175 batches submitted to accumulate stats from 11200 documents (110636 virtual)
18:37:20  176 batches submitted to accumulate stats from 11264 documents (110779 virtual)
18:37:20  177 batches submitted to accumulate stats from 11328 documents (111654 virtual)
18:37:20  178 batches submitted to accumulate stats from 11392 documents (112798 virtual)
18:37:20  179 batches submitted to accumulate stats from 11456 documents (113392 virtual)
18:37:20  180 batches submitted to accumulate stats from 11520 documents (114923 virtual)
18:37:20  181 batches submitted to accumulate stats from 11584 documents (117003 virtual)
18:37:20  182 batches submitted to accumulate stats from 11648 documents (117732 virtual)
18:37:20  183 batches submitted to accumulate stats from 11712 documents (119484 virtual)
18:37:20  184 batches submitted to accumulate stats from 11776 documents (120583 virtual)
18:37:20  185 batches submitted to accumulate stats from 11840 documents (121595 virtual)
18:37:20  186 batches submitted to accumulate stats from 11904 documents (122257 virtual)
18:37:20  187 batches submitted to accumulate stats from 11968 documents (123065 virtual)
18:37:20  188 batches submitted to accumulate stats from 12032 documents (124080 virtual)
18:37:20  189 batches submitted to accumulate stats from 12096 documents (125621 virtual)
18:37:20  190 batches submitted to accumulate stats from 12160 documents (125927 virtual)
18:37:20  191 batches submitted to accumulate stats from 12224 documents (126310 virtual)
18:37:20  192 batches submitted to accumulate stats from 12288 documents (127395 virtual)
18:37:20  193 batches submitted to accumulate stats from 12352 documents (128754 virtual)
18:37:20  194 batches submitted to accumulate stats from 12416 documents (130470 virtual)
18:37:20  195 batches submitted to accumulate stats from 12480 documents (132211 virtual)
18:37:20  196 batches submitted to accumulate stats from 12544 documents (133256 virtual)
18:37:20  197 batches submitted to accumulate stats from 12608 documents (134215 virtual)
18:37:20  198 batches submitted to accumulate stats from 12672 documents (135011 virtual)
18:37:20  199 batches submitted to accumulate stats from 12736 documents (135371 virtual)
18:37:20  200 batches submitted to accumulate stats from 12800 documents (136235 virtual)
18:37:20  201 batches submitted to accumulate stats from 12864 documents (137090 virtual)
18:37:20  202 batches submitted to accumulate stats from 12928 documents (138054 virtual)
18:37:20  203 batches submitted to accumulate stats from 12992 documents (139079 virtual)
18:37:20  204 batches submitted to accumulate stats from 13056 documents (141200 virtual)
18:37:20  205 batches submitted to accumulate stats from 13120 documents (142240 virtual)
18:37:20  206 batches submitted to accumulate stats from 13184 documents (143688 virtual)
18:37:20  207 batches submitted to accumulate stats from 13248 documents (144883 virtual)
18:37:20  208 batches submitted to accumulate stats from 13312 documents (145674 virtual)
18:37:20  209 batches submitted to accumulate stats from 13376 documents (146981 virtual)
18:37:20  210 batches submitted to accumulate stats from 13440 documents (147627 virtual)
18:37:20  211 batches submitted to accumulate stats from 13504 documents (148038 virtual)
18:37:20  212 batches submitted to accumulate stats from 13568 documents (149025 virtual)
18:37:20  213 batches submitted to accumulate stats from 13632 documents (150189 virtual)
18:37:20  214 batches submitted to accumulate stats from 13696 documents (151439 virtual)
18:37:20  215 batches submitted to accumulate stats from 13760 documents (152520 virtual)
18:37:20  216 batches submitted to accumulate stats from 13824 documents (153315 virtual)
18:37:20  217 batches submitted to accumulate stats from 13888 documents (154364 virtual)
18:37:20  218 batches submitted to accumulate stats from 13952 documents (155262 virtual)
18:37:20  219 batches submitted to accumulate stats from 14016 documents (156054 virtual)
18:37:20  220 batches submitted to accumulate stats from 14080 documents (156986 virtual)
18:37:20  221 batches submitted to accumulate stats from 14144 documents (157645 virtual)
18:37:20  222 batches submitted to accumulate stats from 14208 documents (158752 virtual)
18:37:20  223 batches submitted to accumulate stats from 14272 documents (159961 virtual)
18:37:20  224 batches submitted to accumulate stats from 14336 documents (160583 virtual)
18:37:20  225 batches submitted to accumulate stats from 14400 documents (162031 virtual)
18:37:20  226 batches submitted to accumulate stats from 14464 documents (163081 virtual)
18:37:20  227 batches submitted to accumulate stats from 14528 documents (163987 virtual)
18:37:20  228 batches submitted to accumulate stats from 14592 documents (164599 virtual)
18:37:20  229 batches submitted to accumulate stats from 14656 documents (166003 virtual)
18:37:20  230 batches submitted to accumulate stats from 14720 documents (167082 virtual)
18:37:20  231 batches submitted to accumulate stats from 14784 documents (167926 virtual)
18:37:20  232 batches submitted to accumulate stats from 14848 documents (168389 virtual)
18:37:20  233 batches submitted to accumulate stats from 14912 documents (169479 virtual)
18:37:20  234 batches submitted to accumulate stats from 14976 documents (171362 virtual)
18:37:20  235 batches submitted to accumulate stats from 15040 documents (172311 virtual)
18:37:20  236 batches submitted to accumulate stats from 15104 documents (173019 virtual)
18:37:20  237 batches submitted to accumulate stats from 15168 documents (174461 virtual)
18:37:20  238 batches submitted to accumulate stats from 15232 documents (174914 virtual)
18:37:20  239 batches submitted to accumulate stats from 15296 documents (176192 virtual)
18:37:20  240 batches submitted to accumulate stats from 15360 documents (176409 virtual)
18:37:20  241 batches submitted to accumulate stats from 15424 documents (177525 virtual)
18:37:20  242 batches submitted to accumulate stats from 15488 documents (179115 virtual)
18:37:20  243 batches submitted to accumulate stats from 15552 documents (180241 virtual)
18:37:20  244 batches submitted to accumulate stats from 15616 documents (180917 virtual)
18:37:20  245 batches submitted to accumulate stats from 15680 documents (182402 virtual)
18:37:20  246 batches submitted to accumulate stats from 15744 documents (183920 virtual)
18:37:20  247 batches submitted to accumulate stats from 15808 documents (184895 virtual)
18:37:20  248 batches submitted to accumulate stats from 15872 documents (185153 virtual)
18:37:20  249 batches submitted to accumulate stats from 15936 documents (185885 virtual)
18:37:20  250 batches submitted to accumulate stats from 16000 documents (185993 virtual)
18:37:20  251 batches submitted to accumulate stats from 16064 documents (186120 virtual)
18:37:20  252 batches submitted to accumulate stats from 16128 documents (186443 virtual)
18:37:20  253 batches submitted to accumulate stats from 16192 documents (187178 virtual)
18:37:20  254 batches submitted to accumulate stats from 16256 documents (188771 virtual)
18:37:20  255 batches submitted to accumulate stats from 16320 documents (189922 virtual)
18:37:20  256 batches submitted to accumulate stats from 16384 documents (191219 virtual)
18:37:20  257 batches submitted to accumulate stats from 16448 documents (193144 virtual)
18:37:20  258 batches submitted to accumulate stats from 16512 documents (194602 virtual)
18:37:20  259 batches submitted to accumulate stats from 16576 documents (195604 virtual)
18:37:20  260 batches submitted to accumulate stats from 16640 documents (195802 virtual)
18:37:20  262 batches submitted to accumulate stats from 16768 documents (196972 virtual)
18:37:20  263 batches submitted to accumulate stats from 16832 documents (198565 virtual)
18:37:20  264 batches submitted to accumulate stats from 16896 documents (199870 virtual)
18:37:20  266 batches submitted to accumulate stats from 17024 documents (200837 virtual)
18:37:20  267 batches submitted to accumulate stats from 17088 documents (201136 virtual)
18:37:20  268 batches submitted to accumulate stats from 17152 documents (201435 virtual)
18:37:20  270 batches submitted to accumulate stats from 17280 documents (201942 virtual)
18:37:20  271 batches submitted to accumulate stats from 17344 documents (202399 virtual)
18:37:20  272 batches submitted to accumulate stats from 17408 documents (203379 virtual)
18:37:20  273 batches submitted to accumulate stats from 17472 documents (204229 virtual)
18:37:20  274 batches submitted to accumulate stats from 17536 documents (204471 virtual)
18:37:20  275 batches submitted to accumulate stats from 17600 documents (205039 virtual)
18:37:20  276 batches submitted to accumulate stats from 17664 documents (205112 virtual)
18:37:20  277 batches submitted to accumulate stats from 17728 documents (205552 virtual)
18:37:20  280 batches submitted to accumulate stats from 17920 documents (206081 virtual)
18:37:20  281 batches submitted to accumulate stats from 17984 documents (207517 virtual)
18:37:20  282 batches submitted to accumulate stats from 18048 documents (208618 virtual)
18:37:20  283 batches submitted to accumulate stats from 18112 documents (209835 virtual)
18:37:20  284 batches submitted to accumulate stats from 18176 documents (211265 virtual)
18:37:20  285 batches submitted to accumulate stats from 18240 documents (211709 virtual)
18:37:20  286 batches submitted to accumulate stats from 18304 documents (212626 virtual)
18:37:20  287 batches submitted to accumulate stats from 18368 documents (213228 virtual)
18:37:20  288 batches submitted to accumulate stats from 18432 documents (214908 virtual)
18:37:20  289 batches submitted to accumulate stats from 18496 documents (215882 virtual)
18:37:20  290 batches submitted to accumulate stats from 18560 documents (216188 virtual)
18:37:20  291 batches submitted to accumulate stats from 18624 documents (217290 virtual)
18:37:20  292 batches submitted to accumulate stats from 18688 documents (217991 virtual)
18:37:20  293 batches submitted to accumulate stats from 18752 documents (218861 virtual)
18:37:20  295 batches submitted to accumulate stats from 18880 documents (219497 virtual)
18:37:20  296 batches submitted to accumulate stats from 18944 documents (219518 virtual)
18:37:20  298 batches submitted to accumulate stats from 19072 documents (220095 virtual)
18:37:20  299 batches submitted to accumulate stats from 19136 documents (220619 virtual)
18:37:20  300 batches submitted to accumulate stats from 19200 documents (220793 virtual)
18:37:20  301 batches submitted to accumulate stats from 19264 documents (221805 virtual)
18:37:20  302 batches submitted to accumulate stats from 19328 documents (222301 virtual)
18:37:20  303 batches submitted to accumulate stats from 19392 documents (223752 virtual)
18:37:20  305 batches submitted to accumulate stats from 19520 documents (224189 virtual)
18:37:20  306 batches submitted to accumulate stats from 19584 documents (225912 virtual)
18:37:20  307 batches submitted to accumulate stats from 19648 documents (226451 virtual)
18:37:20  308 batches submitted to accumulate stats from 19712 documents (226827 virtual)
18:37:20  309 batches submitted to accumulate stats from 19776 documents (227068 virtual)
18:37:20  310 batches submitted to accumulate stats from 19840 documents (227416 virtual)
18:37:20  311 batches submitted to accumulate stats from 19904 documents (227881 virtual)
18:37:20  312 batches submitted to accumulate stats from 19968 documents (228226 virtual)
18:37:20  313 batches submitted to accumulate stats from 20032 documents (228607 virtual)
18:37:20  314 batches submitted to accumulate stats from 20096 documents (229035 virtual)
18:37:20  315 batches submitted to accumulate stats from 20160 documents (229477 virtual)
18:37:20  317 batches submitted to accumulate stats from 20288 documents (229299 virtual)
18:37:20  318 batches submitted to accumulate stats from 20352 documents (229764 virtual)
18:37:20  319 batches submitted to accumulate stats from 20416 documents (230090 virtual)
18:37:20  320 batches submitted to accumulate stats from 20480 documents (230729 virtual)
18:37:20  321 batches submitted to accumulate stats from 20544 documents (231178 virtual)
18:37:20  322 batches submitted to accumulate stats from 20608 documents (231650 virtual)
18:37:20  325 batches submitted to accumulate stats from 20800 documents (231647 virtual)
18:37:20  326 batches submitted to accumulate stats from 20864 documents (232126 virtual)
18:37:20  328 batches submitted to accumulate stats from 20992 documents (232637 virtual)
18:37:20  329 batches submitted to accumulate stats from 21056 documents (232662 virtual)
18:37:20  330 batches submitted to accumulate stats from 21120 documents (232682 virtual)
18:37:20  331 batches submitted to accumulate stats from 21184 documents (233011 virtual)
18:37:20  332 batches submitted to accumulate stats from 21248 documents (234397 virtual)
18:37:20  333 batches submitted to accumulate stats from 21312 documents (235313 virtual)
18:37:20  334 batches submitted to accumulate stats from 21376 documents (236278 virtual)
18:37:20  335 batches submitted to accumulate stats from 21440 documents (237329 virtual)
18:37:20  336 batches submitted to accumulate stats from 21504 documents (238963 virtual)
18:37:20  337 batches submitted to accumulate stats from 21568 documents (240437 virtual)
18:37:20  338 batches submitted to accumulate stats from 21632 documents (241964 virtual)
18:37:20  339 batches submitted to accumulate stats from 21696 documents (243508 virtual)
18:37:20  340 batches submitted to accumulate stats from 21760 documents (244484 virtual)
18:37:20  341 batches submitted to accumulate stats from 21824 documents (245586 virtual)
18:37:20  342 batches submitted to accumulate stats from 21888 documents (245933 virtual)
18:37:20  343 batches submitted to accumulate stats from 21952 documents (247299 virtual)
18:37:20  344 batches submitted to accumulate stats from 22016 documents (248636 virtual)
18:37:20  345 batches submitted to accumulate stats from 22080 documents (249890 virtual)
18:37:20  346 batches submitted to accumulate stats from 22144 documents (250923 virtual)
18:37:20  347 batches submitted to accumulate stats from 22208 documents (251927 virtual)
18:37:20  348 batches submitted to accumulate stats from 22272 documents (252993 virtual)
18:37:20  349 batches submitted to accumulate stats from 22336 documents (254541 virtual)
18:37:20  350 batches submitted to accumulate stats from 22400 documents (256686 virtual)
18:37:20  351 batches submitted to accumulate stats from 22464 documents (258061 virtual)
18:37:20  352 batches submitted to accumulate stats from 22528 documents (259435 virtual)
18:37:20  353 batches submitted to accumulate stats from 22592 documents (260552 virtual)
18:37:20  354 batches submitted to accumulate stats from 22656 documents (262610 virtual)
18:37:20  355 batches submitted to accumulate stats from 22720 documents (263745 virtual)
18:37:20  356 batches submitted to accumulate stats from 22784 documents (265022 virtual)
18:37:20  357 batches submitted to accumulate stats from 22848 documents (266435 virtual)
18:37:20  358 batches submitted to accumulate stats from 22912 documents (267685 virtual)
18:37:20  359 batches submitted to accumulate stats from 22976 documents (268423 virtual)
18:37:20  360 batches submitted to accumulate stats from 23040 documents (269486 virtual)
18:37:20  361 batches submitted to accumulate stats from 23104 documents (271430 virtual)
18:37:20  362 batches submitted to accumulate stats from 23168 documents (272328 virtual)
18:37:21  363 batches submitted to accumulate stats from 23232 documents (273691 virtual)
18:37:21  364 batches submitted to accumulate stats from 23296 documents (274943 virtual)
18:37:21  365 batches submitted to accumulate stats from 23360 documents (275128 virtual)
18:37:21  366 batches submitted to accumulate stats from 23424 documents (276443 virtual)
18:37:21  367 batches submitted to accumulate stats from 23488 documents (277300 virtual)
18:37:21  368 batches submitted to accumulate stats from 23552 documents (277599 virtual)
18:37:21  369 batches submitted to accumulate stats from 23616 documents (279033 virtual)
18:37:21  370 batches submitted to accumulate stats from 23680 documents (280125 virtual)
18:37:21  371 batches submitted to accumulate stats from 23744 documents (281427 virtual)
18:37:21  372 batches submitted to accumulate stats from 23808 documents (282902 virtual)
18:37:21  373 batches submitted to accumulate stats from 23872 documents (283507 virtual)
18:37:21  374 batches submitted to accumulate stats from 23936 documents (283771 virtual)
18:37:21  375 batches submitted to accumulate stats from 24000 documents (285566 virtual)
18:37:21  376 batches submitted to accumulate stats from 24064 documents (287508 virtual)
18:37:21  377 batches submitted to accumulate stats from 24128 documents (288298 virtual)
18:37:21  378 batches submitted to accumulate stats from 24192 documents (288806 virtual)
18:37:21  379 batches submitted to accumulate stats from 24256 documents (290190 virtual)
18:37:21  380 batches submitted to accumulate stats from 24320 documents (290760 virtual)
18:37:21  381 batches submitted to accumulate stats from 24384 documents (291162 virtual)
18:37:21  382 batches submitted to accumulate stats from 24448 documents (291729 virtual)
18:37:21  383 batches submitted to accumulate stats from 24512 documents (292194 virtual)
18:37:21  384 batches submitted to accumulate stats from 24576 documents (293099 virtual)
18:37:21  385 batches submitted to accumulate stats from 24640 documents (293948 virtual)
18:37:21  386 batches submitted to accumulate stats from 24704 documents (295090 virtual)
18:37:21  387 batches submitted to accumulate stats from 24768 documents (296840 virtual)
18:37:21  388 batches submitted to accumulate stats from 24832 documents (297330 virtual)
18:37:21  389 batches submitted to accumulate stats from 24896 documents (297790 virtual)
18:37:21  390 batches submitted to accumulate stats from 24960 documents (298494 virtual)
18:37:21  391 batches submitted to accumulate stats from 25024 documents (299618 virtual)
18:37:21  392 batches submitted to accumulate stats from 25088 documents (300063 virtual)
18:37:21  393 batches submitted to accumulate stats from 25152 documents (301432 virtual)
18:37:21  394 batches submitted to accumulate stats from 25216 documents (302246 virtual)
18:37:21  395 batches submitted to accumulate stats from 25280 documents (302503 virtual)
18:37:21  396 batches submitted to accumulate stats from 25344 documents (303055 virtual)
18:37:21  397 batches submitted to accumulate stats from 25408 documents (304411 virtual)
18:37:21  398 batches submitted to accumulate stats from 25472 documents (305347 virtual)
18:37:21  399 batches submitted to accumulate stats from 25536 documents (305616 virtual)
18:37:21  400 batches submitted to accumulate stats from 25600 documents (306702 virtual)
18:37:21  401 batches submitted to accumulate stats from 25664 documents (307110 virtual)
18:37:21  402 batches submitted to accumulate stats from 25728 documents (307910 virtual)
18:37:21  403 batches submitted to accumulate stats from 25792 documents (308604 virtual)
18:37:21  404 batches submitted to accumulate stats from 25856 documents (308702 virtual)
18:37:21  405 batches submitted to accumulate stats from 25920 documents (309326 virtual)
18:37:21  406 batches submitted to accumulate stats from 25984 documents (310839 virtual)
18:37:21  407 batches submitted to accumulate stats from 26048 documents (311764 virtual)
18:37:21  408 batches submitted to accumulate stats from 26112 documents (312649 virtual)
18:37:21  409 batches submitted to accumulate stats from 26176 documents (313279 virtual)
18:37:21  410 batches submitted to accumulate stats from 26240 documents (313688 virtual)
18:37:21  411 batches submitted to accumulate stats from 26304 documents (314356 virtual)
18:37:21  412 batches submitted to accumulate stats from 26368 documents (315581 virtual)
18:37:21  413 batches submitted to accumulate stats from 26432 documents (316291 virtual)
18:37:21  414 batches submitted to accumulate stats from 26496 documents (317448 virtual)
18:37:21  415 batches submitted to accumulate stats from 26560 documents (318418 virtual)
18:37:21  416 batches submitted to accumulate stats from 26624 documents (319082 virtual)
18:37:21  417 batches submitted to accumulate stats from 26688 documents (319442 virtual)
18:37:21  418 batches submitted to accumulate stats from 26752 documents (320258 virtual)
18:37:21  419 batches submitted to accumulate stats from 26816 documents (321195 virtual)
18:37:21  420 batches submitted to accumulate stats from 26880 documents (322692 virtual)
18:37:21  421 batches submitted to accumulate stats from 26944 documents (323529 virtual)
18:37:21  422 batches submitted to accumulate stats from 27008 documents (323588 virtual)
18:37:21  423 batches submitted to accumulate stats from 27072 documents (324363 virtual)
18:37:21  424 batches submitted to accumulate stats from 27136 documents (324745 virtual)
18:37:21  425 batches submitted to accumulate stats from 27200 documents (325134 virtual)
18:37:21  426 batches submitted to accumulate stats from 27264 documents (326512 virtual)
18:37:21  427 batches submitted to accumulate stats from 27328 documents (327479 virtual)
18:37:21  428 batches submitted to accumulate stats from 27392 documents (328133 virtual)
18:37:21  430 batches submitted to accumulate stats from 27520 documents (328985 virtual)
18:37:21  431 batches submitted to accumulate stats from 27584 documents (330233 virtual)
18:37:21  432 batches submitted to accumulate stats from 27648 documents (330698 virtual)
18:37:21  433 batches submitted to accumulate stats from 27712 documents (330885 virtual)
18:37:21  434 batches submitted to accumulate stats from 27776 documents (331068 virtual)
18:37:21  439 batches submitted to accumulate stats from 28096 documents (330838 virtual)
18:37:21  440 batches submitted to accumulate stats from 28160 documents (331444 virtual)
18:37:21  443 batches submitted to accumulate stats from 28352 documents (331422 virtual)
18:37:21  445 batches submitted to accumulate stats from 28480 documents (331965 virtual)
18:37:21  446 batches submitted to accumulate stats from 28544 documents (332638 virtual)
18:37:21  447 batches submitted to accumulate stats from 28608 documents (332908 virtual)
18:37:21  449 batches submitted to accumulate stats from 28736 documents (333069 virtual)
18:37:21  450 batches submitted to accumulate stats from 28800 documents (333705 virtual)
18:37:21  452 batches submitted to accumulate stats from 28928 documents (333925 virtual)
18:37:21  453 batches submitted to accumulate stats from 28992 documents (334888 virtual)
18:37:21  454 batches submitted to accumulate stats from 29056 documents (335087 virtual)
18:37:21  456 batches submitted to accumulate stats from 29184 documents (335123 virtual)
18:37:21  459 batches submitted to accumulate stats from 29376 documents (334732 virtual)
18:37:21  460 batches submitted to accumulate stats from 29440 documents (335431 virtual)
18:37:21  461 batches submitted to accumulate stats from 29504 documents (336173 virtual)
18:37:21  462 batches submitted to accumulate stats from 29568 documents (336881 virtual)
18:37:21  463 batches submitted to accumulate stats from 29632 documents (336997 virtual)
18:37:21  470 batches submitted to accumulate stats from 30080 documents (335531 virtual)
18:37:21  472 batches submitted to accumulate stats from 30208 documents (336001 virtual)
18:37:21  473 batches submitted to accumulate stats from 30272 documents (337337 virtual)
18:37:21  474 batches submitted to accumulate stats from 30336 documents (338593 virtual)
18:37:21  475 batches submitted to accumulate stats from 30400 documents (339505 virtual)
18:37:21  476 batches submitted to accumulate stats from 30464 documents (340645 virtual)
18:37:21  477 batches submitted to accumulate stats from 30528 documents (341955 virtual)
18:37:21  478 batches submitted to accumulate stats from 30592 documents (342701 virtual)
18:37:21  479 batches submitted to accumulate stats from 30656 documents (343314 virtual)
18:37:21  480 batches submitted to accumulate stats from 30720 documents (344568 virtual)
18:37:21  481 batches submitted to accumulate stats from 30784 documents (345159 virtual)
18:37:21  482 batches submitted to accumulate stats from 30848 documents (346216 virtual)
18:37:21  483 batches submitted to accumulate stats from 30912 documents (346942 virtual)
18:37:21  484 batches submitted to accumulate stats from 30976 documents (348165 virtual)
18:37:21  485 batches submitted to accumulate stats from 31040 documents (349171 virtual)
18:37:21  486 batches submitted to accumulate stats from 31104 documents (349917 virtual)
18:37:21  487 batches submitted to accumulate stats from 31168 documents (350870 virtual)
18:37:21  488 batches submitted to accumulate stats from 31232 documents (351319 virtual)
18:37:21  489 batches submitted to accumulate stats from 31296 documents (351770 virtual)
18:37:21  490 batches submitted to accumulate stats from 31360 documents (353158 virtual)
18:37:21  491 batches submitted to accumulate stats from 31424 documents (354743 virtual)
18:37:21  492 batches submitted to accumulate stats from 31488 documents (356122 virtual)
18:37:21  493 batches submitted to accumulate stats from 31552 documents (356347 virtual)
18:37:21  494 batches submitted to accumulate stats from 31616 documents (356548 virtual)
18:37:21  495 batches submitted to accumulate stats from 31680 documents (357637 virtual)
18:37:21  496 batches submitted to accumulate stats from 31744 documents (359470 virtual)
18:37:21  497 batches submitted to accumulate stats from 31808 documents (360626 virtual)
18:37:21  498 batches submitted to accumulate stats from 31872 documents (361183 virtual)
18:37:21  499 batches submitted to accumulate stats from 31936 documents (361626 virtual)
18:37:21  500 batches submitted to accumulate stats from 32000 documents (361872 virtual)
18:37:21  501 batches submitted to accumulate stats from 32064 documents (362859 virtual)
18:37:21  502 batches submitted to accumulate stats from 32128 documents (364344 virtual)
18:37:21  503 batches submitted to accumulate stats from 32192 documents (364860 virtual)
18:37:21  504 batches submitted to accumulate stats from 32256 documents (365205 virtual)
18:37:21  505 batches submitted to accumulate stats from 32320 documents (365586 virtual)
18:37:21  506 batches submitted to accumulate stats from 32384 documents (366802 virtual)
18:37:21  507 batches submitted to accumulate stats from 32448 documents (368259 virtual)
18:37:21  508 batches submitted to accumulate stats from 32512 documents (368969 virtual)
18:37:21  509 batches submitted to accumulate stats from 32576 documents (369029 virtual)
18:37:21  510 batches submitted to accumulate stats from 32640 documents (369450 virtual)
18:37:21  511 batches submitted to accumulate stats from 32704 documents (370933 virtual)
18:37:21  512 batches submitted to accumulate stats from 32768 documents (372113 virtual)
18:37:21  513 batches submitted to accumulate stats from 32832 documents (372591 virtual)
18:37:21  514 batches submitted to accumulate stats from 32896 documents (373160 virtual)
18:37:21  515 batches submitted to accumulate stats from 32960 documents (373451 virtual)
18:37:21  516 batches submitted to accumulate stats from 33024 documents (374491 virtual)
18:37:21  517 batches submitted to accumulate stats from 33088 documents (375150 virtual)
18:37:21  518 batches submitted to accumulate stats from 33152 documents (375745 virtual)
18:37:21  519 batches submitted to accumulate stats from 33216 documents (375840 virtual)
18:37:21  520 batches submitted to accumulate stats from 33280 documents (376345 virtual)
18:37:21  521 batches submitted to accumulate stats from 33344 documents (377699 virtual)
18:37:21  522 batches submitted to accumulate stats from 33408 documents (378614 virtual)
18:37:21  523 batches submitted to accumulate stats from 33472 documents (379033 virtual)
18:37:21  524 batches submitted to accumulate stats from 33536 documents (380167 virtual)
18:37:21  525 batches submitted to accumulate stats from 33600 documents (381208 virtual)
18:37:21  527 batches submitted to accumulate stats from 33728 documents (382076 virtual)
18:37:21  528 batches submitted to accumulate stats from 33792 documents (382611 virtual)
18:37:21  529 batches submitted to accumulate stats from 33856 documents (383626 virtual)
18:37:21  530 batches submitted to accumulate stats from 33920 documents (384335 virtual)
18:37:21  532 batches submitted to accumulate stats from 34048 documents (384328 virtual)
18:37:21  533 batches submitted to accumulate stats from 34112 documents (385147 virtual)
18:37:21  534 batches submitted to accumulate stats from 34176 documents (386601 virtual)
18:37:21  535 batches submitted to accumulate stats from 34240 documents (387336 virtual)
18:37:21  536 batches submitted to accumulate stats from 34304 documents (387936 virtual)
18:37:21  537 batches submitted to accumulate stats from 34368 documents (388837 virtual)
18:37:21  538 batches submitted to accumulate stats from 34432 documents (388933 virtual)
18:37:21  539 batches submitted to accumulate stats from 34496 documents (389233 virtual)
18:37:21  541 batches submitted to accumulate stats from 34624 documents (389444 virtual)
18:37:21  544 batches submitted to accumulate stats from 34816 documents (388792 virtual)
18:37:21  545 batches submitted to accumulate stats from 34880 documents (388823 virtual)
18:37:21  546 batches submitted to accumulate stats from 34944 documents (389047 virtual)
18:37:21  553 batches submitted to accumulate stats from 35392 documents (387757 virtual)
18:37:21  554 batches submitted to accumulate stats from 35456 documents (388459 virtual)
18:37:21  555 batches submitted to accumulate stats from 35520 documents (389205 virtual)
18:37:21  560 batches submitted to accumulate stats from 35840 documents (387600 virtual)
18:37:21  561 batches submitted to accumulate stats from 35904 documents (388794 virtual)
18:37:21  562 batches submitted to accumulate stats from 35968 documents (389629 virtual)
18:37:21  563 batches submitted to accumulate stats from 36032 documents (390829 virtual)
18:37:21  564 batches submitted to accumulate stats from 36096 documents (391331 virtual)
18:37:21  565 batches submitted to accumulate stats from 36160 documents (392050 virtual)
18:37:21  566 batches submitted to accumulate stats from 36224 documents (392542 virtual)
18:37:21  567 batches submitted to accumulate stats from 36288 documents (393211 virtual)
18:37:21  568 batches submitted to accumulate stats from 36352 documents (393449 virtual)
18:37:21  569 batches submitted to accumulate stats from 36416 documents (394626 virtual)
18:37:21  570 batches submitted to accumulate stats from 36480 documents (395648 virtual)
18:37:21  571 batches submitted to accumulate stats from 36544 documents (396454 virtual)
18:37:21  572 batches submitted to accumulate stats from 36608 documents (397079 virtual)
18:37:21  573 batches submitted to accumulate stats from 36672 documents (397431 virtual)
18:37:21  574 batches submitted to accumulate stats from 36736 documents (398318 virtual)
18:37:21  575 batches submitted to accumulate stats from 36800 documents (399803 virtual)
18:37:21  576 batches submitted to accumulate stats from 36864 documents (400379 virtual)
18:37:21  578 batches submitted to accumulate stats from 36992 documents (402058 virtual)
18:37:22  579 batches submitted to accumulate stats from 37056 documents (403322 virtual)
18:37:22  582 batches submitted to accumulate stats from 37248 documents (403437 virtual)
18:37:22  583 batches submitted to accumulate stats from 37312 documents (403893 virtual)
18:37:22  584 batches submitted to accumulate stats from 37376 documents (403934 virtual)
18:37:22  585 batches submitted to accumulate stats from 37440 documents (404073 virtual)
18:37:22  586 batches submitted to accumulate stats from 37504 documents (404640 virtual)
18:37:22  587 batches submitted to accumulate stats from 37568 documents (405495 virtual)
18:37:22  588 batches submitted to accumulate stats from 37632 documents (406369 virtual)
18:37:22  589 batches submitted to accumulate stats from 37696 documents (406673 virtual)
18:37:22  590 batches submitted to accumulate stats from 37760 documents (407564 virtual)
18:37:22  591 batches submitted to accumulate stats from 37824 documents (408447 virtual)
18:37:22  592 batches submitted to accumulate stats from 37888 documents (408712 virtual)
18:37:22  593 batches submitted to accumulate stats from 37952 documents (409498 virtual)
18:37:22  594 batches submitted to accumulate stats from 38016 documents (410610 virtual)
18:37:22  595 batches submitted to accumulate stats from 38080 documents (410961 virtual)
18:37:22  596 batches submitted to accumulate stats from 38144 documents (411260 virtual)
18:37:22  597 batches submitted to accumulate stats from 38208 documents (411480 virtual)
18:37:22  598 batches submitted to accumulate stats from 38272 documents (412476 virtual)
18:37:22  599 batches submitted to accumulate stats from 38336 documents (412630 virtual)
18:37:22  600 batches submitted to accumulate stats from 38400 documents (413059 virtual)
18:37:22  601 batches submitted to accumulate stats from 38464 documents (414801 virtual)
18:37:22  602 batches submitted to accumulate stats from 38528 documents (415375 virtual)
18:37:22  603 batches submitted to accumulate stats from 38592 documents (415653 virtual)
18:37:22  605 batches submitted to accumulate stats from 38720 documents (415772 virtual)
18:37:22  606 batches submitted to accumulate stats from 38784 documents (416124 virtual)
18:37:22  608 batches submitted to accumulate stats from 38912 documents (416863 virtual)
18:37:22  609 batches submitted to accumulate stats from 38976 documents (417214 virtual)
18:37:22  615 batches submitted to accumulate stats from 39360 documents (415734 virtual)
18:37:22  619 batches submitted to accumulate stats from 39616 documents (414885 virtual)
18:37:22  620 batches submitted to accumulate stats from 39680 documents (415102 virtual)
18:37:22  621 batches submitted to accumulate stats from 39744 documents (416262 virtual)
18:37:22  622 batches submitted to accumulate stats from 39808 documents (416400 virtual)
18:37:22  635 batches submitted to accumulate stats from 40640 documents (406111 virtual)
18:37:22  636 batches submitted to accumulate stats from 40704 documents (406224 virtual)
18:37:22  637 batches submitted to accumulate stats from 40768 documents (406892 virtual)
18:37:22  639 batches submitted to accumulate stats from 40896 documents (406947 virtual)
18:37:22  641 batches submitted to accumulate stats from 41024 documents (407057 virtual)
18:37:22  serializing accumulator to return to master...
18:37:22  accumulator serialized
18:37:22  serializing accumulator to return to master...
18:37:22  accumulator serialized
18:37:22  serializing accumulator to return to master...
18:37:22  accumulator serialized
18:37:22  serializing accumulator to return to master...
18:37:22  accumulator serialized
18:37:22  serializing accumulator to return to master...
18:37:22  accumulator serialized
18:37:22  serializing accumulator to return to master...
18:37:22  accumulator serialized
18:37:22  serializing accumulator to return to master...
18:37:22  serializing accumulator to return to master...
18:37:22  accumulator serialized
18:37:22  accumulator serialized
18:37:22  serializing accumulator to return to master...
18:37:22  accumulator serialized
18:37:22  9 accumulators retrieved from output queue
18:37:22  accumulated word occurrence stats for 852672 virtual documents
18:37:23       Topics=67  Coherence=0.6732  Diversity=0.7821  Outliers=39.2%  Score=0.3200
18:37:23    [5/5] Testing: {'min_cluster_size': 50, 'n_neighbors': 20, 'n_components': 5}
18:37:23  Use pytorch device_name: mps
18:37:23  Load pretrained SentenceTransformer: all-MiniLM-L6-v2
18:37:23  HTTP Request: HEAD https://huggingface.co/sentence-transformers/all-MiniLM-L6-v2/resolve/main/modules.json "HTTP/1.1 307 Temporary Redirect"
18:37:23  HTTP Request: HEAD https://huggingface.co/api/resolve-cache/models/sentence-transformers/all-MiniLM-L6-v2/c9745ed1d9f207416be6d2e6f8de32d1f16199bf/modules.json "HTTP/1.1 200 OK"
18:37:23  HTTP Request: HEAD https://huggingface.co/sentence-transformers/all-MiniLM-L6-v2/resolve/main/config_sentence_transformers.json "HTTP/1.1 307 Temporary Redirect"
18:37:23  HTTP Request: HEAD https://huggingface.co/api/resolve-cache/models/sentence-transformers/all-MiniLM-L6-v2/c9745ed1d9f207416be6d2e6f8de32d1f16199bf/config_sentence_transformers.json "HTTP/1.1 200 OK"
18:37:23  HTTP Request: HEAD https://huggingface.co/sentence-transformers/all-MiniLM-L6-v2/resolve/main/config_sentence_transformers.json "HTTP/1.1 307 Temporary Redirect"
18:37:23  HTTP Request: HEAD https://huggingface.co/api/resolve-cache/models/sentence-transformers/all-MiniLM-L6-v2/c9745ed1d9f207416be6d2e6f8de32d1f16199bf/config_sentence_transformers.json "HTTP/1.1 200 OK"
18:37:23  HTTP Request: HEAD https://huggingface.co/sentence-transformers/all-MiniLM-L6-v2/resolve/main/README.md "HTTP/1.1 307 Temporary Redirect"
18:37:23  HTTP Request: HEAD https://huggingface.co/api/resolve-cache/models/sentence-transformers/all-MiniLM-L6-v2/c9745ed1d9f207416be6d2e6f8de32d1f16199bf/README.md "HTTP/1.1 200 OK"
18:37:23  HTTP Request: HEAD https://huggingface.co/sentence-transformers/all-MiniLM-L6-v2/resolve/main/modules.json "HTTP/1.1 307 Temporary Redirect"
18:37:23  HTTP Request: HEAD https://huggingface.co/api/resolve-cache/models/sentence-transformers/all-MiniLM-L6-v2/c9745ed1d9f207416be6d2e6f8de32d1f16199bf/modules.json "HTTP/1.1 200 OK"
18:37:23  HTTP Request: HEAD https://huggingface.co/sentence-transformers/all-MiniLM-L6-v2/resolve/main/sentence_bert_config.json "HTTP/1.1 307 Temporary Redirect"
18:37:23  HTTP Request: HEAD https://huggingface.co/api/resolve-cache/models/sentence-transformers/all-MiniLM-L6-v2/c9745ed1d9f207416be6d2e6f8de32d1f16199bf/sentence_bert_config.json "HTTP/1.1 200 OK"
18:37:23  HTTP Request: HEAD https://huggingface.co/sentence-transformers/all-MiniLM-L6-v2/resolve/main/adapter_config.json "HTTP/1.1 404 Not Found"
18:37:23  HTTP Request: HEAD https://huggingface.co/sentence-transformers/all-MiniLM-L6-v2/resolve/main/config.json "HTTP/1.1 307 Temporary Redirect"
18:37:23  HTTP Request: HEAD https://huggingface.co/api/resolve-cache/models/sentence-transformers/all-MiniLM-L6-v2/c9745ed1d9f207416be6d2e6f8de32d1f16199bf/config.json "HTTP/1.1 200 OK"
18:37:23  HTTP Request: HEAD https://huggingface.co/sentence-transformers/all-MiniLM-L6-v2/resolve/main/config.json "HTTP/1.1 307 Temporary Redirect"
18:37:23  HTTP Request: HEAD https://huggingface.co/api/resolve-cache/models/sentence-transformers/all-MiniLM-L6-v2/c9745ed1d9f207416be6d2e6f8de32d1f16199bf/config.json "HTTP/1.1 200 OK"
18:37:23  HTTP Request: HEAD https://huggingface.co/sentence-transformers/all-MiniLM-L6-v2/resolve/main/tokenizer_config.json "HTTP/1.1 307 Temporary Redirect"
18:37:23  HTTP Request: HEAD https://huggingface.co/api/resolve-cache/models/sentence-transformers/all-MiniLM-L6-v2/c9745ed1d9f207416be6d2e6f8de32d1f16199bf/tokenizer_config.json "HTTP/1.1 200 OK"
18:37:23  HTTP Request: GET https://huggingface.co/api/models/sentence-transformers/all-MiniLM-L6-v2/tree/main/additional_chat_templates?recursive=false&expand=false "HTTP/1.1 404 Not Found"
18:37:23  HTTP Request: GET https://huggingface.co/api/models/sentence-transformers/all-MiniLM-L6-v2/tree/main?recursive=true&expand=false "HTTP/1.1 200 OK"
18:37:24  HTTP Request: HEAD https://huggingface.co/sentence-transformers/all-MiniLM-L6-v2/resolve/main/1_Pooling/config.json "HTTP/1.1 307 Temporary Redirect"
18:37:24  HTTP Request: HEAD https://huggingface.co/api/resolve-cache/models/sentence-transformers/all-MiniLM-L6-v2/c9745ed1d9f207416be6d2e6f8de32d1f16199bf/1_Pooling%2Fconfig.json "HTTP/1.1 200 OK"
18:37:24  HTTP Request: GET https://huggingface.co/api/models/sentence-transformers/all-MiniLM-L6-v2 "HTTP/1.1 200 OK"
18:43:52  adding document #0 to Dictionary<0 unique tokens: []>
18:43:52  adding document #10000 to Dictionary<34442 unique tokens: ['according', 'advantage', 'appearing', 'arabia', 'argumentation']...>
18:43:53  adding document #20000 to Dictionary<46917 unique tokens: ['according', 'advantage', 'appearing', 'arabia', 'argumentation']...>
18:43:53  adding document #30000 to Dictionary<56344 unique tokens: ['according', 'advantage', 'appearing', 'arabia', 'argumentation']...>
18:43:54  adding document #40000 to Dictionary<65211 unique tokens: ['according', 'advantage', 'appearing', 'arabia', 'argumentation']...>
18:43:54  built Dictionary<66148 unique tokens: ['according', 'advantage', 'appearing', 'arabia', 'argumentation']...> from 41067 documents (total 4882872 corpus positions)
18:43:54  Dictionary lifecycle event {'msg': "built Dictionary<66148 unique tokens: ['according', 'advantage', 'appearing', 'arabia', 'argumentation']...> from 41067 documents (total 4882872 corpus positions)", 'datetime': '2026-03-29T18:43:54.178720', 'gensim': '4.4.0', 'python': '3.11.14 (main, Oct  9 2025, 16:16:55) [Clang 17.0.0 (clang-1700.6.3.2)]', 'platform': 'macOS-26.2-arm64-arm-64bit', 'event': 'created'}
18:43:55  using ParallelWordOccurrenceAccumulator<processes=9, batch_size=64> to estimate probabilities from sliding windows
18:44:46  1 batches submitted to accumulate stats from 64 documents (155 virtual)
18:44:46  2 batches submitted to accumulate stats from 128 documents (776 virtual)
18:44:46  3 batches submitted to accumulate stats from 192 documents (1759 virtual)
18:44:46  4 batches submitted to accumulate stats from 256 documents (2493 virtual)
18:44:46  5 batches submitted to accumulate stats from 320 documents (3120 virtual)
18:44:46  6 batches submitted to accumulate stats from 384 documents (3949 virtual)
18:44:46  7 batches submitted to accumulate stats from 448 documents (4286 virtual)
18:44:46  8 batches submitted to accumulate stats from 512 documents (4673 virtual)
18:44:46  9 batches submitted to accumulate stats from 576 documents (5429 virtual)
18:44:46  10 batches submitted to accumulate stats from 640 documents (6270 virtual)
18:44:46  11 batches submitted to accumulate stats from 704 documents (6955 virtual)
18:44:46  12 batches submitted to accumulate stats from 768 documents (8328 virtual)
18:44:46  13 batches submitted to accumulate stats from 832 documents (8374 virtual)
18:44:46  14 batches submitted to accumulate stats from 896 documents (9079 virtual)
18:44:46  15 batches submitted to accumulate stats from 960 documents (9917 virtual)
18:44:46  16 batches submitted to accumulate stats from 1024 documents (10247 virtual)
18:44:46  17 batches submitted to accumulate stats from 1088 documents (10504 virtual)
18:44:46  18 batches submitted to accumulate stats from 1152 documents (11222 virtual)
18:44:46  19 batches submitted to accumulate stats from 1216 documents (11593 virtual)
18:44:46  20 batches submitted to accumulate stats from 1280 documents (12682 virtual)
18:44:46  21 batches submitted to accumulate stats from 1344 documents (13255 virtual)
18:44:46  22 batches submitted to accumulate stats from 1408 documents (13574 virtual)
18:44:46  23 batches submitted to accumulate stats from 1472 documents (13694 virtual)
18:44:46  25 batches submitted to accumulate stats from 1600 documents (13684 virtual)
18:44:46  26 batches submitted to accumulate stats from 1664 documents (14140 virtual)
18:44:46  28 batches submitted to accumulate stats from 1792 documents (13946 virtual)
18:44:46  30 batches submitted to accumulate stats from 1920 documents (14856 virtual)
18:44:46  31 batches submitted to accumulate stats from 1984 documents (15110 virtual)
18:44:46  32 batches submitted to accumulate stats from 2048 documents (15249 virtual)
18:44:46  33 batches submitted to accumulate stats from 2112 documents (15873 virtual)
18:44:46  34 batches submitted to accumulate stats from 2176 documents (16218 virtual)
18:44:46  35 batches submitted to accumulate stats from 2240 documents (17039 virtual)
18:44:46  36 batches submitted to accumulate stats from 2304 documents (17680 virtual)
18:44:46  44 batches submitted to accumulate stats from 2816 documents (14502 virtual)
18:44:46  45 batches submitted to accumulate stats from 2880 documents (14697 virtual)
18:44:46  49 batches submitted to accumulate stats from 3136 documents (13981 virtual)
18:44:46  50 batches submitted to accumulate stats from 3200 documents (14549 virtual)
18:44:46  51 batches submitted to accumulate stats from 3264 documents (14633 virtual)
18:44:46  52 batches submitted to accumulate stats from 3328 documents (14704 virtual)
18:44:46  53 batches submitted to accumulate stats from 3392 documents (15109 virtual)
18:44:46  54 batches submitted to accumulate stats from 3456 documents (15264 virtual)
18:44:46  55 batches submitted to accumulate stats from 3520 documents (15712 virtual)
18:44:46  56 batches submitted to accumulate stats from 3584 documents (16520 virtual)
18:44:46  57 batches submitted to accumulate stats from 3648 documents (16963 virtual)
18:44:46  58 batches submitted to accumulate stats from 3712 documents (17668 virtual)
18:44:46  59 batches submitted to accumulate stats from 3776 documents (18005 virtual)
18:44:46  60 batches submitted to accumulate stats from 3840 documents (18331 virtual)
18:44:46  61 batches submitted to accumulate stats from 3904 documents (18680 virtual)
18:44:46  63 batches submitted to accumulate stats from 4032 documents (18832 virtual)
18:44:46  64 batches submitted to accumulate stats from 4096 documents (19350 virtual)
18:44:46  65 batches submitted to accumulate stats from 4160 documents (19645 virtual)
18:44:46  66 batches submitted to accumulate stats from 4224 documents (20590 virtual)
18:44:46  69 batches submitted to accumulate stats from 4416 documents (21246 virtual)
18:44:46  70 batches submitted to accumulate stats from 4480 documents (21747 virtual)
18:44:46  71 batches submitted to accumulate stats from 4544 documents (22027 virtual)
18:44:46  78 batches submitted to accumulate stats from 4992 documents (18311 virtual)
18:44:46  79 batches submitted to accumulate stats from 5056 documents (19080 virtual)
18:44:47  80 batches submitted to accumulate stats from 5120 documents (19275 virtual)
18:44:47  81 batches submitted to accumulate stats from 5184 documents (19457 virtual)
18:44:47  82 batches submitted to accumulate stats from 5248 documents (19593 virtual)
18:44:47  83 batches submitted to accumulate stats from 5312 documents (19808 virtual)
18:44:47  85 batches submitted to accumulate stats from 5440 documents (20057 virtual)
18:44:47  87 batches submitted to accumulate stats from 5568 documents (19921 virtual)
18:44:47  89 batches submitted to accumulate stats from 5696 documents (19999 virtual)
18:44:47  91 batches submitted to accumulate stats from 5824 documents (19955 virtual)
18:44:47  92 batches submitted to accumulate stats from 5888 documents (20515 virtual)
18:44:47  94 batches submitted to accumulate stats from 6016 documents (20663 virtual)
18:44:47  95 batches submitted to accumulate stats from 6080 documents (20770 virtual)
18:44:47  96 batches submitted to accumulate stats from 6144 documents (20997 virtual)
18:44:47  99 batches submitted to accumulate stats from 6336 documents (20024 virtual)
18:44:47  101 batches submitted to accumulate stats from 6464 documents (19433 virtual)
18:44:47  102 batches submitted to accumulate stats from 6528 documents (19940 virtual)
18:44:47  104 batches submitted to accumulate stats from 6656 documents (20080 virtual)
18:44:47  114 batches submitted to accumulate stats from 7296 documents (17820 virtual)
18:44:47  115 batches submitted to accumulate stats from 7360 documents (17880 virtual)
18:44:47  117 batches submitted to accumulate stats from 7488 documents (17639 virtual)
18:44:47  119 batches submitted to accumulate stats from 7616 documents (17887 virtual)
18:44:47  120 batches submitted to accumulate stats from 7680 documents (19171 virtual)
18:44:47  121 batches submitted to accumulate stats from 7744 documents (20462 virtual)
18:44:47  122 batches submitted to accumulate stats from 7808 documents (21918 virtual)
18:44:47  123 batches submitted to accumulate stats from 7872 documents (23857 virtual)
18:44:47  124 batches submitted to accumulate stats from 7936 documents (25881 virtual)
18:44:47  125 batches submitted to accumulate stats from 8000 documents (27358 virtual)
18:44:47  126 batches submitted to accumulate stats from 8064 documents (28726 virtual)
18:44:47  127 batches submitted to accumulate stats from 8128 documents (29911 virtual)
18:44:47  128 batches submitted to accumulate stats from 8192 documents (30119 virtual)
18:44:47  129 batches submitted to accumulate stats from 8256 documents (31758 virtual)
18:44:47  130 batches submitted to accumulate stats from 8320 documents (33977 virtual)
18:44:47  131 batches submitted to accumulate stats from 8384 documents (35267 virtual)
18:44:47  132 batches submitted to accumulate stats from 8448 documents (36891 virtual)
18:44:47  133 batches submitted to accumulate stats from 8512 documents (38492 virtual)
18:44:47  134 batches submitted to accumulate stats from 8576 documents (39213 virtual)
18:44:47  135 batches submitted to accumulate stats from 8640 documents (41012 virtual)
18:44:47  136 batches submitted to accumulate stats from 8704 documents (42338 virtual)
18:44:47  137 batches submitted to accumulate stats from 8768 documents (43947 virtual)
18:44:47  138 batches submitted to accumulate stats from 8832 documents (46062 virtual)
18:44:47  139 batches submitted to accumulate stats from 8896 documents (48217 virtual)
18:44:47  140 batches submitted to accumulate stats from 8960 documents (49797 virtual)
18:44:47  141 batches submitted to accumulate stats from 9024 documents (51919 virtual)
18:44:47  142 batches submitted to accumulate stats from 9088 documents (53928 virtual)
18:44:47  143 batches submitted to accumulate stats from 9152 documents (55364 virtual)
18:44:47  144 batches submitted to accumulate stats from 9216 documents (57161 virtual)
18:44:47  145 batches submitted to accumulate stats from 9280 documents (59135 virtual)
18:44:47  146 batches submitted to accumulate stats from 9344 documents (61008 virtual)
18:44:47  147 batches submitted to accumulate stats from 9408 documents (62151 virtual)
18:44:47  148 batches submitted to accumulate stats from 9472 documents (63433 virtual)
18:44:47  149 batches submitted to accumulate stats from 9536 documents (64825 virtual)
18:44:47  150 batches submitted to accumulate stats from 9600 documents (66627 virtual)
18:44:47  151 batches submitted to accumulate stats from 9664 documents (67862 virtual)
18:44:47  152 batches submitted to accumulate stats from 9728 documents (69514 virtual)
18:44:47  153 batches submitted to accumulate stats from 9792 documents (71449 virtual)
18:44:47  154 batches submitted to accumulate stats from 9856 documents (73566 virtual)
18:44:47  155 batches submitted to accumulate stats from 9920 documents (75717 virtual)
18:44:47  156 batches submitted to accumulate stats from 9984 documents (77466 virtual)
18:44:47  157 batches submitted to accumulate stats from 10048 documents (79507 virtual)
18:44:47  158 batches submitted to accumulate stats from 10112 documents (81531 virtual)
18:44:47  159 batches submitted to accumulate stats from 10176 documents (83129 virtual)
18:44:47  160 batches submitted to accumulate stats from 10240 documents (84945 virtual)
18:44:47  161 batches submitted to accumulate stats from 10304 documents (86961 virtual)
18:44:47  162 batches submitted to accumulate stats from 10368 documents (88684 virtual)
18:44:47  163 batches submitted to accumulate stats from 10432 documents (90348 virtual)
18:44:47  164 batches submitted to accumulate stats from 10496 documents (92390 virtual)
18:44:47  165 batches submitted to accumulate stats from 10560 documents (94905 virtual)
18:44:47  166 batches submitted to accumulate stats from 10624 documents (96830 virtual)
18:44:47  167 batches submitted to accumulate stats from 10688 documents (98524 virtual)
18:44:47  168 batches submitted to accumulate stats from 10752 documents (99871 virtual)
18:44:47  169 batches submitted to accumulate stats from 10816 documents (101508 virtual)
18:44:47  170 batches submitted to accumulate stats from 10880 documents (102961 virtual)
18:44:47  171 batches submitted to accumulate stats from 10944 documents (104239 virtual)
18:44:47  172 batches submitted to accumulate stats from 11008 documents (106007 virtual)
18:44:47  173 batches submitted to accumulate stats from 11072 documents (108383 virtual)
18:44:47  174 batches submitted to accumulate stats from 11136 documents (109382 virtual)
18:44:47  175 batches submitted to accumulate stats from 11200 documents (110636 virtual)
18:44:47  176 batches submitted to accumulate stats from 11264 documents (110779 virtual)
18:44:47  177 batches submitted to accumulate stats from 11328 documents (111654 virtual)
18:44:47  178 batches submitted to accumulate stats from 11392 documents (112798 virtual)
18:44:47  179 batches submitted to accumulate stats from 11456 documents (113392 virtual)
18:44:47  180 batches submitted to accumulate stats from 11520 documents (114923 virtual)
18:44:47  181 batches submitted to accumulate stats from 11584 documents (117003 virtual)
18:44:47  182 batches submitted to accumulate stats from 11648 documents (117732 virtual)
18:44:47  183 batches submitted to accumulate stats from 11712 documents (119484 virtual)
18:44:47  184 batches submitted to accumulate stats from 11776 documents (120583 virtual)
18:44:47  185 batches submitted to accumulate stats from 11840 documents (121595 virtual)
18:44:47  186 batches submitted to accumulate stats from 11904 documents (122257 virtual)
18:44:47  187 batches submitted to accumulate stats from 11968 documents (123065 virtual)
18:44:47  188 batches submitted to accumulate stats from 12032 documents (124080 virtual)
18:44:47  189 batches submitted to accumulate stats from 12096 documents (125621 virtual)
18:44:48  190 batches submitted to accumulate stats from 12160 documents (125927 virtual)
18:44:48  191 batches submitted to accumulate stats from 12224 documents (126310 virtual)
18:44:48  192 batches submitted to accumulate stats from 12288 documents (127395 virtual)
18:44:48  193 batches submitted to accumulate stats from 12352 documents (128754 virtual)
18:44:48  194 batches submitted to accumulate stats from 12416 documents (130470 virtual)
18:44:48  195 batches submitted to accumulate stats from 12480 documents (132211 virtual)
18:44:48  196 batches submitted to accumulate stats from 12544 documents (133256 virtual)
18:44:48  197 batches submitted to accumulate stats from 12608 documents (134215 virtual)
18:44:48  198 batches submitted to accumulate stats from 12672 documents (135011 virtual)
18:44:48  199 batches submitted to accumulate stats from 12736 documents (135371 virtual)
18:44:48  200 batches submitted to accumulate stats from 12800 documents (136235 virtual)
18:44:48  201 batches submitted to accumulate stats from 12864 documents (137090 virtual)
18:44:48  202 batches submitted to accumulate stats from 12928 documents (138054 virtual)
18:44:48  203 batches submitted to accumulate stats from 12992 documents (139079 virtual)
18:44:48  204 batches submitted to accumulate stats from 13056 documents (141200 virtual)
18:44:48  205 batches submitted to accumulate stats from 13120 documents (142240 virtual)
18:44:48  206 batches submitted to accumulate stats from 13184 documents (143688 virtual)
18:44:48  207 batches submitted to accumulate stats from 13248 documents (144883 virtual)
18:44:48  208 batches submitted to accumulate stats from 13312 documents (145674 virtual)
18:44:48  209 batches submitted to accumulate stats from 13376 documents (146981 virtual)
18:44:48  210 batches submitted to accumulate stats from 13440 documents (147627 virtual)
18:44:48  211 batches submitted to accumulate stats from 13504 documents (148038 virtual)
18:44:48  212 batches submitted to accumulate stats from 13568 documents (149025 virtual)
18:44:48  213 batches submitted to accumulate stats from 13632 documents (150189 virtual)
18:44:48  214 batches submitted to accumulate stats from 13696 documents (151439 virtual)
18:44:48  215 batches submitted to accumulate stats from 13760 documents (152520 virtual)
18:44:48  216 batches submitted to accumulate stats from 13824 documents (153315 virtual)
18:44:48  217 batches submitted to accumulate stats from 13888 documents (154364 virtual)
18:44:48  218 batches submitted to accumulate stats from 13952 documents (155262 virtual)
18:44:48  219 batches submitted to accumulate stats from 14016 documents (156054 virtual)
18:44:48  220 batches submitted to accumulate stats from 14080 documents (156986 virtual)
18:44:48  221 batches submitted to accumulate stats from 14144 documents (157645 virtual)
18:44:48  222 batches submitted to accumulate stats from 14208 documents (158752 virtual)
18:44:48  223 batches submitted to accumulate stats from 14272 documents (159961 virtual)
18:44:48  224 batches submitted to accumulate stats from 14336 documents (160583 virtual)
18:44:48  225 batches submitted to accumulate stats from 14400 documents (162031 virtual)
18:44:48  226 batches submitted to accumulate stats from 14464 documents (163081 virtual)
18:44:48  227 batches submitted to accumulate stats from 14528 documents (163987 virtual)
18:44:48  228 batches submitted to accumulate stats from 14592 documents (164599 virtual)
18:44:48  229 batches submitted to accumulate stats from 14656 documents (166003 virtual)
18:44:48  230 batches submitted to accumulate stats from 14720 documents (167082 virtual)
18:44:48  231 batches submitted to accumulate stats from 14784 documents (167926 virtual)
18:44:48  232 batches submitted to accumulate stats from 14848 documents (168389 virtual)
18:44:48  233 batches submitted to accumulate stats from 14912 documents (169479 virtual)
18:44:48  234 batches submitted to accumulate stats from 14976 documents (171362 virtual)
18:44:48  235 batches submitted to accumulate stats from 15040 documents (172311 virtual)
18:44:48  236 batches submitted to accumulate stats from 15104 documents (173019 virtual)
18:44:48  237 batches submitted to accumulate stats from 15168 documents (174461 virtual)
18:44:48  238 batches submitted to accumulate stats from 15232 documents (174914 virtual)
18:44:48  239 batches submitted to accumulate stats from 15296 documents (176192 virtual)
18:44:48  240 batches submitted to accumulate stats from 15360 documents (176409 virtual)
18:44:48  241 batches submitted to accumulate stats from 15424 documents (177525 virtual)
18:44:48  242 batches submitted to accumulate stats from 15488 documents (179115 virtual)
18:44:48  243 batches submitted to accumulate stats from 15552 documents (180241 virtual)
18:44:48  244 batches submitted to accumulate stats from 15616 documents (180917 virtual)
18:44:48  245 batches submitted to accumulate stats from 15680 documents (182402 virtual)
18:44:48  246 batches submitted to accumulate stats from 15744 documents (183920 virtual)
18:44:48  247 batches submitted to accumulate stats from 15808 documents (184895 virtual)
18:44:48  248 batches submitted to accumulate stats from 15872 documents (185153 virtual)
18:44:48  249 batches submitted to accumulate stats from 15936 documents (185885 virtual)
18:44:48  250 batches submitted to accumulate stats from 16000 documents (185993 virtual)
18:44:48  251 batches submitted to accumulate stats from 16064 documents (186120 virtual)
18:44:48  252 batches submitted to accumulate stats from 16128 documents (186443 virtual)
18:44:48  253 batches submitted to accumulate stats from 16192 documents (187178 virtual)
18:44:48  254 batches submitted to accumulate stats from 16256 documents (188771 virtual)
18:44:48  255 batches submitted to accumulate stats from 16320 documents (189922 virtual)
18:44:48  256 batches submitted to accumulate stats from 16384 documents (191219 virtual)
18:44:48  257 batches submitted to accumulate stats from 16448 documents (193144 virtual)
18:44:48  258 batches submitted to accumulate stats from 16512 documents (194602 virtual)
18:44:48  259 batches submitted to accumulate stats from 16576 documents (195604 virtual)
18:44:48  260 batches submitted to accumulate stats from 16640 documents (195802 virtual)
18:44:48  262 batches submitted to accumulate stats from 16768 documents (196972 virtual)
18:44:48  263 batches submitted to accumulate stats from 16832 documents (198565 virtual)
18:44:48  264 batches submitted to accumulate stats from 16896 documents (199870 virtual)
18:44:48  266 batches submitted to accumulate stats from 17024 documents (200837 virtual)
18:44:48  267 batches submitted to accumulate stats from 17088 documents (201136 virtual)
18:44:48  268 batches submitted to accumulate stats from 17152 documents (201435 virtual)
18:44:48  270 batches submitted to accumulate stats from 17280 documents (201942 virtual)
18:44:48  271 batches submitted to accumulate stats from 17344 documents (202399 virtual)
18:44:48  272 batches submitted to accumulate stats from 17408 documents (203379 virtual)
18:44:48  273 batches submitted to accumulate stats from 17472 documents (204229 virtual)
18:44:48  274 batches submitted to accumulate stats from 17536 documents (204471 virtual)
18:44:48  275 batches submitted to accumulate stats from 17600 documents (205039 virtual)
18:44:48  276 batches submitted to accumulate stats from 17664 documents (205112 virtual)
18:44:48  277 batches submitted to accumulate stats from 17728 documents (205552 virtual)
18:44:48  280 batches submitted to accumulate stats from 17920 documents (206081 virtual)
18:44:48  281 batches submitted to accumulate stats from 17984 documents (207517 virtual)
18:44:48  282 batches submitted to accumulate stats from 18048 documents (208618 virtual)
18:44:48  283 batches submitted to accumulate stats from 18112 documents (209835 virtual)
18:44:48  284 batches submitted to accumulate stats from 18176 documents (211265 virtual)
18:44:48  285 batches submitted to accumulate stats from 18240 documents (211709 virtual)
18:44:48  286 batches submitted to accumulate stats from 18304 documents (212626 virtual)
18:44:48  287 batches submitted to accumulate stats from 18368 documents (213228 virtual)
18:44:48  288 batches submitted to accumulate stats from 18432 documents (214908 virtual)
18:44:48  289 batches submitted to accumulate stats from 18496 documents (215882 virtual)
18:44:48  290 batches submitted to accumulate stats from 18560 documents (216188 virtual)
18:44:48  291 batches submitted to accumulate stats from 18624 documents (217290 virtual)
18:44:48  292 batches submitted to accumulate stats from 18688 documents (217991 virtual)
18:44:48  293 batches submitted to accumulate stats from 18752 documents (218861 virtual)
18:44:48  295 batches submitted to accumulate stats from 18880 documents (219497 virtual)
18:44:48  296 batches submitted to accumulate stats from 18944 documents (219518 virtual)
18:44:49  298 batches submitted to accumulate stats from 19072 documents (220095 virtual)
18:44:49  299 batches submitted to accumulate stats from 19136 documents (220619 virtual)
18:44:49  300 batches submitted to accumulate stats from 19200 documents (220793 virtual)
18:44:49  301 batches submitted to accumulate stats from 19264 documents (221805 virtual)
18:44:49  302 batches submitted to accumulate stats from 19328 documents (222301 virtual)
18:44:49  303 batches submitted to accumulate stats from 19392 documents (223752 virtual)
18:44:49  305 batches submitted to accumulate stats from 19520 documents (224189 virtual)
18:44:49  306 batches submitted to accumulate stats from 19584 documents (225912 virtual)
18:44:49  307 batches submitted to accumulate stats from 19648 documents (226451 virtual)
18:44:49  308 batches submitted to accumulate stats from 19712 documents (226827 virtual)
18:44:49  309 batches submitted to accumulate stats from 19776 documents (227068 virtual)
18:44:49  310 batches submitted to accumulate stats from 19840 documents (227416 virtual)
18:44:49  311 batches submitted to accumulate stats from 19904 documents (227881 virtual)
18:44:49  312 batches submitted to accumulate stats from 19968 documents (228226 virtual)
18:44:49  313 batches submitted to accumulate stats from 20032 documents (228607 virtual)
18:44:49  314 batches submitted to accumulate stats from 20096 documents (229035 virtual)
18:44:49  315 batches submitted to accumulate stats from 20160 documents (229477 virtual)
18:44:49  317 batches submitted to accumulate stats from 20288 documents (229299 virtual)
18:44:49  318 batches submitted to accumulate stats from 20352 documents (229764 virtual)
18:44:49  319 batches submitted to accumulate stats from 20416 documents (230090 virtual)
18:44:49  320 batches submitted to accumulate stats from 20480 documents (230729 virtual)
18:44:49  321 batches submitted to accumulate stats from 20544 documents (231178 virtual)
18:44:49  322 batches submitted to accumulate stats from 20608 documents (231650 virtual)
18:44:49  325 batches submitted to accumulate stats from 20800 documents (231647 virtual)
18:44:49  326 batches submitted to accumulate stats from 20864 documents (232126 virtual)
18:44:49  328 batches submitted to accumulate stats from 20992 documents (232637 virtual)
18:44:49  329 batches submitted to accumulate stats from 21056 documents (232662 virtual)
18:44:49  330 batches submitted to accumulate stats from 21120 documents (232682 virtual)
18:44:49  331 batches submitted to accumulate stats from 21184 documents (233011 virtual)
18:44:49  332 batches submitted to accumulate stats from 21248 documents (234397 virtual)
18:44:49  333 batches submitted to accumulate stats from 21312 documents (235313 virtual)
18:44:49  334 batches submitted to accumulate stats from 21376 documents (236278 virtual)
18:44:49  335 batches submitted to accumulate stats from 21440 documents (237329 virtual)
18:44:49  336 batches submitted to accumulate stats from 21504 documents (238963 virtual)
18:44:49  337 batches submitted to accumulate stats from 21568 documents (240437 virtual)
18:44:49  338 batches submitted to accumulate stats from 21632 documents (241964 virtual)
18:44:49  339 batches submitted to accumulate stats from 21696 documents (243508 virtual)
18:44:49  340 batches submitted to accumulate stats from 21760 documents (244484 virtual)
18:44:49  341 batches submitted to accumulate stats from 21824 documents (245586 virtual)
18:44:49  342 batches submitted to accumulate stats from 21888 documents (245933 virtual)
18:44:49  343 batches submitted to accumulate stats from 21952 documents (247299 virtual)
18:44:49  344 batches submitted to accumulate stats from 22016 documents (248636 virtual)
18:44:49  345 batches submitted to accumulate stats from 22080 documents (249890 virtual)
18:44:49  346 batches submitted to accumulate stats from 22144 documents (250923 virtual)
18:44:49  347 batches submitted to accumulate stats from 22208 documents (251927 virtual)
18:44:49  348 batches submitted to accumulate stats from 22272 documents (252993 virtual)
18:44:49  349 batches submitted to accumulate stats from 22336 documents (254541 virtual)
18:44:49  350 batches submitted to accumulate stats from 22400 documents (256686 virtual)
18:44:49  351 batches submitted to accumulate stats from 22464 documents (258061 virtual)
18:44:49  352 batches submitted to accumulate stats from 22528 documents (259435 virtual)
18:44:49  353 batches submitted to accumulate stats from 22592 documents (260552 virtual)
18:44:49  354 batches submitted to accumulate stats from 22656 documents (262610 virtual)
18:44:49  355 batches submitted to accumulate stats from 22720 documents (263745 virtual)
18:44:49  356 batches submitted to accumulate stats from 22784 documents (265022 virtual)
18:44:49  357 batches submitted to accumulate stats from 22848 documents (266435 virtual)
18:44:49  358 batches submitted to accumulate stats from 22912 documents (267685 virtual)
18:44:49  359 batches submitted to accumulate stats from 22976 documents (268423 virtual)
18:44:49  360 batches submitted to accumulate stats from 23040 documents (269486 virtual)
18:44:49  361 batches submitted to accumulate stats from 23104 documents (271430 virtual)
18:44:49  362 batches submitted to accumulate stats from 23168 documents (272328 virtual)
18:44:49  363 batches submitted to accumulate stats from 23232 documents (273691 virtual)
18:44:49  364 batches submitted to accumulate stats from 23296 documents (274943 virtual)
18:44:49  365 batches submitted to accumulate stats from 23360 documents (275128 virtual)
18:44:49  366 batches submitted to accumulate stats from 23424 documents (276443 virtual)
18:44:49  367 batches submitted to accumulate stats from 23488 documents (277300 virtual)
18:44:49  368 batches submitted to accumulate stats from 23552 documents (277599 virtual)
18:44:49  369 batches submitted to accumulate stats from 23616 documents (279033 virtual)
18:44:49  370 batches submitted to accumulate stats from 23680 documents (280125 virtual)
18:44:49  371 batches submitted to accumulate stats from 23744 documents (281427 virtual)
18:44:49  372 batches submitted to accumulate stats from 23808 documents (282902 virtual)
18:44:49  373 batches submitted to accumulate stats from 23872 documents (283507 virtual)
18:44:49  374 batches submitted to accumulate stats from 23936 documents (283771 virtual)
18:44:49  375 batches submitted to accumulate stats from 24000 documents (285566 virtual)
18:44:49  376 batches submitted to accumulate stats from 24064 documents (287508 virtual)
18:44:49  377 batches submitted to accumulate stats from 24128 documents (288298 virtual)
18:44:49  378 batches submitted to accumulate stats from 24192 documents (288806 virtual)
18:44:49  379 batches submitted to accumulate stats from 24256 documents (290190 virtual)
18:44:49  380 batches submitted to accumulate stats from 24320 documents (290760 virtual)
18:44:49  381 batches submitted to accumulate stats from 24384 documents (291162 virtual)
18:44:49  382 batches submitted to accumulate stats from 24448 documents (291729 virtual)
18:44:49  383 batches submitted to accumulate stats from 24512 documents (292194 virtual)
18:44:49  384 batches submitted to accumulate stats from 24576 documents (293099 virtual)
18:44:49  385 batches submitted to accumulate stats from 24640 documents (293948 virtual)
18:44:49  386 batches submitted to accumulate stats from 24704 documents (295090 virtual)
18:44:49  387 batches submitted to accumulate stats from 24768 documents (296840 virtual)
18:44:49  388 batches submitted to accumulate stats from 24832 documents (297330 virtual)
18:44:49  389 batches submitted to accumulate stats from 24896 documents (297790 virtual)
18:44:49  390 batches submitted to accumulate stats from 24960 documents (298494 virtual)
18:44:49  391 batches submitted to accumulate stats from 25024 documents (299618 virtual)
18:44:49  392 batches submitted to accumulate stats from 25088 documents (300063 virtual)
18:44:49  393 batches submitted to accumulate stats from 25152 documents (301432 virtual)
18:44:49  394 batches submitted to accumulate stats from 25216 documents (302246 virtual)
18:44:49  395 batches submitted to accumulate stats from 25280 documents (302503 virtual)
18:44:49  396 batches submitted to accumulate stats from 25344 documents (303055 virtual)
18:44:49  397 batches submitted to accumulate stats from 25408 documents (304411 virtual)
18:44:49  398 batches submitted to accumulate stats from 25472 documents (305347 virtual)
18:44:49  399 batches submitted to accumulate stats from 25536 documents (305616 virtual)
18:44:49  400 batches submitted to accumulate stats from 25600 documents (306702 virtual)
18:44:49  401 batches submitted to accumulate stats from 25664 documents (307110 virtual)
18:44:49  402 batches submitted to accumulate stats from 25728 documents (307910 virtual)
18:44:49  403 batches submitted to accumulate stats from 25792 documents (308604 virtual)
18:44:49  404 batches submitted to accumulate stats from 25856 documents (308702 virtual)
18:44:49  405 batches submitted to accumulate stats from 25920 documents (309326 virtual)
18:44:49  406 batches submitted to accumulate stats from 25984 documents (310839 virtual)
18:44:49  407 batches submitted to accumulate stats from 26048 documents (311764 virtual)
18:44:50  408 batches submitted to accumulate stats from 26112 documents (312649 virtual)
18:44:50  409 batches submitted to accumulate stats from 26176 documents (313279 virtual)
18:44:50  410 batches submitted to accumulate stats from 26240 documents (313688 virtual)
18:44:50  411 batches submitted to accumulate stats from 26304 documents (314356 virtual)
18:44:50  412 batches submitted to accumulate stats from 26368 documents (315581 virtual)
18:44:50  413 batches submitted to accumulate stats from 26432 documents (316291 virtual)
18:44:50  414 batches submitted to accumulate stats from 26496 documents (317448 virtual)
18:44:50  415 batches submitted to accumulate stats from 26560 documents (318418 virtual)
18:44:50  416 batches submitted to accumulate stats from 26624 documents (319082 virtual)
18:44:50  417 batches submitted to accumulate stats from 26688 documents (319442 virtual)
18:44:50  418 batches submitted to accumulate stats from 26752 documents (320258 virtual)
18:44:50  419 batches submitted to accumulate stats from 26816 documents (321195 virtual)
18:44:50  420 batches submitted to accumulate stats from 26880 documents (322692 virtual)
18:44:50  421 batches submitted to accumulate stats from 26944 documents (323529 virtual)
18:44:50  422 batches submitted to accumulate stats from 27008 documents (323588 virtual)
18:44:50  423 batches submitted to accumulate stats from 27072 documents (324363 virtual)
18:44:50  424 batches submitted to accumulate stats from 27136 documents (324745 virtual)
18:44:50  425 batches submitted to accumulate stats from 27200 documents (325134 virtual)
18:44:50  426 batches submitted to accumulate stats from 27264 documents (326512 virtual)
18:44:50  427 batches submitted to accumulate stats from 27328 documents (327479 virtual)
18:44:50  428 batches submitted to accumulate stats from 27392 documents (328133 virtual)
18:44:50  430 batches submitted to accumulate stats from 27520 documents (328985 virtual)
18:44:50  431 batches submitted to accumulate stats from 27584 documents (330233 virtual)
18:44:50  432 batches submitted to accumulate stats from 27648 documents (330698 virtual)
18:44:50  433 batches submitted to accumulate stats from 27712 documents (330885 virtual)
18:44:50  434 batches submitted to accumulate stats from 27776 documents (331068 virtual)
18:44:50  439 batches submitted to accumulate stats from 28096 documents (330838 virtual)
18:44:50  440 batches submitted to accumulate stats from 28160 documents (331444 virtual)
18:44:50  443 batches submitted to accumulate stats from 28352 documents (331422 virtual)
18:44:50  445 batches submitted to accumulate stats from 28480 documents (331965 virtual)
18:44:50  446 batches submitted to accumulate stats from 28544 documents (332638 virtual)
18:44:50  447 batches submitted to accumulate stats from 28608 documents (332908 virtual)
18:44:50  449 batches submitted to accumulate stats from 28736 documents (333069 virtual)
18:44:50  450 batches submitted to accumulate stats from 28800 documents (333705 virtual)
18:44:50  452 batches submitted to accumulate stats from 28928 documents (333925 virtual)
18:44:50  453 batches submitted to accumulate stats from 28992 documents (334888 virtual)
18:44:50  454 batches submitted to accumulate stats from 29056 documents (335087 virtual)
18:44:50  456 batches submitted to accumulate stats from 29184 documents (335123 virtual)
18:44:50  459 batches submitted to accumulate stats from 29376 documents (334732 virtual)
18:44:50  460 batches submitted to accumulate stats from 29440 documents (335431 virtual)
18:44:50  461 batches submitted to accumulate stats from 29504 documents (336173 virtual)
18:44:50  462 batches submitted to accumulate stats from 29568 documents (336881 virtual)
18:44:50  463 batches submitted to accumulate stats from 29632 documents (336997 virtual)
18:44:50  470 batches submitted to accumulate stats from 30080 documents (335531 virtual)
18:44:50  472 batches submitted to accumulate stats from 30208 documents (336001 virtual)
18:44:50  473 batches submitted to accumulate stats from 30272 documents (337337 virtual)
18:44:50  474 batches submitted to accumulate stats from 30336 documents (338593 virtual)
18:44:50  475 batches submitted to accumulate stats from 30400 documents (339505 virtual)
18:44:50  476 batches submitted to accumulate stats from 30464 documents (340645 virtual)
18:44:50  477 batches submitted to accumulate stats from 30528 documents (341955 virtual)
18:44:50  478 batches submitted to accumulate stats from 30592 documents (342701 virtual)
18:44:50  479 batches submitted to accumulate stats from 30656 documents (343314 virtual)
18:44:50  480 batches submitted to accumulate stats from 30720 documents (344568 virtual)
18:44:50  481 batches submitted to accumulate stats from 30784 documents (345159 virtual)
18:44:50  482 batches submitted to accumulate stats from 30848 documents (346216 virtual)
18:44:50  483 batches submitted to accumulate stats from 30912 documents (346942 virtual)
18:44:50  484 batches submitted to accumulate stats from 30976 documents (348165 virtual)
18:44:50  485 batches submitted to accumulate stats from 31040 documents (349171 virtual)
18:44:50  486 batches submitted to accumulate stats from 31104 documents (349917 virtual)
18:44:50  487 batches submitted to accumulate stats from 31168 documents (350870 virtual)
18:44:50  488 batches submitted to accumulate stats from 31232 documents (351319 virtual)
18:44:50  489 batches submitted to accumulate stats from 31296 documents (351770 virtual)
18:44:50  490 batches submitted to accumulate stats from 31360 documents (353158 virtual)
18:44:50  491 batches submitted to accumulate stats from 31424 documents (354743 virtual)
18:44:50  492 batches submitted to accumulate stats from 31488 documents (356122 virtual)
18:44:50  493 batches submitted to accumulate stats from 31552 documents (356347 virtual)
18:44:50  494 batches submitted to accumulate stats from 31616 documents (356548 virtual)
18:44:50  495 batches submitted to accumulate stats from 31680 documents (357637 virtual)
18:44:50  496 batches submitted to accumulate stats from 31744 documents (359470 virtual)
18:44:50  497 batches submitted to accumulate stats from 31808 documents (360626 virtual)
18:44:50  498 batches submitted to accumulate stats from 31872 documents (361183 virtual)
18:44:50  499 batches submitted to accumulate stats from 31936 documents (361626 virtual)
18:44:50  500 batches submitted to accumulate stats from 32000 documents (361872 virtual)
18:44:50  501 batches submitted to accumulate stats from 32064 documents (362859 virtual)
18:44:50  502 batches submitted to accumulate stats from 32128 documents (364344 virtual)
18:44:50  503 batches submitted to accumulate stats from 32192 documents (364860 virtual)
18:44:50  504 batches submitted to accumulate stats from 32256 documents (365205 virtual)
18:44:50  505 batches submitted to accumulate stats from 32320 documents (365586 virtual)
18:44:50  506 batches submitted to accumulate stats from 32384 documents (366802 virtual)
18:44:50  507 batches submitted to accumulate stats from 32448 documents (368259 virtual)
18:44:50  508 batches submitted to accumulate stats from 32512 documents (368969 virtual)
18:44:50  509 batches submitted to accumulate stats from 32576 documents (369029 virtual)
18:44:50  510 batches submitted to accumulate stats from 32640 documents (369450 virtual)
18:44:50  511 batches submitted to accumulate stats from 32704 documents (370933 virtual)
18:44:50  512 batches submitted to accumulate stats from 32768 documents (372113 virtual)
18:44:50  513 batches submitted to accumulate stats from 32832 documents (372591 virtual)
18:44:50  514 batches submitted to accumulate stats from 32896 documents (373160 virtual)
18:44:50  515 batches submitted to accumulate stats from 32960 documents (373451 virtual)
18:44:50  516 batches submitted to accumulate stats from 33024 documents (374491 virtual)
18:44:50  517 batches submitted to accumulate stats from 33088 documents (375150 virtual)
18:44:50  518 batches submitted to accumulate stats from 33152 documents (375745 virtual)
18:44:50  519 batches submitted to accumulate stats from 33216 documents (375840 virtual)
18:44:50  520 batches submitted to accumulate stats from 33280 documents (376345 virtual)
18:44:50  521 batches submitted to accumulate stats from 33344 documents (377699 virtual)
18:44:50  522 batches submitted to accumulate stats from 33408 documents (378614 virtual)
18:44:51  523 batches submitted to accumulate stats from 33472 documents (379033 virtual)
18:44:51  524 batches submitted to accumulate stats from 33536 documents (380167 virtual)
18:44:51  525 batches submitted to accumulate stats from 33600 documents (381208 virtual)
18:44:51  527 batches submitted to accumulate stats from 33728 documents (382076 virtual)
18:44:51  528 batches submitted to accumulate stats from 33792 documents (382611 virtual)
18:44:51  529 batches submitted to accumulate stats from 33856 documents (383626 virtual)
18:44:51  530 batches submitted to accumulate stats from 33920 documents (384335 virtual)
18:44:51  532 batches submitted to accumulate stats from 34048 documents (384328 virtual)
18:44:51  533 batches submitted to accumulate stats from 34112 documents (385147 virtual)
18:44:51  534 batches submitted to accumulate stats from 34176 documents (386601 virtual)
18:44:51  535 batches submitted to accumulate stats from 34240 documents (387336 virtual)
18:44:51  536 batches submitted to accumulate stats from 34304 documents (387936 virtual)
18:44:51  537 batches submitted to accumulate stats from 34368 documents (388837 virtual)
18:44:51  538 batches submitted to accumulate stats from 34432 documents (388933 virtual)
18:44:51  539 batches submitted to accumulate stats from 34496 documents (389233 virtual)
18:44:51  541 batches submitted to accumulate stats from 34624 documents (389444 virtual)
18:44:51  544 batches submitted to accumulate stats from 34816 documents (388792 virtual)
18:44:51  545 batches submitted to accumulate stats from 34880 documents (388823 virtual)
18:44:51  546 batches submitted to accumulate stats from 34944 documents (389047 virtual)
18:44:51  553 batches submitted to accumulate stats from 35392 documents (387757 virtual)
18:44:51  554 batches submitted to accumulate stats from 35456 documents (388459 virtual)
18:44:51  555 batches submitted to accumulate stats from 35520 documents (389205 virtual)
18:44:51  560 batches submitted to accumulate stats from 35840 documents (387600 virtual)
18:44:51  561 batches submitted to accumulate stats from 35904 documents (388794 virtual)
18:44:51  562 batches submitted to accumulate stats from 35968 documents (389629 virtual)
18:44:51  563 batches submitted to accumulate stats from 36032 documents (390829 virtual)
18:44:51  564 batches submitted to accumulate stats from 36096 documents (391331 virtual)
18:44:51  565 batches submitted to accumulate stats from 36160 documents (392050 virtual)
18:44:51  566 batches submitted to accumulate stats from 36224 documents (392542 virtual)
18:44:51  567 batches submitted to accumulate stats from 36288 documents (393211 virtual)
18:44:51  568 batches submitted to accumulate stats from 36352 documents (393449 virtual)
18:44:51  569 batches submitted to accumulate stats from 36416 documents (394626 virtual)
18:44:51  570 batches submitted to accumulate stats from 36480 documents (395648 virtual)
18:44:51  571 batches submitted to accumulate stats from 36544 documents (396454 virtual)
18:44:51  572 batches submitted to accumulate stats from 36608 documents (397079 virtual)
18:44:51  573 batches submitted to accumulate stats from 36672 documents (397431 virtual)
18:44:51  574 batches submitted to accumulate stats from 36736 documents (398318 virtual)
18:44:51  575 batches submitted to accumulate stats from 36800 documents (399803 virtual)
18:44:51  576 batches submitted to accumulate stats from 36864 documents (400379 virtual)
18:44:51  578 batches submitted to accumulate stats from 36992 documents (402058 virtual)
18:44:51  579 batches submitted to accumulate stats from 37056 documents (403322 virtual)
18:44:51  582 batches submitted to accumulate stats from 37248 documents (403437 virtual)
18:44:51  583 batches submitted to accumulate stats from 37312 documents (403893 virtual)
18:44:51  584 batches submitted to accumulate stats from 37376 documents (403934 virtual)
18:44:51  585 batches submitted to accumulate stats from 37440 documents (404073 virtual)
18:44:51  586 batches submitted to accumulate stats from 37504 documents (404640 virtual)
18:44:51  587 batches submitted to accumulate stats from 37568 documents (405495 virtual)
18:44:51  588 batches submitted to accumulate stats from 37632 documents (406369 virtual)
18:44:51  589 batches submitted to accumulate stats from 37696 documents (406673 virtual)
18:44:51  590 batches submitted to accumulate stats from 37760 documents (407564 virtual)
18:44:51  591 batches submitted to accumulate stats from 37824 documents (408447 virtual)
18:44:51  592 batches submitted to accumulate stats from 37888 documents (408712 virtual)
18:44:51  593 batches submitted to accumulate stats from 37952 documents (409498 virtual)
18:44:51  594 batches submitted to accumulate stats from 38016 documents (410610 virtual)
18:44:51  595 batches submitted to accumulate stats from 38080 documents (410961 virtual)
18:44:51  596 batches submitted to accumulate stats from 38144 documents (411260 virtual)
18:44:51  597 batches submitted to accumulate stats from 38208 documents (411480 virtual)
18:44:51  598 batches submitted to accumulate stats from 38272 documents (412476 virtual)
18:44:51  599 batches submitted to accumulate stats from 38336 documents (412630 virtual)
18:44:51  600 batches submitted to accumulate stats from 38400 documents (413059 virtual)
18:44:51  601 batches submitted to accumulate stats from 38464 documents (414801 virtual)
18:44:51  602 batches submitted to accumulate stats from 38528 documents (415375 virtual)
18:44:51  603 batches submitted to accumulate stats from 38592 documents (415653 virtual)
18:44:51  605 batches submitted to accumulate stats from 38720 documents (415772 virtual)
18:44:51  606 batches submitted to accumulate stats from 38784 documents (416124 virtual)
18:44:51  608 batches submitted to accumulate stats from 38912 documents (416863 virtual)
18:44:51  609 batches submitted to accumulate stats from 38976 documents (417214 virtual)
18:44:51  615 batches submitted to accumulate stats from 39360 documents (415734 virtual)
18:44:51  619 batches submitted to accumulate stats from 39616 documents (414885 virtual)
18:44:51  620 batches submitted to accumulate stats from 39680 documents (415102 virtual)
18:44:51  621 batches submitted to accumulate stats from 39744 documents (416262 virtual)
18:44:51  622 batches submitted to accumulate stats from 39808 documents (416400 virtual)
18:44:51  635 batches submitted to accumulate stats from 40640 documents (406111 virtual)
18:44:51  636 batches submitted to accumulate stats from 40704 documents (406224 virtual)
18:44:51  637 batches submitted to accumulate stats from 40768 documents (406892 virtual)
18:44:51  639 batches submitted to accumulate stats from 40896 documents (406947 virtual)
18:44:51  641 batches submitted to accumulate stats from 41024 documents (407057 virtual)
18:44:51  serializing accumulator to return to master...
18:44:51  accumulator serialized
18:44:51  serializing accumulator to return to master...
18:44:51  accumulator serialized
18:44:51  serializing accumulator to return to master...
18:44:51  serializing accumulator to return to master...
18:44:51  serializing accumulator to return to master...
18:44:51  accumulator serialized
18:44:51  accumulator serialized
18:44:51  accumulator serialized
18:44:51  serializing accumulator to return to master...
18:44:51  accumulator serialized
18:44:52  serializing accumulator to return to master...
18:44:52  serializing accumulator to return to master...
18:44:52  accumulator serialized
18:44:52  accumulator serialized
18:44:52  serializing accumulator to return to master...
18:44:52  accumulator serialized
18:44:52  9 accumulators retrieved from output queue
18:44:53  accumulated word occurrence stats for 852672 virtual documents
18:44:53       Topics=82  Coherence=0.7072  Diversity=0.7793  Outliers=38.0%  Score=0.3416
18:44:53  
18:44:53    🏆 Best hyperparameters: {'min_cluster_size': 50, 'n_neighbors': 15, 'n_components': 10} (score=0.3446)
18:44:53  
✅ model_comparison.csv saved
18:44:53  ✅ hyperparameter_results.csv saved
18:44:53  
18:44:53  ============================================================
18:44:53    STAGE 4 — FINAL MODEL + RESEARCH OUTPUTS
18:44:53  ============================================================
18:44:53    Building final model (M1_Base, params={'min_cluster_size': 50, 'n_neighbors': 15, 'n_components': 10})
18:44:53  Use pytorch device_name: mps
18:44:53  Load pretrained SentenceTransformer: all-MiniLM-L6-v2
18:44:53  HTTP Request: HEAD https://huggingface.co/sentence-transformers/all-MiniLM-L6-v2/resolve/main/modules.json "HTTP/1.1 307 Temporary Redirect"
18:44:53  HTTP Request: HEAD https://huggingface.co/api/resolve-cache/models/sentence-transformers/all-MiniLM-L6-v2/c9745ed1d9f207416be6d2e6f8de32d1f16199bf/modules.json "HTTP/1.1 200 OK"
18:44:53  HTTP Request: HEAD https://huggingface.co/sentence-transformers/all-MiniLM-L6-v2/resolve/main/config_sentence_transformers.json "HTTP/1.1 307 Temporary Redirect"
18:44:53  HTTP Request: HEAD https://huggingface.co/api/resolve-cache/models/sentence-transformers/all-MiniLM-L6-v2/c9745ed1d9f207416be6d2e6f8de32d1f16199bf/config_sentence_transformers.json "HTTP/1.1 200 OK"
18:44:53  HTTP Request: HEAD https://huggingface.co/sentence-transformers/all-MiniLM-L6-v2/resolve/main/config_sentence_transformers.json "HTTP/1.1 307 Temporary Redirect"
18:44:53  HTTP Request: HEAD https://huggingface.co/api/resolve-cache/models/sentence-transformers/all-MiniLM-L6-v2/c9745ed1d9f207416be6d2e6f8de32d1f16199bf/config_sentence_transformers.json "HTTP/1.1 200 OK"
18:44:53  HTTP Request: HEAD https://huggingface.co/sentence-transformers/all-MiniLM-L6-v2/resolve/main/README.md "HTTP/1.1 307 Temporary Redirect"
18:44:53  HTTP Request: HEAD https://huggingface.co/api/resolve-cache/models/sentence-transformers/all-MiniLM-L6-v2/c9745ed1d9f207416be6d2e6f8de32d1f16199bf/README.md "HTTP/1.1 200 OK"
18:44:53  HTTP Request: HEAD https://huggingface.co/sentence-transformers/all-MiniLM-L6-v2/resolve/main/modules.json "HTTP/1.1 307 Temporary Redirect"
18:44:53  HTTP Request: HEAD https://huggingface.co/api/resolve-cache/models/sentence-transformers/all-MiniLM-L6-v2/c9745ed1d9f207416be6d2e6f8de32d1f16199bf/modules.json "HTTP/1.1 200 OK"
18:44:53  HTTP Request: HEAD https://huggingface.co/sentence-transformers/all-MiniLM-L6-v2/resolve/main/sentence_bert_config.json "HTTP/1.1 307 Temporary Redirect"
18:44:53  HTTP Request: HEAD https://huggingface.co/api/resolve-cache/models/sentence-transformers/all-MiniLM-L6-v2/c9745ed1d9f207416be6d2e6f8de32d1f16199bf/sentence_bert_config.json "HTTP/1.1 200 OK"
18:44:53  HTTP Request: HEAD https://huggingface.co/sentence-transformers/all-MiniLM-L6-v2/resolve/main/adapter_config.json "HTTP/1.1 404 Not Found"
18:44:53  HTTP Request: HEAD https://huggingface.co/sentence-transformers/all-MiniLM-L6-v2/resolve/main/config.json "HTTP/1.1 307 Temporary Redirect"
18:44:53  HTTP Request: HEAD https://huggingface.co/api/resolve-cache/models/sentence-transformers/all-MiniLM-L6-v2/c9745ed1d9f207416be6d2e6f8de32d1f16199bf/config.json "HTTP/1.1 200 OK"
18:44:53  HTTP Request: HEAD https://huggingface.co/sentence-transformers/all-MiniLM-L6-v2/resolve/main/config.json "HTTP/1.1 307 Temporary Redirect"
18:44:53  HTTP Request: HEAD https://huggingface.co/api/resolve-cache/models/sentence-transformers/all-MiniLM-L6-v2/c9745ed1d9f207416be6d2e6f8de32d1f16199bf/config.json "HTTP/1.1 200 OK"
18:44:54  HTTP Request: HEAD https://huggingface.co/sentence-transformers/all-MiniLM-L6-v2/resolve/main/tokenizer_config.json "HTTP/1.1 307 Temporary Redirect"
18:44:54  HTTP Request: HEAD https://huggingface.co/api/resolve-cache/models/sentence-transformers/all-MiniLM-L6-v2/c9745ed1d9f207416be6d2e6f8de32d1f16199bf/tokenizer_config.json "HTTP/1.1 200 OK"
18:44:54  HTTP Request: GET https://huggingface.co/api/models/sentence-transformers/all-MiniLM-L6-v2/tree/main/additional_chat_templates?recursive=false&expand=false "HTTP/1.1 404 Not Found"
18:44:54  HTTP Request: GET https://huggingface.co/api/models/sentence-transformers/all-MiniLM-L6-v2/tree/main?recursive=true&expand=false "HTTP/1.1 200 OK"
18:44:54  HTTP Request: HEAD https://huggingface.co/sentence-transformers/all-MiniLM-L6-v2/resolve/main/1_Pooling/config.json "HTTP/1.1 307 Temporary Redirect"
18:44:54  HTTP Request: HEAD https://huggingface.co/api/resolve-cache/models/sentence-transformers/all-MiniLM-L6-v2/c9745ed1d9f207416be6d2e6f8de32d1f16199bf/1_Pooling%2Fconfig.json "HTTP/1.1 200 OK"
18:44:54  HTTP Request: GET https://huggingface.co/api/models/sentence-transformers/all-MiniLM-L6-v2 "HTTP/1.1 200 OK"
18:44:54    Fitting on 41,067 Scopus abstracts...
18:47:55    Transforming 1557 policy chunks...
18:48:03    Building topics overview...
18:48:03    ✅ topics_overview.csv — 46 topics
18:48:03    Building Scopus topic assignments...
18:48:03    ✅ scopus_topic_assignments.csv
18:48:03    Building policy topic assignments...
18:48:03    ✅ policy_topic_assignments.csv
18:48:03    Building region × topic distribution (RO2)...
18:48:03    ✅ region_topic_distribution.csv
18:48:03    Building pre/post ChatGPT topic distribution (RO1)...
18:48:03    ✅ period_topic_distribution.csv
18:48:03    Building policy document topic distribution (RO3)...
18:48:09    ✅ policy_document_topics.csv
18:48:09    Building cross-corpus topic alignment table (RO3)...
18:48:10    ✅ cross_corpus_alignment.csv
18:48:10    Saving final model...
18:48:10    ✅ Final model saved to models/final_bertopic_model/
18:48:10  
18:48:10    FINAL MODEL SUMMARY
18:48:10    Topics discovered:          46
18:48:10    Scopus papers assigned:     27,862 / 41,067
18:48:10    Policy chunks assigned:     916 / 1557
18:48:10    Shared topics (RO3):        9 / 46
18:48:10    Academic-only topics:       37
18:48:10    Policy-only topics:         0
18:48:10  
18:48:10  ============================================================
18:48:10    PIPELINE COMPLETE
18:48:10  ============================================================
18:48:10    Output files saved to: /Users/tg.charumbira/PycharmProjects/AI-Research-Analysis-Capstone/results
18:48:10  
18:48:10    Files produced:
18:48:10      cross_corpus_alignment.csv
18:48:10      hyperparameter_results.csv
18:48:10      model_comparison.csv
18:48:10      period_topic_distribution.csv
18:48:10      policy_document_topics.csv
18:48:10      policy_topic_assignments.csv
18:48:10      region_topic_distribution.csv
18:48:10      scopus_topic_assignments.csv
18:48:10      topics_overview.csv
18:48:10  
18:48:10    Next step: run 4_model_finetuning.py for topic labelling
18:48:10    Then:      run 5_streamlit_dashboard.py to visualise results
18:48:10  ============================================================
18:48:10  🎉 BERTopic modelling complete!
