chunk_id,doc_id,country,region,doc_name,doc_type,year,topic_id,topic_words
USA_National_AI_RD_Strategic_Plan_2023_chunk_0,USA_National_AI_RD_Strategic_Plan_2023,United States,North America,National AI R&D Strategic Plan 2023 Update,National Strategy,2023,-1,
USA_National_AI_RD_Strategic_Plan_2023_chunk_1,USA_National_AI_RD_Strategic_Plan_2023,United States,North America,National AI R&D Strategic Plan 2023 Update,National Strategy,2023,-1,
USA_National_AI_RD_Strategic_Plan_2023_chunk_2,USA_National_AI_RD_Strategic_Plan_2023,United States,North America,National AI R&D Strategic Plan 2023 Update,National Strategy,2023,-1,
USA_National_AI_RD_Strategic_Plan_2023_chunk_3,USA_National_AI_RD_Strategic_Plan_2023,United States,North America,National AI R&D Strategic Plan 2023 Update,National Strategy,2023,-1,
USA_National_AI_RD_Strategic_Plan_2023_chunk_4,USA_National_AI_RD_Strategic_Plan_2023,United States,North America,National AI R&D Strategic Plan 2023 Update,National Strategy,2023,-1,
USA_National_AI_RD_Strategic_Plan_2023_chunk_5,USA_National_AI_RD_Strategic_Plan_2023,United States,North America,National AI R&D Strategic Plan 2023 Update,National Strategy,2023,-1,
USA_National_AI_RD_Strategic_Plan_2023_chunk_6,USA_National_AI_RD_Strategic_Plan_2023,United States,North America,National AI R&D Strategic Plan 2023 Update,National Strategy,2023,-1,
USA_National_AI_RD_Strategic_Plan_2023_chunk_7,USA_National_AI_RD_Strategic_Plan_2023,United States,North America,National AI R&D Strategic Plan 2023 Update,National Strategy,2023,-1,
USA_National_AI_RD_Strategic_Plan_2023_chunk_8,USA_National_AI_RD_Strategic_Plan_2023,United States,North America,National AI R&D Strategic Plan 2023 Update,National Strategy,2023,-1,
USA_National_AI_RD_Strategic_Plan_2023_chunk_9,USA_National_AI_RD_Strategic_Plan_2023,United States,North America,National AI R&D Strategic Plan 2023 Update,National Strategy,2023,-1,
USA_National_AI_RD_Strategic_Plan_2023_chunk_10,USA_National_AI_RD_Strategic_Plan_2023,United States,North America,National AI R&D Strategic Plan 2023 Update,National Strategy,2023,-1,
USA_National_AI_RD_Strategic_Plan_2023_chunk_11,USA_National_AI_RD_Strategic_Plan_2023,United States,North America,National AI R&D Strategic Plan 2023 Update,National Strategy,2023,-1,
USA_National_AI_RD_Strategic_Plan_2023_chunk_12,USA_National_AI_RD_Strategic_Plan_2023,United States,North America,National AI R&D Strategic Plan 2023 Update,National Strategy,2023,-1,
USA_National_AI_RD_Strategic_Plan_2023_chunk_13,USA_National_AI_RD_Strategic_Plan_2023,United States,North America,National AI R&D Strategic Plan 2023 Update,National Strategy,2023,2,"attack, iot, detection, security, cybersecurity, intrusion, threat, cyber, network, id"
USA_National_AI_RD_Strategic_Plan_2023_chunk_14,USA_National_AI_RD_Strategic_Plan_2023,United States,North America,National AI R&D Strategic Plan 2023 Update,National Strategy,2023,-1,
USA_National_AI_RD_Strategic_Plan_2023_chunk_15,USA_National_AI_RD_Strategic_Plan_2023,United States,North America,National AI R&D Strategic Plan 2023 Update,National Strategy,2023,-1,
USA_National_AI_RD_Strategic_Plan_2023_chunk_16,USA_National_AI_RD_Strategic_Plan_2023,United States,North America,National AI R&D Strategic Plan 2023 Update,National Strategy,2023,-1,
USA_National_AI_RD_Strategic_Plan_2023_chunk_17,USA_National_AI_RD_Strategic_Plan_2023,United States,North America,National AI R&D Strategic Plan 2023 Update,National Strategy,2023,-1,
USA_National_AI_RD_Strategic_Plan_2023_chunk_18,USA_National_AI_RD_Strategic_Plan_2023,United States,North America,National AI R&D Strategic Plan 2023 Update,National Strategy,2023,-1,
USA_National_AI_RD_Strategic_Plan_2023_chunk_19,USA_National_AI_RD_Strategic_Plan_2023,United States,North America,National AI R&D Strategic Plan 2023 Update,National Strategy,2023,-1,
USA_National_AI_RD_Strategic_Plan_2023_chunk_20,USA_National_AI_RD_Strategic_Plan_2023,United States,North America,National AI R&D Strategic Plan 2023 Update,National Strategy,2023,-1,
USA_National_AI_RD_Strategic_Plan_2023_chunk_21,USA_National_AI_RD_Strategic_Plan_2023,United States,North America,National AI R&D Strategic Plan 2023 Update,National Strategy,2023,-1,
USA_National_AI_RD_Strategic_Plan_2023_chunk_22,USA_National_AI_RD_Strategic_Plan_2023,United States,North America,National AI R&D Strategic Plan 2023 Update,National Strategy,2023,-1,
USA_National_AI_RD_Strategic_Plan_2023_chunk_23,USA_National_AI_RD_Strategic_Plan_2023,United States,North America,National AI R&D Strategic Plan 2023 Update,National Strategy,2023,0,"learning, machine, machine learning, student, artificial, intelligence, artificial intelligence, performance, prediction, algorithm"
USA_National_AI_RD_Strategic_Plan_2023_chunk_24,USA_National_AI_RD_Strategic_Plan_2023,United States,North America,National AI R&D Strategic Plan 2023 Update,National Strategy,2023,-1,
USA_National_AI_RD_Strategic_Plan_2023_chunk_25,USA_National_AI_RD_Strategic_Plan_2023,United States,North America,National AI R&D Strategic Plan 2023 Update,National Strategy,2023,0,"learning, machine, machine learning, student, artificial, intelligence, artificial intelligence, performance, prediction, algorithm"
USA_National_AI_RD_Strategic_Plan_2023_chunk_26,USA_National_AI_RD_Strategic_Plan_2023,United States,North America,National AI R&D Strategic Plan 2023 Update,National Strategy,2023,-1,
USA_National_AI_RD_Strategic_Plan_2023_chunk_27,USA_National_AI_RD_Strategic_Plan_2023,United States,North America,National AI R&D Strategic Plan 2023 Update,National Strategy,2023,-1,
USA_National_AI_RD_Strategic_Plan_2023_chunk_28,USA_National_AI_RD_Strategic_Plan_2023,United States,North America,National AI R&D Strategic Plan 2023 Update,National Strategy,2023,-1,
USA_National_AI_RD_Strategic_Plan_2023_chunk_29,USA_National_AI_RD_Strategic_Plan_2023,United States,North America,National AI R&D Strategic Plan 2023 Update,National Strategy,2023,0,"learning, machine, machine learning, student, artificial, intelligence, artificial intelligence, performance, prediction, algorithm"
USA_National_AI_RD_Strategic_Plan_2023_chunk_30,USA_National_AI_RD_Strategic_Plan_2023,United States,North America,National AI R&D Strategic Plan 2023 Update,National Strategy,2023,-1,
USA_National_AI_RD_Strategic_Plan_2023_chunk_31,USA_National_AI_RD_Strategic_Plan_2023,United States,North America,National AI R&D Strategic Plan 2023 Update,National Strategy,2023,0,"learning, machine, machine learning, student, artificial, intelligence, artificial intelligence, performance, prediction, algorithm"
USA_National_AI_RD_Strategic_Plan_2023_chunk_32,USA_National_AI_RD_Strategic_Plan_2023,United States,North America,National AI R&D Strategic Plan 2023 Update,National Strategy,2023,-1,
USA_NIST_AI_RMF_1_0_2023_chunk_0,USA_NIST_AI_RMF_1_0_2023,United States,North America,AI Risk Management Framework 1.0,Framework,2023,-1,
USA_NIST_AI_RMF_1_0_2023_chunk_1,USA_NIST_AI_RMF_1_0_2023,United States,North America,AI Risk Management Framework 1.0,Framework,2023,-1,
USA_NIST_AI_RMF_1_0_2023_chunk_2,USA_NIST_AI_RMF_1_0_2023,United States,North America,AI Risk Management Framework 1.0,Framework,2023,-1,
USA_NIST_AI_RMF_1_0_2023_chunk_3,USA_NIST_AI_RMF_1_0_2023,United States,North America,AI Risk Management Framework 1.0,Framework,2023,-1,
USA_NIST_AI_RMF_1_0_2023_chunk_4,USA_NIST_AI_RMF_1_0_2023,United States,North America,AI Risk Management Framework 1.0,Framework,2023,-1,
USA_NIST_AI_RMF_1_0_2023_chunk_5,USA_NIST_AI_RMF_1_0_2023,United States,North America,AI Risk Management Framework 1.0,Framework,2023,-1,
USA_NIST_AI_RMF_1_0_2023_chunk_6,USA_NIST_AI_RMF_1_0_2023,United States,North America,AI Risk Management Framework 1.0,Framework,2023,-1,
USA_NIST_AI_RMF_1_0_2023_chunk_7,USA_NIST_AI_RMF_1_0_2023,United States,North America,AI Risk Management Framework 1.0,Framework,2023,-1,
USA_NIST_AI_RMF_1_0_2023_chunk_8,USA_NIST_AI_RMF_1_0_2023,United States,North America,AI Risk Management Framework 1.0,Framework,2023,0,"learning, machine, machine learning, student, artificial, intelligence, artificial intelligence, performance, prediction, algorithm"
USA_NIST_AI_RMF_1_0_2023_chunk_9,USA_NIST_AI_RMF_1_0_2023,United States,North America,AI Risk Management Framework 1.0,Framework,2023,-1,
USA_NIST_AI_RMF_1_0_2023_chunk_10,USA_NIST_AI_RMF_1_0_2023,United States,North America,AI Risk Management Framework 1.0,Framework,2023,-1,
USA_NIST_AI_RMF_1_0_2023_chunk_11,USA_NIST_AI_RMF_1_0_2023,United States,North America,AI Risk Management Framework 1.0,Framework,2023,-1,
USA_NIST_AI_RMF_1_0_2023_chunk_12,USA_NIST_AI_RMF_1_0_2023,United States,North America,AI Risk Management Framework 1.0,Framework,2023,0,"learning, machine, machine learning, student, artificial, intelligence, artificial intelligence, performance, prediction, algorithm"
USA_NIST_AI_RMF_1_0_2023_chunk_13,USA_NIST_AI_RMF_1_0_2023,United States,North America,AI Risk Management Framework 1.0,Framework,2023,-1,
USA_NIST_AI_RMF_1_0_2023_chunk_14,USA_NIST_AI_RMF_1_0_2023,United States,North America,AI Risk Management Framework 1.0,Framework,2023,-1,
USA_NIST_AI_RMF_1_0_2023_chunk_15,USA_NIST_AI_RMF_1_0_2023,United States,North America,AI Risk Management Framework 1.0,Framework,2023,-1,
USA_OMB_M2521_Federal_AI_Governance_2025_chunk_0,USA_OMB_M2521_Federal_AI_Governance_2025,United States,North America,OMB M-25-21 Accelerating Federal Use of AI 2025,Federal Directive,2025,0,"learning, machine, machine learning, student, artificial, intelligence, artificial intelligence, performance, prediction, algorithm"
USA_OMB_M2521_Federal_AI_Governance_2025_chunk_1,USA_OMB_M2521_Federal_AI_Governance_2025,United States,North America,OMB M-25-21 Accelerating Federal Use of AI 2025,Federal Directive,2025,-1,
USA_OMB_M2521_Federal_AI_Governance_2025_chunk_2,USA_OMB_M2521_Federal_AI_Governance_2025,United States,North America,OMB M-25-21 Accelerating Federal Use of AI 2025,Federal Directive,2025,-1,
USA_OMB_M2521_Federal_AI_Governance_2025_chunk_3,USA_OMB_M2521_Federal_AI_Governance_2025,United States,North America,OMB M-25-21 Accelerating Federal Use of AI 2025,Federal Directive,2025,-1,
USA_OMB_M2521_Federal_AI_Governance_2025_chunk_4,USA_OMB_M2521_Federal_AI_Governance_2025,United States,North America,OMB M-25-21 Accelerating Federal Use of AI 2025,Federal Directive,2025,-1,
USA_OMB_M2521_Federal_AI_Governance_2025_chunk_5,USA_OMB_M2521_Federal_AI_Governance_2025,United States,North America,OMB M-25-21 Accelerating Federal Use of AI 2025,Federal Directive,2025,-1,
USA_OMB_M2521_Federal_AI_Governance_2025_chunk_6,USA_OMB_M2521_Federal_AI_Governance_2025,United States,North America,OMB M-25-21 Accelerating Federal Use of AI 2025,Federal Directive,2025,-1,
USA_OMB_M2521_Federal_AI_Governance_2025_chunk_7,USA_OMB_M2521_Federal_AI_Governance_2025,United States,North America,OMB M-25-21 Accelerating Federal Use of AI 2025,Federal Directive,2025,-1,
USA_OMB_M2521_Federal_AI_Governance_2025_chunk_8,USA_OMB_M2521_Federal_AI_Governance_2025,United States,North America,OMB M-25-21 Accelerating Federal Use of AI 2025,Federal Directive,2025,-1,
USA_OMB_M2521_Federal_AI_Governance_2025_chunk_9,USA_OMB_M2521_Federal_AI_Governance_2025,United States,North America,OMB M-25-21 Accelerating Federal Use of AI 2025,Federal Directive,2025,-1,
USA_OMB_M2521_Federal_AI_Governance_2025_chunk_10,USA_OMB_M2521_Federal_AI_Governance_2025,United States,North America,OMB M-25-21 Accelerating Federal Use of AI 2025,Federal Directive,2025,0,"learning, machine, machine learning, student, artificial, intelligence, artificial intelligence, performance, prediction, algorithm"
USA_OMB_M2521_Federal_AI_Governance_2025_chunk_11,USA_OMB_M2521_Federal_AI_Governance_2025,United States,North America,OMB M-25-21 Accelerating Federal Use of AI 2025,Federal Directive,2025,-1,
Canada_Directive_Automated_Decision_Making_2023_chunk_0,Canada_Directive_Automated_Decision_Making_2023,Canada,North America,Directive on Automated Decision-Making,Regulation,2023,-1,
Canada_Directive_Automated_Decision_Making_2023_chunk_1,Canada_Directive_Automated_Decision_Making_2023,Canada,North America,Directive on Automated Decision-Making,Regulation,2023,-1,
Canada_Directive_Automated_Decision_Making_2023_chunk_2,Canada_Directive_Automated_Decision_Making_2023,Canada,North America,Directive on Automated Decision-Making,Regulation,2023,-1,
Canada_Directive_Automated_Decision_Making_2023_chunk_3,Canada_Directive_Automated_Decision_Making_2023,Canada,North America,Directive on Automated Decision-Making,Regulation,2023,-1,
EU_AI_Act_Regulation_2024_1689_chunk_0,EU_AI_Act_Regulation_2024_1689,European Union,Europe,EU Artificial Intelligence Act Regulation 2024/1689,Binding Regulation,2024,0,"learning, machine, machine learning, student, artificial, intelligence, artificial intelligence, performance, prediction, algorithm"
EU_AI_Act_Regulation_2024_1689_chunk_1,EU_AI_Act_Regulation_2024_1689,European Union,Europe,EU Artificial Intelligence Act Regulation 2024/1689,Binding Regulation,2024,0,"learning, machine, machine learning, student, artificial, intelligence, artificial intelligence, performance, prediction, algorithm"
EU_AI_Act_Regulation_2024_1689_chunk_2,EU_AI_Act_Regulation_2024_1689,European Union,Europe,EU Artificial Intelligence Act Regulation 2024/1689,Binding Regulation,2024,0,"learning, machine, machine learning, student, artificial, intelligence, artificial intelligence, performance, prediction, algorithm"
EU_AI_Act_Regulation_2024_1689_chunk_3,EU_AI_Act_Regulation_2024_1689,European Union,Europe,EU Artificial Intelligence Act Regulation 2024/1689,Binding Regulation,2024,-1,
EU_AI_Act_Regulation_2024_1689_chunk_4,EU_AI_Act_Regulation_2024_1689,European Union,Europe,EU Artificial Intelligence Act Regulation 2024/1689,Binding Regulation,2024,4,"sentiment, emotion, facial, review, tweet, opinion, text, machine, expression, learning"
EU_AI_Act_Regulation_2024_1689_chunk_5,EU_AI_Act_Regulation_2024_1689,European Union,Europe,EU Artificial Intelligence Act Regulation 2024/1689,Binding Regulation,2024,-1,
EU_AI_Act_Regulation_2024_1689_chunk_6,EU_AI_Act_Regulation_2024_1689,European Union,Europe,EU Artificial Intelligence Act Regulation 2024/1689,Binding Regulation,2024,-1,
EU_AI_Act_Regulation_2024_1689_chunk_7,EU_AI_Act_Regulation_2024_1689,European Union,Europe,EU Artificial Intelligence Act Regulation 2024/1689,Binding Regulation,2024,-1,
EU_AI_Act_Regulation_2024_1689_chunk_8,EU_AI_Act_Regulation_2024_1689,European Union,Europe,EU Artificial Intelligence Act Regulation 2024/1689,Binding Regulation,2024,-1,
EU_AI_Act_Regulation_2024_1689_chunk_9,EU_AI_Act_Regulation_2024_1689,European Union,Europe,EU Artificial Intelligence Act Regulation 2024/1689,Binding Regulation,2024,-1,
EU_AI_Act_Regulation_2024_1689_chunk_10,EU_AI_Act_Regulation_2024_1689,European Union,Europe,EU Artificial Intelligence Act Regulation 2024/1689,Binding Regulation,2024,-1,
EU_AI_Act_Regulation_2024_1689_chunk_11,EU_AI_Act_Regulation_2024_1689,European Union,Europe,EU Artificial Intelligence Act Regulation 2024/1689,Binding Regulation,2024,-1,
EU_AI_Act_Regulation_2024_1689_chunk_12,EU_AI_Act_Regulation_2024_1689,European Union,Europe,EU Artificial Intelligence Act Regulation 2024/1689,Binding Regulation,2024,0,"learning, machine, machine learning, student, artificial, intelligence, artificial intelligence, performance, prediction, algorithm"
EU_AI_Act_Regulation_2024_1689_chunk_13,EU_AI_Act_Regulation_2024_1689,European Union,Europe,EU Artificial Intelligence Act Regulation 2024/1689,Binding Regulation,2024,-1,
EU_AI_Act_Regulation_2024_1689_chunk_14,EU_AI_Act_Regulation_2024_1689,European Union,Europe,EU Artificial Intelligence Act Regulation 2024/1689,Binding Regulation,2024,0,"learning, machine, machine learning, student, artificial, intelligence, artificial intelligence, performance, prediction, algorithm"
EU_AI_Act_Regulation_2024_1689_chunk_15,EU_AI_Act_Regulation_2024_1689,European Union,Europe,EU Artificial Intelligence Act Regulation 2024/1689,Binding Regulation,2024,-1,
EU_AI_Act_Regulation_2024_1689_chunk_16,EU_AI_Act_Regulation_2024_1689,European Union,Europe,EU Artificial Intelligence Act Regulation 2024/1689,Binding Regulation,2024,-1,
EU_AI_Act_Regulation_2024_1689_chunk_17,EU_AI_Act_Regulation_2024_1689,European Union,Europe,EU Artificial Intelligence Act Regulation 2024/1689,Binding Regulation,2024,-1,
EU_AI_Act_Regulation_2024_1689_chunk_18,EU_AI_Act_Regulation_2024_1689,European Union,Europe,EU Artificial Intelligence Act Regulation 2024/1689,Binding Regulation,2024,-1,
EU_AI_Act_Regulation_2024_1689_chunk_19,EU_AI_Act_Regulation_2024_1689,European Union,Europe,EU Artificial Intelligence Act Regulation 2024/1689,Binding Regulation,2024,-1,
EU_AI_Act_Regulation_2024_1689_chunk_20,EU_AI_Act_Regulation_2024_1689,European Union,Europe,EU Artificial Intelligence Act Regulation 2024/1689,Binding Regulation,2024,2,"attack, iot, detection, security, cybersecurity, intrusion, threat, cyber, network, id"
EU_AI_Act_Regulation_2024_1689_chunk_21,EU_AI_Act_Regulation_2024_1689,European Union,Europe,EU Artificial Intelligence Act Regulation 2024/1689,Binding Regulation,2024,-1,
EU_AI_Act_Regulation_2024_1689_chunk_22,EU_AI_Act_Regulation_2024_1689,European Union,Europe,EU Artificial Intelligence Act Regulation 2024/1689,Binding Regulation,2024,-1,
EU_AI_Act_Regulation_2024_1689_chunk_23,EU_AI_Act_Regulation_2024_1689,European Union,Europe,EU Artificial Intelligence Act Regulation 2024/1689,Binding Regulation,2024,-1,
EU_AI_Act_Regulation_2024_1689_chunk_24,EU_AI_Act_Regulation_2024_1689,European Union,Europe,EU Artificial Intelligence Act Regulation 2024/1689,Binding Regulation,2024,-1,
EU_AI_Act_Regulation_2024_1689_chunk_25,EU_AI_Act_Regulation_2024_1689,European Union,Europe,EU Artificial Intelligence Act Regulation 2024/1689,Binding Regulation,2024,-1,
EU_AI_Act_Regulation_2024_1689_chunk_26,EU_AI_Act_Regulation_2024_1689,European Union,Europe,EU Artificial Intelligence Act Regulation 2024/1689,Binding Regulation,2024,-1,
EU_AI_Act_Regulation_2024_1689_chunk_27,EU_AI_Act_Regulation_2024_1689,European Union,Europe,EU Artificial Intelligence Act Regulation 2024/1689,Binding Regulation,2024,0,"learning, machine, machine learning, student, artificial, intelligence, artificial intelligence, performance, prediction, algorithm"
EU_AI_Act_Regulation_2024_1689_chunk_28,EU_AI_Act_Regulation_2024_1689,European Union,Europe,EU Artificial Intelligence Act Regulation 2024/1689,Binding Regulation,2024,-1,
EU_AI_Act_Regulation_2024_1689_chunk_29,EU_AI_Act_Regulation_2024_1689,European Union,Europe,EU Artificial Intelligence Act Regulation 2024/1689,Binding Regulation,2024,0,"learning, machine, machine learning, student, artificial, intelligence, artificial intelligence, performance, prediction, algorithm"
EU_AI_Act_Regulation_2024_1689_chunk_30,EU_AI_Act_Regulation_2024_1689,European Union,Europe,EU Artificial Intelligence Act Regulation 2024/1689,Binding Regulation,2024,-1,
EU_AI_Act_Regulation_2024_1689_chunk_31,EU_AI_Act_Regulation_2024_1689,European Union,Europe,EU Artificial Intelligence Act Regulation 2024/1689,Binding Regulation,2024,-1,
EU_AI_Act_Regulation_2024_1689_chunk_32,EU_AI_Act_Regulation_2024_1689,European Union,Europe,EU Artificial Intelligence Act Regulation 2024/1689,Binding Regulation,2024,-1,
EU_AI_Act_Regulation_2024_1689_chunk_33,EU_AI_Act_Regulation_2024_1689,European Union,Europe,EU Artificial Intelligence Act Regulation 2024/1689,Binding Regulation,2024,0,"learning, machine, machine learning, student, artificial, intelligence, artificial intelligence, performance, prediction, algorithm"
EU_AI_Act_Regulation_2024_1689_chunk_34,EU_AI_Act_Regulation_2024_1689,European Union,Europe,EU Artificial Intelligence Act Regulation 2024/1689,Binding Regulation,2024,-1,
EU_AI_Act_Regulation_2024_1689_chunk_35,EU_AI_Act_Regulation_2024_1689,European Union,Europe,EU Artificial Intelligence Act Regulation 2024/1689,Binding Regulation,2024,-1,
EU_AI_Act_Regulation_2024_1689_chunk_36,EU_AI_Act_Regulation_2024_1689,European Union,Europe,EU Artificial Intelligence Act Regulation 2024/1689,Binding Regulation,2024,-1,
EU_AI_Act_Regulation_2024_1689_chunk_37,EU_AI_Act_Regulation_2024_1689,European Union,Europe,EU Artificial Intelligence Act Regulation 2024/1689,Binding Regulation,2024,0,"learning, machine, machine learning, student, artificial, intelligence, artificial intelligence, performance, prediction, algorithm"
EU_AI_Act_Regulation_2024_1689_chunk_38,EU_AI_Act_Regulation_2024_1689,European Union,Europe,EU Artificial Intelligence Act Regulation 2024/1689,Binding Regulation,2024,-1,
EU_AI_Act_Regulation_2024_1689_chunk_39,EU_AI_Act_Regulation_2024_1689,European Union,Europe,EU Artificial Intelligence Act Regulation 2024/1689,Binding Regulation,2024,0,"learning, machine, machine learning, student, artificial, intelligence, artificial intelligence, performance, prediction, algorithm"
EU_AI_Act_Regulation_2024_1689_chunk_40,EU_AI_Act_Regulation_2024_1689,European Union,Europe,EU Artificial Intelligence Act Regulation 2024/1689,Binding Regulation,2024,0,"learning, machine, machine learning, student, artificial, intelligence, artificial intelligence, performance, prediction, algorithm"
EU_AI_Act_Regulation_2024_1689_chunk_41,EU_AI_Act_Regulation_2024_1689,European Union,Europe,EU Artificial Intelligence Act Regulation 2024/1689,Binding Regulation,2024,-1,
EU_AI_Act_Regulation_2024_1689_chunk_42,EU_AI_Act_Regulation_2024_1689,European Union,Europe,EU Artificial Intelligence Act Regulation 2024/1689,Binding Regulation,2024,-1,
EU_AI_Act_Regulation_2024_1689_chunk_43,EU_AI_Act_Regulation_2024_1689,European Union,Europe,EU Artificial Intelligence Act Regulation 2024/1689,Binding Regulation,2024,12,"image, video, recognition, object, face, network, deep, feature, learning, neural"
EU_AI_Act_Regulation_2024_1689_chunk_44,EU_AI_Act_Regulation_2024_1689,European Union,Europe,EU Artificial Intelligence Act Regulation 2024/1689,Binding Regulation,2024,-1,
EU_AI_Act_Regulation_2024_1689_chunk_45,EU_AI_Act_Regulation_2024_1689,European Union,Europe,EU Artificial Intelligence Act Regulation 2024/1689,Binding Regulation,2024,15,"crime, violence, police, offender, sexual, abuse, criminal, predictive, prediction, risk"
EU_AI_Act_Regulation_2024_1689_chunk_46,EU_AI_Act_Regulation_2024_1689,European Union,Europe,EU Artificial Intelligence Act Regulation 2024/1689,Binding Regulation,2024,-1,
EU_AI_Act_Regulation_2024_1689_chunk_47,EU_AI_Act_Regulation_2024_1689,European Union,Europe,EU Artificial Intelligence Act Regulation 2024/1689,Binding Regulation,2024,-1,
EU_AI_Act_Regulation_2024_1689_chunk_48,EU_AI_Act_Regulation_2024_1689,European Union,Europe,EU Artificial Intelligence Act Regulation 2024/1689,Binding Regulation,2024,-1,
EU_AI_Act_Regulation_2024_1689_chunk_49,EU_AI_Act_Regulation_2024_1689,European Union,Europe,EU Artificial Intelligence Act Regulation 2024/1689,Binding Regulation,2024,-1,
EU_AI_Act_Regulation_2024_1689_chunk_50,EU_AI_Act_Regulation_2024_1689,European Union,Europe,EU Artificial Intelligence Act Regulation 2024/1689,Binding Regulation,2024,-1,
EU_AI_Act_Regulation_2024_1689_chunk_51,EU_AI_Act_Regulation_2024_1689,European Union,Europe,EU Artificial Intelligence Act Regulation 2024/1689,Binding Regulation,2024,-1,
EU_AI_Act_Regulation_2024_1689_chunk_52,EU_AI_Act_Regulation_2024_1689,European Union,Europe,EU Artificial Intelligence Act Regulation 2024/1689,Binding Regulation,2024,-1,
EU_AI_Act_Regulation_2024_1689_chunk_53,EU_AI_Act_Regulation_2024_1689,European Union,Europe,EU Artificial Intelligence Act Regulation 2024/1689,Binding Regulation,2024,-1,
EU_AI_Act_Regulation_2024_1689_chunk_54,EU_AI_Act_Regulation_2024_1689,European Union,Europe,EU Artificial Intelligence Act Regulation 2024/1689,Binding Regulation,2024,-1,
EU_AI_Act_Regulation_2024_1689_chunk_55,EU_AI_Act_Regulation_2024_1689,European Union,Europe,EU Artificial Intelligence Act Regulation 2024/1689,Binding Regulation,2024,-1,
EU_AI_Act_Regulation_2024_1689_chunk_56,EU_AI_Act_Regulation_2024_1689,European Union,Europe,EU Artificial Intelligence Act Regulation 2024/1689,Binding Regulation,2024,0,"learning, machine, machine learning, student, artificial, intelligence, artificial intelligence, performance, prediction, algorithm"
EU_AI_Act_Regulation_2024_1689_chunk_57,EU_AI_Act_Regulation_2024_1689,European Union,Europe,EU Artificial Intelligence Act Regulation 2024/1689,Binding Regulation,2024,-1,
EU_AI_Act_Regulation_2024_1689_chunk_58,EU_AI_Act_Regulation_2024_1689,European Union,Europe,EU Artificial Intelligence Act Regulation 2024/1689,Binding Regulation,2024,-1,
EU_AI_Act_Regulation_2024_1689_chunk_59,EU_AI_Act_Regulation_2024_1689,European Union,Europe,EU Artificial Intelligence Act Regulation 2024/1689,Binding Regulation,2024,-1,
EU_AI_Act_Regulation_2024_1689_chunk_60,EU_AI_Act_Regulation_2024_1689,European Union,Europe,EU Artificial Intelligence Act Regulation 2024/1689,Binding Regulation,2024,0,"learning, machine, machine learning, student, artificial, intelligence, artificial intelligence, performance, prediction, algorithm"
EU_AI_Act_Regulation_2024_1689_chunk_61,EU_AI_Act_Regulation_2024_1689,European Union,Europe,EU Artificial Intelligence Act Regulation 2024/1689,Binding Regulation,2024,0,"learning, machine, machine learning, student, artificial, intelligence, artificial intelligence, performance, prediction, algorithm"
EU_AI_Act_Regulation_2024_1689_chunk_62,EU_AI_Act_Regulation_2024_1689,European Union,Europe,EU Artificial Intelligence Act Regulation 2024/1689,Binding Regulation,2024,-1,
EU_AI_Act_Regulation_2024_1689_chunk_63,EU_AI_Act_Regulation_2024_1689,European Union,Europe,EU Artificial Intelligence Act Regulation 2024/1689,Binding Regulation,2024,-1,
EU_AI_Act_Regulation_2024_1689_chunk_64,EU_AI_Act_Regulation_2024_1689,European Union,Europe,EU Artificial Intelligence Act Regulation 2024/1689,Binding Regulation,2024,-1,
EU_AI_Act_Regulation_2024_1689_chunk_65,EU_AI_Act_Regulation_2024_1689,European Union,Europe,EU Artificial Intelligence Act Regulation 2024/1689,Binding Regulation,2024,-1,
EU_AI_Act_Regulation_2024_1689_chunk_66,EU_AI_Act_Regulation_2024_1689,European Union,Europe,EU Artificial Intelligence Act Regulation 2024/1689,Binding Regulation,2024,-1,
EU_AI_Act_Regulation_2024_1689_chunk_67,EU_AI_Act_Regulation_2024_1689,European Union,Europe,EU Artificial Intelligence Act Regulation 2024/1689,Binding Regulation,2024,-1,
EU_AI_Act_Regulation_2024_1689_chunk_68,EU_AI_Act_Regulation_2024_1689,European Union,Europe,EU Artificial Intelligence Act Regulation 2024/1689,Binding Regulation,2024,0,"learning, machine, machine learning, student, artificial, intelligence, artificial intelligence, performance, prediction, algorithm"
EU_AI_Act_Regulation_2024_1689_chunk_69,EU_AI_Act_Regulation_2024_1689,European Union,Europe,EU Artificial Intelligence Act Regulation 2024/1689,Binding Regulation,2024,-1,
EU_AI_Act_Regulation_2024_1689_chunk_70,EU_AI_Act_Regulation_2024_1689,European Union,Europe,EU Artificial Intelligence Act Regulation 2024/1689,Binding Regulation,2024,-1,
EU_AI_Act_Regulation_2024_1689_chunk_71,EU_AI_Act_Regulation_2024_1689,European Union,Europe,EU Artificial Intelligence Act Regulation 2024/1689,Binding Regulation,2024,-1,
EU_AI_Act_Regulation_2024_1689_chunk_72,EU_AI_Act_Regulation_2024_1689,European Union,Europe,EU Artificial Intelligence Act Regulation 2024/1689,Binding Regulation,2024,-1,
EU_AI_Act_Regulation_2024_1689_chunk_73,EU_AI_Act_Regulation_2024_1689,European Union,Europe,EU Artificial Intelligence Act Regulation 2024/1689,Binding Regulation,2024,-1,
EU_AI_Act_Regulation_2024_1689_chunk_74,EU_AI_Act_Regulation_2024_1689,European Union,Europe,EU Artificial Intelligence Act Regulation 2024/1689,Binding Regulation,2024,-1,
EU_AI_Act_Regulation_2024_1689_chunk_75,EU_AI_Act_Regulation_2024_1689,European Union,Europe,EU Artificial Intelligence Act Regulation 2024/1689,Binding Regulation,2024,-1,
EU_AI_Act_Regulation_2024_1689_chunk_76,EU_AI_Act_Regulation_2024_1689,European Union,Europe,EU Artificial Intelligence Act Regulation 2024/1689,Binding Regulation,2024,-1,
EU_AI_Act_Regulation_2024_1689_chunk_77,EU_AI_Act_Regulation_2024_1689,European Union,Europe,EU Artificial Intelligence Act Regulation 2024/1689,Binding Regulation,2024,-1,
EU_AI_Act_Regulation_2024_1689_chunk_78,EU_AI_Act_Regulation_2024_1689,European Union,Europe,EU Artificial Intelligence Act Regulation 2024/1689,Binding Regulation,2024,-1,
EU_AI_Act_Regulation_2024_1689_chunk_79,EU_AI_Act_Regulation_2024_1689,European Union,Europe,EU Artificial Intelligence Act Regulation 2024/1689,Binding Regulation,2024,-1,
EU_AI_Act_Regulation_2024_1689_chunk_80,EU_AI_Act_Regulation_2024_1689,European Union,Europe,EU Artificial Intelligence Act Regulation 2024/1689,Binding Regulation,2024,-1,
EU_AI_Act_Regulation_2024_1689_chunk_81,EU_AI_Act_Regulation_2024_1689,European Union,Europe,EU Artificial Intelligence Act Regulation 2024/1689,Binding Regulation,2024,0,"learning, machine, machine learning, student, artificial, intelligence, artificial intelligence, performance, prediction, algorithm"
EU_AI_Act_Regulation_2024_1689_chunk_82,EU_AI_Act_Regulation_2024_1689,European Union,Europe,EU Artificial Intelligence Act Regulation 2024/1689,Binding Regulation,2024,-1,
EU_AI_Act_Regulation_2024_1689_chunk_83,EU_AI_Act_Regulation_2024_1689,European Union,Europe,EU Artificial Intelligence Act Regulation 2024/1689,Binding Regulation,2024,-1,
EU_AI_Act_Regulation_2024_1689_chunk_84,EU_AI_Act_Regulation_2024_1689,European Union,Europe,EU Artificial Intelligence Act Regulation 2024/1689,Binding Regulation,2024,0,"learning, machine, machine learning, student, artificial, intelligence, artificial intelligence, performance, prediction, algorithm"
EU_AI_Act_Regulation_2024_1689_chunk_85,EU_AI_Act_Regulation_2024_1689,European Union,Europe,EU Artificial Intelligence Act Regulation 2024/1689,Binding Regulation,2024,0,"learning, machine, machine learning, student, artificial, intelligence, artificial intelligence, performance, prediction, algorithm"
EU_AI_Act_Regulation_2024_1689_chunk_86,EU_AI_Act_Regulation_2024_1689,European Union,Europe,EU Artificial Intelligence Act Regulation 2024/1689,Binding Regulation,2024,0,"learning, machine, machine learning, student, artificial, intelligence, artificial intelligence, performance, prediction, algorithm"
EU_AI_Act_Regulation_2024_1689_chunk_87,EU_AI_Act_Regulation_2024_1689,European Union,Europe,EU Artificial Intelligence Act Regulation 2024/1689,Binding Regulation,2024,0,"learning, machine, machine learning, student, artificial, intelligence, artificial intelligence, performance, prediction, algorithm"
EU_AI_Act_Regulation_2024_1689_chunk_88,EU_AI_Act_Regulation_2024_1689,European Union,Europe,EU Artificial Intelligence Act Regulation 2024/1689,Binding Regulation,2024,0,"learning, machine, machine learning, student, artificial, intelligence, artificial intelligence, performance, prediction, algorithm"
EU_AI_Act_Regulation_2024_1689_chunk_89,EU_AI_Act_Regulation_2024_1689,European Union,Europe,EU Artificial Intelligence Act Regulation 2024/1689,Binding Regulation,2024,-1,
EU_AI_Act_Regulation_2024_1689_chunk_90,EU_AI_Act_Regulation_2024_1689,European Union,Europe,EU Artificial Intelligence Act Regulation 2024/1689,Binding Regulation,2024,-1,
EU_AI_Act_Regulation_2024_1689_chunk_91,EU_AI_Act_Regulation_2024_1689,European Union,Europe,EU Artificial Intelligence Act Regulation 2024/1689,Binding Regulation,2024,-1,
EU_AI_Act_Regulation_2024_1689_chunk_92,EU_AI_Act_Regulation_2024_1689,European Union,Europe,EU Artificial Intelligence Act Regulation 2024/1689,Binding Regulation,2024,-1,
EU_AI_Act_Regulation_2024_1689_chunk_93,EU_AI_Act_Regulation_2024_1689,European Union,Europe,EU Artificial Intelligence Act Regulation 2024/1689,Binding Regulation,2024,-1,
EU_AI_Act_Regulation_2024_1689_chunk_94,EU_AI_Act_Regulation_2024_1689,European Union,Europe,EU Artificial Intelligence Act Regulation 2024/1689,Binding Regulation,2024,-1,
EU_AI_Act_Regulation_2024_1689_chunk_95,EU_AI_Act_Regulation_2024_1689,European Union,Europe,EU Artificial Intelligence Act Regulation 2024/1689,Binding Regulation,2024,-1,
UK_National_AI_Strategy_2021_chunk_0,UK_National_AI_Strategy_2021,United Kingdom,Europe,UK National AI Strategy 2021,National Strategy,2021,-1,
UK_National_AI_Strategy_2021_chunk_1,UK_National_AI_Strategy_2021,United Kingdom,Europe,UK National AI Strategy 2021,National Strategy,2021,-1,
UK_National_AI_Strategy_2021_chunk_2,UK_National_AI_Strategy_2021,United Kingdom,Europe,UK National AI Strategy 2021,National Strategy,2021,0,"learning, machine, machine learning, student, artificial, intelligence, artificial intelligence, performance, prediction, algorithm"
UK_National_AI_Strategy_2021_chunk_3,UK_National_AI_Strategy_2021,United Kingdom,Europe,UK National AI Strategy 2021,National Strategy,2021,0,"learning, machine, machine learning, student, artificial, intelligence, artificial intelligence, performance, prediction, algorithm"
UK_National_AI_Strategy_2021_chunk_4,UK_National_AI_Strategy_2021,United Kingdom,Europe,UK National AI Strategy 2021,National Strategy,2021,-1,
UK_National_AI_Strategy_2021_chunk_5,UK_National_AI_Strategy_2021,United Kingdom,Europe,UK National AI Strategy 2021,National Strategy,2021,0,"learning, machine, machine learning, student, artificial, intelligence, artificial intelligence, performance, prediction, algorithm"
UK_National_AI_Strategy_2021_chunk_6,UK_National_AI_Strategy_2021,United Kingdom,Europe,UK National AI Strategy 2021,National Strategy,2021,0,"learning, machine, machine learning, student, artificial, intelligence, artificial intelligence, performance, prediction, algorithm"
UK_National_AI_Strategy_2021_chunk_7,UK_National_AI_Strategy_2021,United Kingdom,Europe,UK National AI Strategy 2021,National Strategy,2021,-1,
UK_National_AI_Strategy_2021_chunk_8,UK_National_AI_Strategy_2021,United Kingdom,Europe,UK National AI Strategy 2021,National Strategy,2021,-1,
UK_National_AI_Strategy_2021_chunk_9,UK_National_AI_Strategy_2021,United Kingdom,Europe,UK National AI Strategy 2021,National Strategy,2021,-1,
UK_National_AI_Strategy_2021_chunk_10,UK_National_AI_Strategy_2021,United Kingdom,Europe,UK National AI Strategy 2021,National Strategy,2021,-1,
UK_AI_Opportunities_Action_Plan_2025_chunk_0,UK_AI_Opportunities_Action_Plan_2025,United Kingdom,Europe,UK AI Opportunities Action Plan 2025,Action Plan,2025,-1,
UK_AI_Opportunities_Action_Plan_2025_chunk_1,UK_AI_Opportunities_Action_Plan_2025,United Kingdom,Europe,UK AI Opportunities Action Plan 2025,Action Plan,2025,-1,
UK_AI_Opportunities_Action_Plan_2025_chunk_2,UK_AI_Opportunities_Action_Plan_2025,United Kingdom,Europe,UK AI Opportunities Action Plan 2025,Action Plan,2025,-1,
UK_AI_Opportunities_Action_Plan_2025_chunk_3,UK_AI_Opportunities_Action_Plan_2025,United Kingdom,Europe,UK AI Opportunities Action Plan 2025,Action Plan,2025,-1,
UK_AI_Opportunities_Action_Plan_2025_chunk_4,UK_AI_Opportunities_Action_Plan_2025,United Kingdom,Europe,UK AI Opportunities Action Plan 2025,Action Plan,2025,-1,
UK_AI_Opportunities_Action_Plan_2025_chunk_5,UK_AI_Opportunities_Action_Plan_2025,United Kingdom,Europe,UK AI Opportunities Action Plan 2025,Action Plan,2025,0,"learning, machine, machine learning, student, artificial, intelligence, artificial intelligence, performance, prediction, algorithm"
UK_AI_Opportunities_Action_Plan_2025_chunk_6,UK_AI_Opportunities_Action_Plan_2025,United Kingdom,Europe,UK AI Opportunities Action Plan 2025,Action Plan,2025,-1,
UK_AI_Opportunities_Action_Plan_2025_chunk_7,UK_AI_Opportunities_Action_Plan_2025,United Kingdom,Europe,UK AI Opportunities Action Plan 2025,Action Plan,2025,-1,
UK_AI_Opportunities_Action_Plan_2025_chunk_8,UK_AI_Opportunities_Action_Plan_2025,United Kingdom,Europe,UK AI Opportunities Action Plan 2025,Action Plan,2025,-1,
UK_AI_Opportunities_Action_Plan_2025_chunk_9,UK_AI_Opportunities_Action_Plan_2025,United Kingdom,Europe,UK AI Opportunities Action Plan 2025,Action Plan,2025,-1,
UK_AI_Opportunities_Action_Plan_2025_chunk_10,UK_AI_Opportunities_Action_Plan_2025,United Kingdom,Europe,UK AI Opportunities Action Plan 2025,Action Plan,2025,-1,
Germany_AI_Strategy_Update_2023_chunk_0,Germany_AI_Strategy_Update_2023,Germany,Europe,Germany AI Strategy Update 2023,National Strategy,2023,-1,
Germany_AI_Strategy_Update_2023_chunk_1,Germany_AI_Strategy_Update_2023,Germany,Europe,Germany AI Strategy Update 2023,National Strategy,2023,-1,
Germany_AI_Strategy_Update_2023_chunk_2,Germany_AI_Strategy_Update_2023,Germany,Europe,Germany AI Strategy Update 2023,National Strategy,2023,-1,
Germany_AI_Strategy_Update_2023_chunk_3,Germany_AI_Strategy_Update_2023,Germany,Europe,Germany AI Strategy Update 2023,National Strategy,2023,-1,
Germany_AI_Strategy_Update_2023_chunk_4,Germany_AI_Strategy_Update_2023,Germany,Europe,Germany AI Strategy Update 2023,National Strategy,2023,0,"learning, machine, machine learning, student, artificial, intelligence, artificial intelligence, performance, prediction, algorithm"
Germany_AI_Strategy_Update_2023_chunk_5,Germany_AI_Strategy_Update_2023,Germany,Europe,Germany AI Strategy Update 2023,National Strategy,2023,-1,
Germany_AI_Strategy_Update_2023_chunk_6,Germany_AI_Strategy_Update_2023,Germany,Europe,Germany AI Strategy Update 2023,National Strategy,2023,-1,
Germany_AI_Strategy_Update_2023_chunk_7,Germany_AI_Strategy_Update_2023,Germany,Europe,Germany AI Strategy Update 2023,National Strategy,2023,-1,
Germany_AI_Strategy_Update_2023_chunk_8,Germany_AI_Strategy_Update_2023,Germany,Europe,Germany AI Strategy Update 2023,National Strategy,2023,0,"learning, machine, machine learning, student, artificial, intelligence, artificial intelligence, performance, prediction, algorithm"
Germany_AI_Strategy_Update_2023_chunk_9,Germany_AI_Strategy_Update_2023,Germany,Europe,Germany AI Strategy Update 2023,National Strategy,2023,0,"learning, machine, machine learning, student, artificial, intelligence, artificial intelligence, performance, prediction, algorithm"
Germany_AI_Strategy_Update_2023_chunk_10,Germany_AI_Strategy_Update_2023,Germany,Europe,Germany AI Strategy Update 2023,National Strategy,2023,0,"learning, machine, machine learning, student, artificial, intelligence, artificial intelligence, performance, prediction, algorithm"
Germany_AI_Strategy_Update_2023_chunk_11,Germany_AI_Strategy_Update_2023,Germany,Europe,Germany AI Strategy Update 2023,National Strategy,2023,-1,
Germany_AI_Strategy_Update_2023_chunk_12,Germany_AI_Strategy_Update_2023,Germany,Europe,Germany AI Strategy Update 2023,National Strategy,2023,-1,
Germany_AI_Strategy_Update_2023_chunk_13,Germany_AI_Strategy_Update_2023,Germany,Europe,Germany AI Strategy Update 2023,National Strategy,2023,-1,
Germany_AI_Strategy_Update_2023_chunk_14,Germany_AI_Strategy_Update_2023,Germany,Europe,Germany AI Strategy Update 2023,National Strategy,2023,-1,
France_AI_Strategy_2021_chunk_0,France_AI_Strategy_2021,France,Europe,France AI for Humanity Strategy 2021,National Strategy,2021,-1,
France_AI_Strategy_2021_chunk_1,France_AI_Strategy_2021,France,Europe,France AI for Humanity Strategy 2021,National Strategy,2021,-1,
France_AI_Strategy_2021_chunk_2,France_AI_Strategy_2021,France,Europe,France AI for Humanity Strategy 2021,National Strategy,2021,-1,
France_AI_Strategy_2021_chunk_3,France_AI_Strategy_2021,France,Europe,France AI for Humanity Strategy 2021,National Strategy,2021,-1,
France_AI_Strategy_2021_chunk_4,France_AI_Strategy_2021,France,Europe,France AI for Humanity Strategy 2021,National Strategy,2021,-1,
France_AI_Strategy_2021_chunk_5,France_AI_Strategy_2021,France,Europe,France AI for Humanity Strategy 2021,National Strategy,2021,0,"learning, machine, machine learning, student, artificial, intelligence, artificial intelligence, performance, prediction, algorithm"
France_AI_Strategy_2021_chunk_6,France_AI_Strategy_2021,France,Europe,France AI for Humanity Strategy 2021,National Strategy,2021,-1,
France_AI_Strategy_2021_chunk_7,France_AI_Strategy_2021,France,Europe,France AI for Humanity Strategy 2021,National Strategy,2021,-1,
France_AI_Strategy_2021_chunk_8,France_AI_Strategy_2021,France,Europe,France AI for Humanity Strategy 2021,National Strategy,2021,0,"learning, machine, machine learning, student, artificial, intelligence, artificial intelligence, performance, prediction, algorithm"
France_AI_Strategy_2021_chunk_9,France_AI_Strategy_2021,France,Europe,France AI for Humanity Strategy 2021,National Strategy,2021,0,"learning, machine, machine learning, student, artificial, intelligence, artificial intelligence, performance, prediction, algorithm"
France_AI_Strategy_2021_chunk_10,France_AI_Strategy_2021,France,Europe,France AI for Humanity Strategy 2021,National Strategy,2021,-1,
France_AI_Strategy_2021_chunk_11,France_AI_Strategy_2021,France,Europe,France AI for Humanity Strategy 2021,National Strategy,2021,-1,
France_AI_Strategy_2021_chunk_12,France_AI_Strategy_2021,France,Europe,France AI for Humanity Strategy 2021,National Strategy,2021,-1,
France_AI_Strategy_2021_chunk_13,France_AI_Strategy_2021,France,Europe,France AI for Humanity Strategy 2021,National Strategy,2021,-1,
France_AI_Strategy_2021_chunk_14,France_AI_Strategy_2021,France,Europe,France AI for Humanity Strategy 2021,National Strategy,2021,-1,
France_AI_Strategy_2021_chunk_15,France_AI_Strategy_2021,France,Europe,France AI for Humanity Strategy 2021,National Strategy,2021,-1,
France_AI_Strategy_2021_chunk_16,France_AI_Strategy_2021,France,Europe,France AI for Humanity Strategy 2021,National Strategy,2021,-1,
France_AI_Strategy_2021_chunk_17,France_AI_Strategy_2021,France,Europe,France AI for Humanity Strategy 2021,National Strategy,2021,-1,
France_AI_Strategy_2021_chunk_18,France_AI_Strategy_2021,France,Europe,France AI for Humanity Strategy 2021,National Strategy,2021,-1,
France_AI_Strategy_2021_chunk_19,France_AI_Strategy_2021,France,Europe,France AI for Humanity Strategy 2021,National Strategy,2021,-1,
France_AI_Strategy_2021_chunk_20,France_AI_Strategy_2021,France,Europe,France AI for Humanity Strategy 2021,National Strategy,2021,-1,
France_AI_Strategy_2021_chunk_21,France_AI_Strategy_2021,France,Europe,France AI for Humanity Strategy 2021,National Strategy,2021,0,"learning, machine, machine learning, student, artificial, intelligence, artificial intelligence, performance, prediction, algorithm"
Singapore_Model_AI_Governance_Framework_2020_chunk_0,Singapore_Model_AI_Governance_Framework_2020,Singapore,Asia-Pacific,Model AI Governance Framework Second Edition 2020,Framework,2020,0,"learning, machine, machine learning, student, artificial, intelligence, artificial intelligence, performance, prediction, algorithm"
Singapore_Model_AI_Governance_Framework_2020_chunk_1,Singapore_Model_AI_Governance_Framework_2020,Singapore,Asia-Pacific,Model AI Governance Framework Second Edition 2020,Framework,2020,0,"learning, machine, machine learning, student, artificial, intelligence, artificial intelligence, performance, prediction, algorithm"
Singapore_Model_AI_Governance_Framework_2020_chunk_2,Singapore_Model_AI_Governance_Framework_2020,Singapore,Asia-Pacific,Model AI Governance Framework Second Edition 2020,Framework,2020,-1,
Singapore_Model_AI_Governance_Framework_2020_chunk_3,Singapore_Model_AI_Governance_Framework_2020,Singapore,Asia-Pacific,Model AI Governance Framework Second Edition 2020,Framework,2020,-1,
Singapore_Model_AI_Governance_Framework_2020_chunk_4,Singapore_Model_AI_Governance_Framework_2020,Singapore,Asia-Pacific,Model AI Governance Framework Second Edition 2020,Framework,2020,-1,
Singapore_Model_AI_Governance_Framework_2020_chunk_5,Singapore_Model_AI_Governance_Framework_2020,Singapore,Asia-Pacific,Model AI Governance Framework Second Edition 2020,Framework,2020,0,"learning, machine, machine learning, student, artificial, intelligence, artificial intelligence, performance, prediction, algorithm"
Singapore_Model_AI_Governance_Framework_2020_chunk_6,Singapore_Model_AI_Governance_Framework_2020,Singapore,Asia-Pacific,Model AI Governance Framework Second Edition 2020,Framework,2020,-1,
Singapore_Model_AI_Governance_Framework_2020_chunk_7,Singapore_Model_AI_Governance_Framework_2020,Singapore,Asia-Pacific,Model AI Governance Framework Second Edition 2020,Framework,2020,0,"learning, machine, machine learning, student, artificial, intelligence, artificial intelligence, performance, prediction, algorithm"
Singapore_Model_AI_Governance_Framework_2020_chunk_8,Singapore_Model_AI_Governance_Framework_2020,Singapore,Asia-Pacific,Model AI Governance Framework Second Edition 2020,Framework,2020,0,"learning, machine, machine learning, student, artificial, intelligence, artificial intelligence, performance, prediction, algorithm"
Singapore_Model_AI_Governance_Framework_2020_chunk_9,Singapore_Model_AI_Governance_Framework_2020,Singapore,Asia-Pacific,Model AI Governance Framework Second Edition 2020,Framework,2020,-1,
Singapore_Model_AI_Governance_Framework_2020_chunk_10,Singapore_Model_AI_Governance_Framework_2020,Singapore,Asia-Pacific,Model AI Governance Framework Second Edition 2020,Framework,2020,-1,
Singapore_Model_AI_Governance_Framework_2020_chunk_11,Singapore_Model_AI_Governance_Framework_2020,Singapore,Asia-Pacific,Model AI Governance Framework Second Edition 2020,Framework,2020,-1,
Singapore_Model_AI_Governance_Framework_2020_chunk_12,Singapore_Model_AI_Governance_Framework_2020,Singapore,Asia-Pacific,Model AI Governance Framework Second Edition 2020,Framework,2020,-1,
Singapore_Model_AI_Governance_Framework_2020_chunk_13,Singapore_Model_AI_Governance_Framework_2020,Singapore,Asia-Pacific,Model AI Governance Framework Second Edition 2020,Framework,2020,0,"learning, machine, machine learning, student, artificial, intelligence, artificial intelligence, performance, prediction, algorithm"
Singapore_Model_AI_Governance_Framework_2020_chunk_14,Singapore_Model_AI_Governance_Framework_2020,Singapore,Asia-Pacific,Model AI Governance Framework Second Edition 2020,Framework,2020,-1,
Singapore_Model_AI_Governance_Framework_2020_chunk_15,Singapore_Model_AI_Governance_Framework_2020,Singapore,Asia-Pacific,Model AI Governance Framework Second Edition 2020,Framework,2020,-1,
Singapore_Model_AI_Governance_Framework_2020_chunk_16,Singapore_Model_AI_Governance_Framework_2020,Singapore,Asia-Pacific,Model AI Governance Framework Second Edition 2020,Framework,2020,-1,
Singapore_Model_AI_Governance_Framework_2020_chunk_17,Singapore_Model_AI_Governance_Framework_2020,Singapore,Asia-Pacific,Model AI Governance Framework Second Edition 2020,Framework,2020,-1,
Singapore_Model_AI_Governance_Framework_2020_chunk_18,Singapore_Model_AI_Governance_Framework_2020,Singapore,Asia-Pacific,Model AI Governance Framework Second Edition 2020,Framework,2020,-1,
Singapore_Model_AI_Governance_Framework_2020_chunk_19,Singapore_Model_AI_Governance_Framework_2020,Singapore,Asia-Pacific,Model AI Governance Framework Second Edition 2020,Framework,2020,0,"learning, machine, machine learning, student, artificial, intelligence, artificial intelligence, performance, prediction, algorithm"
Singapore_Model_AI_Governance_GenAI_2024_chunk_0,Singapore_Model_AI_Governance_GenAI_2024,Singapore,Asia-Pacific,Model AI Governance Framework for Generative AI 2024,Framework,2024,-1,
Singapore_Model_AI_Governance_GenAI_2024_chunk_1,Singapore_Model_AI_Governance_GenAI_2024,Singapore,Asia-Pacific,Model AI Governance Framework for Generative AI 2024,Framework,2024,-1,
Singapore_Model_AI_Governance_GenAI_2024_chunk_2,Singapore_Model_AI_Governance_GenAI_2024,Singapore,Asia-Pacific,Model AI Governance Framework for Generative AI 2024,Framework,2024,-1,
Singapore_Model_AI_Governance_GenAI_2024_chunk_3,Singapore_Model_AI_Governance_GenAI_2024,Singapore,Asia-Pacific,Model AI Governance Framework for Generative AI 2024,Framework,2024,-1,
Singapore_Model_AI_Governance_GenAI_2024_chunk_4,Singapore_Model_AI_Governance_GenAI_2024,Singapore,Asia-Pacific,Model AI Governance Framework for Generative AI 2024,Framework,2024,-1,
Singapore_Model_AI_Governance_GenAI_2024_chunk_5,Singapore_Model_AI_Governance_GenAI_2024,Singapore,Asia-Pacific,Model AI Governance Framework for Generative AI 2024,Framework,2024,-1,
Singapore_Model_AI_Governance_GenAI_2024_chunk_6,Singapore_Model_AI_Governance_GenAI_2024,Singapore,Asia-Pacific,Model AI Governance Framework for Generative AI 2024,Framework,2024,2,"attack, iot, detection, security, cybersecurity, intrusion, threat, cyber, network, id"
Singapore_Model_AI_Governance_GenAI_2024_chunk_7,Singapore_Model_AI_Governance_GenAI_2024,Singapore,Asia-Pacific,Model AI Governance Framework for Generative AI 2024,Framework,2024,-1,
Singapore_Model_AI_Governance_GenAI_2024_chunk_8,Singapore_Model_AI_Governance_GenAI_2024,Singapore,Asia-Pacific,Model AI Governance Framework for Generative AI 2024,Framework,2024,-1,
Singapore_Model_AI_Governance_GenAI_2024_chunk_9,Singapore_Model_AI_Governance_GenAI_2024,Singapore,Asia-Pacific,Model AI Governance Framework for Generative AI 2024,Framework,2024,-1,
Singapore_Model_AI_Governance_GenAI_2024_chunk_10,Singapore_Model_AI_Governance_GenAI_2024,Singapore,Asia-Pacific,Model AI Governance Framework for Generative AI 2024,Framework,2024,0,"learning, machine, machine learning, student, artificial, intelligence, artificial intelligence, performance, prediction, algorithm"
Singapore_Model_AI_Governance_GenAI_2024_chunk_11,Singapore_Model_AI_Governance_GenAI_2024,Singapore,Asia-Pacific,Model AI Governance Framework for Generative AI 2024,Framework,2024,-1,
India_National_AI_Strategy_2021_chunk_0,India_National_AI_Strategy_2021,India,Asia-Pacific,National Strategy for Artificial Intelligence 2021,National Strategy,2021,-1,
India_National_AI_Strategy_2021_chunk_1,India_National_AI_Strategy_2021,India,Asia-Pacific,National Strategy for Artificial Intelligence 2021,National Strategy,2021,0,"learning, machine, machine learning, student, artificial, intelligence, artificial intelligence, performance, prediction, algorithm"
India_National_AI_Strategy_2021_chunk_2,India_National_AI_Strategy_2021,India,Asia-Pacific,National Strategy for Artificial Intelligence 2021,National Strategy,2021,-1,
India_National_AI_Strategy_2021_chunk_3,India_National_AI_Strategy_2021,India,Asia-Pacific,National Strategy for Artificial Intelligence 2021,National Strategy,2021,-1,
India_National_AI_Strategy_2021_chunk_4,India_National_AI_Strategy_2021,India,Asia-Pacific,National Strategy for Artificial Intelligence 2021,National Strategy,2021,-1,
India_National_AI_Strategy_2021_chunk_5,India_National_AI_Strategy_2021,India,Asia-Pacific,National Strategy for Artificial Intelligence 2021,National Strategy,2021,-1,
India_National_AI_Strategy_2021_chunk_6,India_National_AI_Strategy_2021,India,Asia-Pacific,National Strategy for Artificial Intelligence 2021,National Strategy,2021,-1,
India_National_AI_Strategy_2021_chunk_7,India_National_AI_Strategy_2021,India,Asia-Pacific,National Strategy for Artificial Intelligence 2021,National Strategy,2021,-1,
India_National_AI_Strategy_2021_chunk_8,India_National_AI_Strategy_2021,India,Asia-Pacific,National Strategy for Artificial Intelligence 2021,National Strategy,2021,0,"learning, machine, machine learning, student, artificial, intelligence, artificial intelligence, performance, prediction, algorithm"
India_National_AI_Strategy_2021_chunk_9,India_National_AI_Strategy_2021,India,Asia-Pacific,National Strategy for Artificial Intelligence 2021,National Strategy,2021,0,"learning, machine, machine learning, student, artificial, intelligence, artificial intelligence, performance, prediction, algorithm"
India_National_AI_Strategy_2021_chunk_10,India_National_AI_Strategy_2021,India,Asia-Pacific,National Strategy for Artificial Intelligence 2021,National Strategy,2021,0,"learning, machine, machine learning, student, artificial, intelligence, artificial intelligence, performance, prediction, algorithm"
India_National_AI_Strategy_2021_chunk_11,India_National_AI_Strategy_2021,India,Asia-Pacific,National Strategy for Artificial Intelligence 2021,National Strategy,2021,-1,
India_National_AI_Strategy_2021_chunk_12,India_National_AI_Strategy_2021,India,Asia-Pacific,National Strategy for Artificial Intelligence 2021,National Strategy,2021,0,"learning, machine, machine learning, student, artificial, intelligence, artificial intelligence, performance, prediction, algorithm"
India_National_AI_Strategy_2021_chunk_13,India_National_AI_Strategy_2021,India,Asia-Pacific,National Strategy for Artificial Intelligence 2021,National Strategy,2021,0,"learning, machine, machine learning, student, artificial, intelligence, artificial intelligence, performance, prediction, algorithm"
India_National_AI_Strategy_2021_chunk_14,India_National_AI_Strategy_2021,India,Asia-Pacific,National Strategy for Artificial Intelligence 2021,National Strategy,2021,-1,
India_National_AI_Strategy_2021_chunk_15,India_National_AI_Strategy_2021,India,Asia-Pacific,National Strategy for Artificial Intelligence 2021,National Strategy,2021,0,"learning, machine, machine learning, student, artificial, intelligence, artificial intelligence, performance, prediction, algorithm"
India_National_AI_Strategy_2021_chunk_16,India_National_AI_Strategy_2021,India,Asia-Pacific,National Strategy for Artificial Intelligence 2021,National Strategy,2021,0,"learning, machine, machine learning, student, artificial, intelligence, artificial intelligence, performance, prediction, algorithm"
India_National_AI_Strategy_2021_chunk_17,India_National_AI_Strategy_2021,India,Asia-Pacific,National Strategy for Artificial Intelligence 2021,National Strategy,2021,-1,
India_National_AI_Strategy_2021_chunk_18,India_National_AI_Strategy_2021,India,Asia-Pacific,National Strategy for Artificial Intelligence 2021,National Strategy,2021,-1,
India_National_AI_Strategy_2021_chunk_19,India_National_AI_Strategy_2021,India,Asia-Pacific,National Strategy for Artificial Intelligence 2021,National Strategy,2021,-1,
India_National_AI_Strategy_2021_chunk_20,India_National_AI_Strategy_2021,India,Asia-Pacific,National Strategy for Artificial Intelligence 2021,National Strategy,2021,-1,
India_National_AI_Strategy_2021_chunk_21,India_National_AI_Strategy_2021,India,Asia-Pacific,National Strategy for Artificial Intelligence 2021,National Strategy,2021,-1,
India_National_AI_Strategy_2021_chunk_22,India_National_AI_Strategy_2021,India,Asia-Pacific,National Strategy for Artificial Intelligence 2021,National Strategy,2021,0,"learning, machine, machine learning, student, artificial, intelligence, artificial intelligence, performance, prediction, algorithm"
India_National_AI_Strategy_2021_chunk_23,India_National_AI_Strategy_2021,India,Asia-Pacific,National Strategy for Artificial Intelligence 2021,National Strategy,2021,-1,
India_National_AI_Strategy_2021_chunk_24,India_National_AI_Strategy_2021,India,Asia-Pacific,National Strategy for Artificial Intelligence 2021,National Strategy,2021,-1,
India_National_AI_Strategy_2021_chunk_25,India_National_AI_Strategy_2021,India,Asia-Pacific,National Strategy for Artificial Intelligence 2021,National Strategy,2021,-1,
India_National_AI_Strategy_2021_chunk_26,India_National_AI_Strategy_2021,India,Asia-Pacific,National Strategy for Artificial Intelligence 2021,National Strategy,2021,-1,
India_National_AI_Strategy_2021_chunk_27,India_National_AI_Strategy_2021,India,Asia-Pacific,National Strategy for Artificial Intelligence 2021,National Strategy,2021,-1,
India_National_AI_Strategy_2021_chunk_28,India_National_AI_Strategy_2021,India,Asia-Pacific,National Strategy for Artificial Intelligence 2021,National Strategy,2021,-1,
India_National_AI_Strategy_2021_chunk_29,India_National_AI_Strategy_2021,India,Asia-Pacific,National Strategy for Artificial Intelligence 2021,National Strategy,2021,-1,
India_National_AI_Strategy_2021_chunk_30,India_National_AI_Strategy_2021,India,Asia-Pacific,National Strategy for Artificial Intelligence 2021,National Strategy,2021,0,"learning, machine, machine learning, student, artificial, intelligence, artificial intelligence, performance, prediction, algorithm"
India_National_AI_Strategy_2021_chunk_31,India_National_AI_Strategy_2021,India,Asia-Pacific,National Strategy for Artificial Intelligence 2021,National Strategy,2021,-1,
India_National_AI_Strategy_2021_chunk_32,India_National_AI_Strategy_2021,India,Asia-Pacific,National Strategy for Artificial Intelligence 2021,National Strategy,2021,0,"learning, machine, machine learning, student, artificial, intelligence, artificial intelligence, performance, prediction, algorithm"
India_National_AI_Strategy_2021_chunk_33,India_National_AI_Strategy_2021,India,Asia-Pacific,National Strategy for Artificial Intelligence 2021,National Strategy,2021,-1,
India_National_AI_Strategy_2021_chunk_34,India_National_AI_Strategy_2021,India,Asia-Pacific,National Strategy for Artificial Intelligence 2021,National Strategy,2021,-1,
India_National_AI_Strategy_2021_chunk_35,India_National_AI_Strategy_2021,India,Asia-Pacific,National Strategy for Artificial Intelligence 2021,National Strategy,2021,-1,
India_National_AI_Strategy_2021_chunk_36,India_National_AI_Strategy_2021,India,Asia-Pacific,National Strategy for Artificial Intelligence 2021,National Strategy,2021,-1,
India_National_AI_Strategy_2021_chunk_37,India_National_AI_Strategy_2021,India,Asia-Pacific,National Strategy for Artificial Intelligence 2021,National Strategy,2021,-1,
India_National_AI_Strategy_2021_chunk_38,India_National_AI_Strategy_2021,India,Asia-Pacific,National Strategy for Artificial Intelligence 2021,National Strategy,2021,-1,
India_National_AI_Strategy_2021_chunk_39,India_National_AI_Strategy_2021,India,Asia-Pacific,National Strategy for Artificial Intelligence 2021,National Strategy,2021,-1,
India_National_AI_Strategy_2021_chunk_40,India_National_AI_Strategy_2021,India,Asia-Pacific,National Strategy for Artificial Intelligence 2021,National Strategy,2021,-1,
India_National_AI_Strategy_2021_chunk_41,India_National_AI_Strategy_2021,India,Asia-Pacific,National Strategy for Artificial Intelligence 2021,National Strategy,2021,-1,
India_National_AI_Strategy_2021_chunk_42,India_National_AI_Strategy_2021,India,Asia-Pacific,National Strategy for Artificial Intelligence 2021,National Strategy,2021,-1,
India_National_AI_Strategy_2021_chunk_43,India_National_AI_Strategy_2021,India,Asia-Pacific,National Strategy for Artificial Intelligence 2021,National Strategy,2021,-1,
India_National_AI_Strategy_2021_chunk_44,India_National_AI_Strategy_2021,India,Asia-Pacific,National Strategy for Artificial Intelligence 2021,National Strategy,2021,-1,
India_National_AI_Strategy_2021_chunk_45,India_National_AI_Strategy_2021,India,Asia-Pacific,National Strategy for Artificial Intelligence 2021,National Strategy,2021,-1,
India_National_AI_Strategy_2021_chunk_46,India_National_AI_Strategy_2021,India,Asia-Pacific,National Strategy for Artificial Intelligence 2021,National Strategy,2021,-1,
India_National_AI_Strategy_2021_chunk_47,India_National_AI_Strategy_2021,India,Asia-Pacific,National Strategy for Artificial Intelligence 2021,National Strategy,2021,-1,
India_National_AI_Strategy_2021_chunk_48,India_National_AI_Strategy_2021,India,Asia-Pacific,National Strategy for Artificial Intelligence 2021,National Strategy,2021,-1,
India_National_AI_Strategy_2021_chunk_49,India_National_AI_Strategy_2021,India,Asia-Pacific,National Strategy for Artificial Intelligence 2021,National Strategy,2021,-1,
India_National_AI_Strategy_2021_chunk_50,India_National_AI_Strategy_2021,India,Asia-Pacific,National Strategy for Artificial Intelligence 2021,National Strategy,2021,0,"learning, machine, machine learning, student, artificial, intelligence, artificial intelligence, performance, prediction, algorithm"
India_National_AI_Strategy_2021_chunk_51,India_National_AI_Strategy_2021,India,Asia-Pacific,National Strategy for Artificial Intelligence 2021,National Strategy,2021,-1,
India_National_AI_Strategy_2021_chunk_52,India_National_AI_Strategy_2021,India,Asia-Pacific,National Strategy for Artificial Intelligence 2021,National Strategy,2021,0,"learning, machine, machine learning, student, artificial, intelligence, artificial intelligence, performance, prediction, algorithm"
Australia_AI_Ethics_Framework_2019_chunk_0,Australia_AI_Ethics_Framework_2019,Australia,Asia-Pacific,Australia AI Ethics Framework 2019,Framework,2019,-1,
Australia_AI_Ethics_Framework_2019_chunk_1,Australia_AI_Ethics_Framework_2019,Australia,Asia-Pacific,Australia AI Ethics Framework 2019,Framework,2019,0,"learning, machine, machine learning, student, artificial, intelligence, artificial intelligence, performance, prediction, algorithm"
Australia_AI_Ethics_Framework_2019_chunk_2,Australia_AI_Ethics_Framework_2019,Australia,Asia-Pacific,Australia AI Ethics Framework 2019,Framework,2019,-1,
Australia_AI_Ethics_Framework_2019_chunk_3,Australia_AI_Ethics_Framework_2019,Australia,Asia-Pacific,Australia AI Ethics Framework 2019,Framework,2019,-1,
Australia_AI_Ethics_Framework_2019_chunk_4,Australia_AI_Ethics_Framework_2019,Australia,Asia-Pacific,Australia AI Ethics Framework 2019,Framework,2019,-1,
Australia_AI_Ethics_Framework_2019_chunk_5,Australia_AI_Ethics_Framework_2019,Australia,Asia-Pacific,Australia AI Ethics Framework 2019,Framework,2019,-1,
Australia_AI_Ethics_Framework_2019_chunk_6,Australia_AI_Ethics_Framework_2019,Australia,Asia-Pacific,Australia AI Ethics Framework 2019,Framework,2019,0,"learning, machine, machine learning, student, artificial, intelligence, artificial intelligence, performance, prediction, algorithm"
Australia_AI_Ethics_Framework_2019_chunk_7,Australia_AI_Ethics_Framework_2019,Australia,Asia-Pacific,Australia AI Ethics Framework 2019,Framework,2019,-1,
Australia_AI_Ethics_Framework_2019_chunk_8,Australia_AI_Ethics_Framework_2019,Australia,Asia-Pacific,Australia AI Ethics Framework 2019,Framework,2019,-1,
Australia_AI_Ethics_Framework_2019_chunk_9,Australia_AI_Ethics_Framework_2019,Australia,Asia-Pacific,Australia AI Ethics Framework 2019,Framework,2019,-1,
Australia_AI_Ethics_Framework_2019_chunk_10,Australia_AI_Ethics_Framework_2019,Australia,Asia-Pacific,Australia AI Ethics Framework 2019,Framework,2019,-1,
Australia_AI_Ethics_Framework_2019_chunk_11,Australia_AI_Ethics_Framework_2019,Australia,Asia-Pacific,Australia AI Ethics Framework 2019,Framework,2019,-1,
Australia_AI_Ethics_Framework_2019_chunk_12,Australia_AI_Ethics_Framework_2019,Australia,Asia-Pacific,Australia AI Ethics Framework 2019,Framework,2019,-1,
Australia_AI_Ethics_Framework_2019_chunk_13,Australia_AI_Ethics_Framework_2019,Australia,Asia-Pacific,Australia AI Ethics Framework 2019,Framework,2019,-1,
Australia_AI_Ethics_Framework_2019_chunk_14,Australia_AI_Ethics_Framework_2019,Australia,Asia-Pacific,Australia AI Ethics Framework 2019,Framework,2019,-1,
Australia_AI_Ethics_Framework_2019_chunk_15,Australia_AI_Ethics_Framework_2019,Australia,Asia-Pacific,Australia AI Ethics Framework 2019,Framework,2019,-1,
Australia_AI_Ethics_Framework_2019_chunk_16,Australia_AI_Ethics_Framework_2019,Australia,Asia-Pacific,Australia AI Ethics Framework 2019,Framework,2019,-1,
Australia_AI_Ethics_Framework_2019_chunk_17,Australia_AI_Ethics_Framework_2019,Australia,Asia-Pacific,Australia AI Ethics Framework 2019,Framework,2019,31,"fairness, bias, fair, algorithmic, discrimination, decision, metric, algorithm, unfair, perception"
Australia_AI_Ethics_Framework_2019_chunk_18,Australia_AI_Ethics_Framework_2019,Australia,Asia-Pacific,Australia AI Ethics Framework 2019,Framework,2019,-1,
Australia_AI_Ethics_Framework_2019_chunk_19,Australia_AI_Ethics_Framework_2019,Australia,Asia-Pacific,Australia AI Ethics Framework 2019,Framework,2019,-1,
Australia_AI_Ethics_Framework_2019_chunk_20,Australia_AI_Ethics_Framework_2019,Australia,Asia-Pacific,Australia AI Ethics Framework 2019,Framework,2019,0,"learning, machine, machine learning, student, artificial, intelligence, artificial intelligence, performance, prediction, algorithm"
Australia_AI_Ethics_Framework_2019_chunk_21,Australia_AI_Ethics_Framework_2019,Australia,Asia-Pacific,Australia AI Ethics Framework 2019,Framework,2019,0,"learning, machine, machine learning, student, artificial, intelligence, artificial intelligence, performance, prediction, algorithm"
Australia_AI_Ethics_Framework_2019_chunk_22,Australia_AI_Ethics_Framework_2019,Australia,Asia-Pacific,Australia AI Ethics Framework 2019,Framework,2019,15,"crime, violence, police, offender, sexual, abuse, criminal, predictive, prediction, risk"
Australia_AI_Ethics_Framework_2019_chunk_23,Australia_AI_Ethics_Framework_2019,Australia,Asia-Pacific,Australia AI Ethics Framework 2019,Framework,2019,31,"fairness, bias, fair, algorithmic, discrimination, decision, metric, algorithm, unfair, perception"
Australia_AI_Ethics_Framework_2019_chunk_24,Australia_AI_Ethics_Framework_2019,Australia,Asia-Pacific,Australia AI Ethics Framework 2019,Framework,2019,15,"crime, violence, police, offender, sexual, abuse, criminal, predictive, prediction, risk"
Australia_AI_Ethics_Framework_2019_chunk_25,Australia_AI_Ethics_Framework_2019,Australia,Asia-Pacific,Australia AI Ethics Framework 2019,Framework,2019,0,"learning, machine, machine learning, student, artificial, intelligence, artificial intelligence, performance, prediction, algorithm"
Australia_AI_Ethics_Framework_2019_chunk_26,Australia_AI_Ethics_Framework_2019,Australia,Asia-Pacific,Australia AI Ethics Framework 2019,Framework,2019,0,"learning, machine, machine learning, student, artificial, intelligence, artificial intelligence, performance, prediction, algorithm"
Australia_AI_Ethics_Framework_2019_chunk_27,Australia_AI_Ethics_Framework_2019,Australia,Asia-Pacific,Australia AI Ethics Framework 2019,Framework,2019,-1,
Australia_AI_Ethics_Framework_2019_chunk_28,Australia_AI_Ethics_Framework_2019,Australia,Asia-Pacific,Australia AI Ethics Framework 2019,Framework,2019,0,"learning, machine, machine learning, student, artificial, intelligence, artificial intelligence, performance, prediction, algorithm"
Australia_AI_Ethics_Framework_2019_chunk_29,Australia_AI_Ethics_Framework_2019,Australia,Asia-Pacific,Australia AI Ethics Framework 2019,Framework,2019,0,"learning, machine, machine learning, student, artificial, intelligence, artificial intelligence, performance, prediction, algorithm"
Australia_AI_Ethics_Framework_2019_chunk_30,Australia_AI_Ethics_Framework_2019,Australia,Asia-Pacific,Australia AI Ethics Framework 2019,Framework,2019,-1,
Australia_AI_Ethics_Framework_2019_chunk_31,Australia_AI_Ethics_Framework_2019,Australia,Asia-Pacific,Australia AI Ethics Framework 2019,Framework,2019,0,"learning, machine, machine learning, student, artificial, intelligence, artificial intelligence, performance, prediction, algorithm"
Australia_AI_Ethics_Framework_2019_chunk_32,Australia_AI_Ethics_Framework_2019,Australia,Asia-Pacific,Australia AI Ethics Framework 2019,Framework,2019,0,"learning, machine, machine learning, student, artificial, intelligence, artificial intelligence, performance, prediction, algorithm"
Australia_AI_Ethics_Framework_2019_chunk_33,Australia_AI_Ethics_Framework_2019,Australia,Asia-Pacific,Australia AI Ethics Framework 2019,Framework,2019,-1,
Australia_AI_Ethics_Framework_2019_chunk_34,Australia_AI_Ethics_Framework_2019,Australia,Asia-Pacific,Australia AI Ethics Framework 2019,Framework,2019,-1,
Australia_AI_Ethics_Framework_2019_chunk_35,Australia_AI_Ethics_Framework_2019,Australia,Asia-Pacific,Australia AI Ethics Framework 2019,Framework,2019,-1,
Australia_AI_Ethics_Framework_2019_chunk_36,Australia_AI_Ethics_Framework_2019,Australia,Asia-Pacific,Australia AI Ethics Framework 2019,Framework,2019,-1,
Australia_AI_Ethics_Framework_2019_chunk_37,Australia_AI_Ethics_Framework_2019,Australia,Asia-Pacific,Australia AI Ethics Framework 2019,Framework,2019,-1,
Australia_AI_Ethics_Framework_2019_chunk_38,Australia_AI_Ethics_Framework_2019,Australia,Asia-Pacific,Australia AI Ethics Framework 2019,Framework,2019,-1,
Australia_AI_Ethics_Framework_2019_chunk_39,Australia_AI_Ethics_Framework_2019,Australia,Asia-Pacific,Australia AI Ethics Framework 2019,Framework,2019,-1,
Australia_AI_Ethics_Framework_2019_chunk_40,Australia_AI_Ethics_Framework_2019,Australia,Asia-Pacific,Australia AI Ethics Framework 2019,Framework,2019,0,"learning, machine, machine learning, student, artificial, intelligence, artificial intelligence, performance, prediction, algorithm"
Australia_AI_Ethics_Framework_2019_chunk_41,Australia_AI_Ethics_Framework_2019,Australia,Asia-Pacific,Australia AI Ethics Framework 2019,Framework,2019,-1,
Australia_AI_Ethics_Framework_2019_chunk_42,Australia_AI_Ethics_Framework_2019,Australia,Asia-Pacific,Australia AI Ethics Framework 2019,Framework,2019,-1,
Australia_AI_Ethics_Framework_2019_chunk_43,Australia_AI_Ethics_Framework_2019,Australia,Asia-Pacific,Australia AI Ethics Framework 2019,Framework,2019,-1,
Australia_AI_Ethics_Framework_2019_chunk_44,Australia_AI_Ethics_Framework_2019,Australia,Asia-Pacific,Australia AI Ethics Framework 2019,Framework,2019,-1,
Japan_AI_Strategy_2022_chunk_0,Japan_AI_Strategy_2022,Japan,Asia-Pacific,Japan AI Strategy 2022,National Strategy,2022,-1,
Japan_AI_Strategy_2022_chunk_1,Japan_AI_Strategy_2022,Japan,Asia-Pacific,Japan AI Strategy 2022,National Strategy,2022,-1,
Japan_AI_Strategy_2022_chunk_2,Japan_AI_Strategy_2022,Japan,Asia-Pacific,Japan AI Strategy 2022,National Strategy,2022,-1,
Japan_AI_Strategy_2022_chunk_3,Japan_AI_Strategy_2022,Japan,Asia-Pacific,Japan AI Strategy 2022,National Strategy,2022,-1,
Japan_AI_Strategy_2022_chunk_4,Japan_AI_Strategy_2022,Japan,Asia-Pacific,Japan AI Strategy 2022,National Strategy,2022,-1,
Japan_AI_Strategy_2022_chunk_5,Japan_AI_Strategy_2022,Japan,Asia-Pacific,Japan AI Strategy 2022,National Strategy,2022,-1,
Japan_AI_Strategy_2022_chunk_6,Japan_AI_Strategy_2022,Japan,Asia-Pacific,Japan AI Strategy 2022,National Strategy,2022,-1,
Japan_AI_Strategy_2022_chunk_7,Japan_AI_Strategy_2022,Japan,Asia-Pacific,Japan AI Strategy 2022,National Strategy,2022,-1,
Japan_AI_Strategy_2022_chunk_8,Japan_AI_Strategy_2022,Japan,Asia-Pacific,Japan AI Strategy 2022,National Strategy,2022,-1,
Japan_AI_Strategy_2022_chunk_9,Japan_AI_Strategy_2022,Japan,Asia-Pacific,Japan AI Strategy 2022,National Strategy,2022,0,"learning, machine, machine learning, student, artificial, intelligence, artificial intelligence, performance, prediction, algorithm"
Japan_AI_Strategy_2022_chunk_10,Japan_AI_Strategy_2022,Japan,Asia-Pacific,Japan AI Strategy 2022,National Strategy,2022,-1,
Japan_AI_Strategy_2022_chunk_11,Japan_AI_Strategy_2022,Japan,Asia-Pacific,Japan AI Strategy 2022,National Strategy,2022,0,"learning, machine, machine learning, student, artificial, intelligence, artificial intelligence, performance, prediction, algorithm"
Japan_AI_Strategy_2022_chunk_12,Japan_AI_Strategy_2022,Japan,Asia-Pacific,Japan AI Strategy 2022,National Strategy,2022,-1,
Japan_AI_Strategy_2022_chunk_13,Japan_AI_Strategy_2022,Japan,Asia-Pacific,Japan AI Strategy 2022,National Strategy,2022,-1,
Japan_AI_Strategy_2022_chunk_14,Japan_AI_Strategy_2022,Japan,Asia-Pacific,Japan AI Strategy 2022,National Strategy,2022,-1,
Japan_AI_Strategy_2022_chunk_15,Japan_AI_Strategy_2022,Japan,Asia-Pacific,Japan AI Strategy 2022,National Strategy,2022,-1,
China_New_Generation_AI_Development_Plan_2017_chunk_0,China_New_Generation_AI_Development_Plan_2017,China,Asia-Pacific,New Generation AI Development Plan 2017,National Strategy,2017,-1,
China_New_Generation_AI_Development_Plan_2017_chunk_1,China_New_Generation_AI_Development_Plan_2017,China,Asia-Pacific,New Generation AI Development Plan 2017,National Strategy,2017,-1,
China_New_Generation_AI_Development_Plan_2017_chunk_2,China_New_Generation_AI_Development_Plan_2017,China,Asia-Pacific,New Generation AI Development Plan 2017,National Strategy,2017,0,"learning, machine, machine learning, student, artificial, intelligence, artificial intelligence, performance, prediction, algorithm"
China_New_Generation_AI_Development_Plan_2017_chunk_3,China_New_Generation_AI_Development_Plan_2017,China,Asia-Pacific,New Generation AI Development Plan 2017,National Strategy,2017,-1,
China_New_Generation_AI_Development_Plan_2017_chunk_4,China_New_Generation_AI_Development_Plan_2017,China,Asia-Pacific,New Generation AI Development Plan 2017,National Strategy,2017,-1,
China_New_Generation_AI_Development_Plan_2017_chunk_5,China_New_Generation_AI_Development_Plan_2017,China,Asia-Pacific,New Generation AI Development Plan 2017,National Strategy,2017,-1,
China_New_Generation_AI_Development_Plan_2017_chunk_6,China_New_Generation_AI_Development_Plan_2017,China,Asia-Pacific,New Generation AI Development Plan 2017,National Strategy,2017,0,"learning, machine, machine learning, student, artificial, intelligence, artificial intelligence, performance, prediction, algorithm"
China_New_Generation_AI_Development_Plan_2017_chunk_7,China_New_Generation_AI_Development_Plan_2017,China,Asia-Pacific,New Generation AI Development Plan 2017,National Strategy,2017,0,"learning, machine, machine learning, student, artificial, intelligence, artificial intelligence, performance, prediction, algorithm"
China_New_Generation_AI_Development_Plan_2017_chunk_8,China_New_Generation_AI_Development_Plan_2017,China,Asia-Pacific,New Generation AI Development Plan 2017,National Strategy,2017,-1,
China_New_Generation_AI_Development_Plan_2017_chunk_9,China_New_Generation_AI_Development_Plan_2017,China,Asia-Pacific,New Generation AI Development Plan 2017,National Strategy,2017,-1,
China_New_Generation_AI_Development_Plan_2017_chunk_10,China_New_Generation_AI_Development_Plan_2017,China,Asia-Pacific,New Generation AI Development Plan 2017,National Strategy,2017,0,"learning, machine, machine learning, student, artificial, intelligence, artificial intelligence, performance, prediction, algorithm"
China_New_Generation_AI_Development_Plan_2017_chunk_11,China_New_Generation_AI_Development_Plan_2017,China,Asia-Pacific,New Generation AI Development Plan 2017,National Strategy,2017,0,"learning, machine, machine learning, student, artificial, intelligence, artificial intelligence, performance, prediction, algorithm"
China_New_Generation_AI_Development_Plan_2017_chunk_12,China_New_Generation_AI_Development_Plan_2017,China,Asia-Pacific,New Generation AI Development Plan 2017,National Strategy,2017,-1,
China_New_Generation_AI_Development_Plan_2017_chunk_13,China_New_Generation_AI_Development_Plan_2017,China,Asia-Pacific,New Generation AI Development Plan 2017,National Strategy,2017,-1,
China_New_Generation_AI_Development_Plan_2017_chunk_14,China_New_Generation_AI_Development_Plan_2017,China,Asia-Pacific,New Generation AI Development Plan 2017,National Strategy,2017,0,"learning, machine, machine learning, student, artificial, intelligence, artificial intelligence, performance, prediction, algorithm"
China_New_Generation_AI_Development_Plan_2017_chunk_15,China_New_Generation_AI_Development_Plan_2017,China,Asia-Pacific,New Generation AI Development Plan 2017,National Strategy,2017,-1,
China_New_Generation_AI_Development_Plan_2017_chunk_16,China_New_Generation_AI_Development_Plan_2017,China,Asia-Pacific,New Generation AI Development Plan 2017,National Strategy,2017,-1,
China_New_Generation_AI_Development_Plan_2017_chunk_17,China_New_Generation_AI_Development_Plan_2017,China,Asia-Pacific,New Generation AI Development Plan 2017,National Strategy,2017,-1,
China_New_Generation_AI_Development_Plan_2017_chunk_18,China_New_Generation_AI_Development_Plan_2017,China,Asia-Pacific,New Generation AI Development Plan 2017,National Strategy,2017,0,"learning, machine, machine learning, student, artificial, intelligence, artificial intelligence, performance, prediction, algorithm"
China_Interim_Measures_Generative_AI_2023_chunk_0,China_Interim_Measures_Generative_AI_2023,China,Asia-Pacific,China Interim Measures Generative AI Services 2023,Binding Regulation,2023,-1,
China_Interim_Measures_Generative_AI_2023_chunk_1,China_Interim_Measures_Generative_AI_2023,China,Asia-Pacific,China Interim Measures Generative AI Services 2023,Binding Regulation,2023,-1,
China_Interim_Measures_Generative_AI_2023_chunk_2,China_Interim_Measures_Generative_AI_2023,China,Asia-Pacific,China Interim Measures Generative AI Services 2023,Binding Regulation,2023,-1,
SouthKorea_AI_Basic_Act_2025_chunk_0,SouthKorea_AI_Basic_Act_2025,South Korea,Asia-Pacific,South Korea AI Basic Act Framework Act 2025,National Law,2025,-1,
SouthKorea_AI_Basic_Act_2025_chunk_1,SouthKorea_AI_Basic_Act_2025,South Korea,Asia-Pacific,South Korea AI Basic Act Framework Act 2025,National Law,2025,-1,
SouthKorea_AI_Basic_Act_2025_chunk_2,SouthKorea_AI_Basic_Act_2025,South Korea,Asia-Pacific,South Korea AI Basic Act Framework Act 2025,National Law,2025,-1,
SouthKorea_AI_Basic_Act_2025_chunk_3,SouthKorea_AI_Basic_Act_2025,South Korea,Asia-Pacific,South Korea AI Basic Act Framework Act 2025,National Law,2025,-1,
SouthKorea_AI_Basic_Act_2025_chunk_4,SouthKorea_AI_Basic_Act_2025,South Korea,Asia-Pacific,South Korea AI Basic Act Framework Act 2025,National Law,2025,-1,
SouthKorea_AI_Basic_Act_2025_chunk_5,SouthKorea_AI_Basic_Act_2025,South Korea,Asia-Pacific,South Korea AI Basic Act Framework Act 2025,National Law,2025,-1,
SouthKorea_AI_Basic_Act_2025_chunk_6,SouthKorea_AI_Basic_Act_2025,South Korea,Asia-Pacific,South Korea AI Basic Act Framework Act 2025,National Law,2025,-1,
SouthKorea_AI_Basic_Act_2025_chunk_7,SouthKorea_AI_Basic_Act_2025,South Korea,Asia-Pacific,South Korea AI Basic Act Framework Act 2025,National Law,2025,-1,
SouthKorea_AI_Basic_Act_2025_chunk_8,SouthKorea_AI_Basic_Act_2025,South Korea,Asia-Pacific,South Korea AI Basic Act Framework Act 2025,National Law,2025,-1,
Brazil_National_AI_Plan_PBIA_2024_chunk_0,Brazil_National_AI_Plan_PBIA_2024,Brazil,Latin America,Brazilian AI Plan PBIA 2024,National Strategy,2024,-1,
Brazil_National_AI_Plan_PBIA_2024_chunk_1,Brazil_National_AI_Plan_PBIA_2024,Brazil,Latin America,Brazilian AI Plan PBIA 2024,National Strategy,2024,-1,
Brazil_National_AI_Plan_PBIA_2024_chunk_2,Brazil_National_AI_Plan_PBIA_2024,Brazil,Latin America,Brazilian AI Plan PBIA 2024,National Strategy,2024,-1,
Brazil_National_AI_Plan_PBIA_2024_chunk_3,Brazil_National_AI_Plan_PBIA_2024,Brazil,Latin America,Brazilian AI Plan PBIA 2024,National Strategy,2024,-1,
Brazil_National_AI_Plan_PBIA_2024_chunk_4,Brazil_National_AI_Plan_PBIA_2024,Brazil,Latin America,Brazilian AI Plan PBIA 2024,National Strategy,2024,-1,
Brazil_National_AI_Plan_PBIA_2024_chunk_5,Brazil_National_AI_Plan_PBIA_2024,Brazil,Latin America,Brazilian AI Plan PBIA 2024,National Strategy,2024,-1,
Brazil_National_AI_Plan_PBIA_2024_chunk_6,Brazil_National_AI_Plan_PBIA_2024,Brazil,Latin America,Brazilian AI Plan PBIA 2024,National Strategy,2024,0,"learning, machine, machine learning, student, artificial, intelligence, artificial intelligence, performance, prediction, algorithm"
Brazil_National_AI_Plan_PBIA_2024_chunk_7,Brazil_National_AI_Plan_PBIA_2024,Brazil,Latin America,Brazilian AI Plan PBIA 2024,National Strategy,2024,-1,
Brazil_National_AI_Plan_PBIA_2024_chunk_8,Brazil_National_AI_Plan_PBIA_2024,Brazil,Latin America,Brazilian AI Plan PBIA 2024,National Strategy,2024,0,"learning, machine, machine learning, student, artificial, intelligence, artificial intelligence, performance, prediction, algorithm"
Brazil_National_AI_Plan_PBIA_2024_chunk_9,Brazil_National_AI_Plan_PBIA_2024,Brazil,Latin America,Brazilian AI Plan PBIA 2024,National Strategy,2024,-1,
Brazil_National_AI_Plan_PBIA_2024_chunk_10,Brazil_National_AI_Plan_PBIA_2024,Brazil,Latin America,Brazilian AI Plan PBIA 2024,National Strategy,2024,-1,
Brazil_National_AI_Plan_PBIA_2024_chunk_11,Brazil_National_AI_Plan_PBIA_2024,Brazil,Latin America,Brazilian AI Plan PBIA 2024,National Strategy,2024,-1,
Brazil_National_AI_Plan_PBIA_2024_chunk_12,Brazil_National_AI_Plan_PBIA_2024,Brazil,Latin America,Brazilian AI Plan PBIA 2024,National Strategy,2024,-1,
Brazil_National_AI_Plan_PBIA_2024_chunk_13,Brazil_National_AI_Plan_PBIA_2024,Brazil,Latin America,Brazilian AI Plan PBIA 2024,National Strategy,2024,0,"learning, machine, machine learning, student, artificial, intelligence, artificial intelligence, performance, prediction, algorithm"
Brazil_National_AI_Plan_PBIA_2024_chunk_14,Brazil_National_AI_Plan_PBIA_2024,Brazil,Latin America,Brazilian AI Plan PBIA 2024,National Strategy,2024,-1,
Brazil_National_AI_Plan_PBIA_2024_chunk_15,Brazil_National_AI_Plan_PBIA_2024,Brazil,Latin America,Brazilian AI Plan PBIA 2024,National Strategy,2024,-1,
Brazil_National_AI_Plan_PBIA_2024_chunk_16,Brazil_National_AI_Plan_PBIA_2024,Brazil,Latin America,Brazilian AI Plan PBIA 2024,National Strategy,2024,-1,
Brazil_National_AI_Plan_PBIA_2024_chunk_17,Brazil_National_AI_Plan_PBIA_2024,Brazil,Latin America,Brazilian AI Plan PBIA 2024,National Strategy,2024,-1,
Brazil_National_AI_Plan_PBIA_2024_chunk_18,Brazil_National_AI_Plan_PBIA_2024,Brazil,Latin America,Brazilian AI Plan PBIA 2024,National Strategy,2024,-1,
Brazil_National_AI_Plan_PBIA_2024_chunk_19,Brazil_National_AI_Plan_PBIA_2024,Brazil,Latin America,Brazilian AI Plan PBIA 2024,National Strategy,2024,-1,
Brazil_National_AI_Plan_PBIA_2024_chunk_20,Brazil_National_AI_Plan_PBIA_2024,Brazil,Latin America,Brazilian AI Plan PBIA 2024,National Strategy,2024,-1,
Brazil_National_AI_Plan_PBIA_2024_chunk_21,Brazil_National_AI_Plan_PBIA_2024,Brazil,Latin America,Brazilian AI Plan PBIA 2024,National Strategy,2024,-1,
Brazil_National_AI_Plan_PBIA_2024_chunk_22,Brazil_National_AI_Plan_PBIA_2024,Brazil,Latin America,Brazilian AI Plan PBIA 2024,National Strategy,2024,-1,
Chile_National_AI_Policy_2021_chunk_0,Chile_National_AI_Policy_2021,Chile,Latin America,Chile National AI Policy 2021,National Strategy,2021,-1,
Chile_National_AI_Policy_2021_chunk_1,Chile_National_AI_Policy_2021,Chile,Latin America,Chile National AI Policy 2021,National Strategy,2021,-1,
Chile_National_AI_Policy_2021_chunk_2,Chile_National_AI_Policy_2021,Chile,Latin America,Chile National AI Policy 2021,National Strategy,2021,-1,
Chile_National_AI_Policy_2021_chunk_3,Chile_National_AI_Policy_2021,Chile,Latin America,Chile National AI Policy 2021,National Strategy,2021,-1,
Chile_National_AI_Policy_2021_chunk_4,Chile_National_AI_Policy_2021,Chile,Latin America,Chile National AI Policy 2021,National Strategy,2021,-1,
Chile_National_AI_Policy_2021_chunk_5,Chile_National_AI_Policy_2021,Chile,Latin America,Chile National AI Policy 2021,National Strategy,2021,-1,
Chile_National_AI_Policy_2021_chunk_6,Chile_National_AI_Policy_2021,Chile,Latin America,Chile National AI Policy 2021,National Strategy,2021,-1,
Chile_National_AI_Policy_2021_chunk_7,Chile_National_AI_Policy_2021,Chile,Latin America,Chile National AI Policy 2021,National Strategy,2021,0,"learning, machine, machine learning, student, artificial, intelligence, artificial intelligence, performance, prediction, algorithm"
Chile_National_AI_Policy_2021_chunk_8,Chile_National_AI_Policy_2021,Chile,Latin America,Chile National AI Policy 2021,National Strategy,2021,-1,
Chile_National_AI_Policy_2021_chunk_9,Chile_National_AI_Policy_2021,Chile,Latin America,Chile National AI Policy 2021,National Strategy,2021,-1,
Chile_National_AI_Policy_2021_chunk_10,Chile_National_AI_Policy_2021,Chile,Latin America,Chile National AI Policy 2021,National Strategy,2021,-1,
Chile_National_AI_Policy_2021_chunk_11,Chile_National_AI_Policy_2021,Chile,Latin America,Chile National AI Policy 2021,National Strategy,2021,-1,
Chile_National_AI_Policy_2021_chunk_12,Chile_National_AI_Policy_2021,Chile,Latin America,Chile National AI Policy 2021,National Strategy,2021,-1,
Chile_National_AI_Policy_2021_chunk_13,Chile_National_AI_Policy_2021,Chile,Latin America,Chile National AI Policy 2021,National Strategy,2021,-1,
Chile_National_AI_Policy_2021_chunk_14,Chile_National_AI_Policy_2021,Chile,Latin America,Chile National AI Policy 2021,National Strategy,2021,-1,
Chile_National_AI_Policy_2021_chunk_15,Chile_National_AI_Policy_2021,Chile,Latin America,Chile National AI Policy 2021,National Strategy,2021,-1,
Chile_National_AI_Policy_2021_chunk_16,Chile_National_AI_Policy_2021,Chile,Latin America,Chile National AI Policy 2021,National Strategy,2021,-1,
Chile_National_AI_Policy_2021_chunk_17,Chile_National_AI_Policy_2021,Chile,Latin America,Chile National AI Policy 2021,National Strategy,2021,-1,
Chile_National_AI_Policy_2021_chunk_18,Chile_National_AI_Policy_2021,Chile,Latin America,Chile National AI Policy 2021,National Strategy,2021,-1,
Chile_National_AI_Policy_2021_chunk_19,Chile_National_AI_Policy_2021,Chile,Latin America,Chile National AI Policy 2021,National Strategy,2021,0,"learning, machine, machine learning, student, artificial, intelligence, artificial intelligence, performance, prediction, algorithm"
Chile_National_AI_Policy_2021_chunk_20,Chile_National_AI_Policy_2021,Chile,Latin America,Chile National AI Policy 2021,National Strategy,2021,-1,
Chile_National_AI_Policy_2021_chunk_21,Chile_National_AI_Policy_2021,Chile,Latin America,Chile National AI Policy 2021,National Strategy,2021,-1,
Chile_National_AI_Policy_2021_chunk_22,Chile_National_AI_Policy_2021,Chile,Latin America,Chile National AI Policy 2021,National Strategy,2021,2,"attack, iot, detection, security, cybersecurity, intrusion, threat, cyber, network, id"
Chile_National_AI_Policy_2021_chunk_23,Chile_National_AI_Policy_2021,Chile,Latin America,Chile National AI Policy 2021,National Strategy,2021,35,"gender, bias, stereotype, woman, gender bias, female, gendered, male, representation, artificial"
Chile_National_AI_Policy_2021_chunk_24,Chile_National_AI_Policy_2021,Chile,Latin America,Chile National AI Policy 2021,National Strategy,2021,35,"gender, bias, stereotype, woman, gender bias, female, gendered, male, representation, artificial"
Chile_National_AI_Policy_2021_chunk_25,Chile_National_AI_Policy_2021,Chile,Latin America,Chile National AI Policy 2021,National Strategy,2021,-1,
Chile_National_AI_Policy_2021_chunk_26,Chile_National_AI_Policy_2021,Chile,Latin America,Chile National AI Policy 2021,National Strategy,2021,-1,
Chile_National_AI_Policy_2021_chunk_27,Chile_National_AI_Policy_2021,Chile,Latin America,Chile National AI Policy 2021,National Strategy,2021,0,"learning, machine, machine learning, student, artificial, intelligence, artificial intelligence, performance, prediction, algorithm"
Colombia_National_AI_Policy_CONPES4144_2025_chunk_0,Colombia_National_AI_Policy_CONPES4144_2025,Colombia,Latin America,Colombia National AI Policy CONPES 4144 2025,National Policy,2025,-1,
Colombia_National_AI_Policy_CONPES4144_2025_chunk_1,Colombia_National_AI_Policy_CONPES4144_2025,Colombia,Latin America,Colombia National AI Policy CONPES 4144 2025,National Policy,2025,-1,
Colombia_National_AI_Policy_CONPES4144_2025_chunk_2,Colombia_National_AI_Policy_CONPES4144_2025,Colombia,Latin America,Colombia National AI Policy CONPES 4144 2025,National Policy,2025,-1,
Colombia_National_AI_Policy_CONPES4144_2025_chunk_3,Colombia_National_AI_Policy_CONPES4144_2025,Colombia,Latin America,Colombia National AI Policy CONPES 4144 2025,National Policy,2025,-1,
Colombia_National_AI_Policy_CONPES4144_2025_chunk_4,Colombia_National_AI_Policy_CONPES4144_2025,Colombia,Latin America,Colombia National AI Policy CONPES 4144 2025,National Policy,2025,-1,
Colombia_National_AI_Policy_CONPES4144_2025_chunk_5,Colombia_National_AI_Policy_CONPES4144_2025,Colombia,Latin America,Colombia National AI Policy CONPES 4144 2025,National Policy,2025,-1,
Colombia_National_AI_Policy_CONPES4144_2025_chunk_6,Colombia_National_AI_Policy_CONPES4144_2025,Colombia,Latin America,Colombia National AI Policy CONPES 4144 2025,National Policy,2025,-1,
Colombia_National_AI_Policy_CONPES4144_2025_chunk_7,Colombia_National_AI_Policy_CONPES4144_2025,Colombia,Latin America,Colombia National AI Policy CONPES 4144 2025,National Policy,2025,-1,
Colombia_National_AI_Policy_CONPES4144_2025_chunk_8,Colombia_National_AI_Policy_CONPES4144_2025,Colombia,Latin America,Colombia National AI Policy CONPES 4144 2025,National Policy,2025,-1,
Colombia_National_AI_Policy_CONPES4144_2025_chunk_9,Colombia_National_AI_Policy_CONPES4144_2025,Colombia,Latin America,Colombia National AI Policy CONPES 4144 2025,National Policy,2025,-1,
Colombia_National_AI_Policy_CONPES4144_2025_chunk_10,Colombia_National_AI_Policy_CONPES4144_2025,Colombia,Latin America,Colombia National AI Policy CONPES 4144 2025,National Policy,2025,-1,
Colombia_National_AI_Policy_CONPES4144_2025_chunk_11,Colombia_National_AI_Policy_CONPES4144_2025,Colombia,Latin America,Colombia National AI Policy CONPES 4144 2025,National Policy,2025,-1,
Colombia_National_AI_Policy_CONPES4144_2025_chunk_12,Colombia_National_AI_Policy_CONPES4144_2025,Colombia,Latin America,Colombia National AI Policy CONPES 4144 2025,National Policy,2025,-1,
Colombia_National_AI_Policy_CONPES4144_2025_chunk_13,Colombia_National_AI_Policy_CONPES4144_2025,Colombia,Latin America,Colombia National AI Policy CONPES 4144 2025,National Policy,2025,-1,
Colombia_National_AI_Policy_CONPES4144_2025_chunk_14,Colombia_National_AI_Policy_CONPES4144_2025,Colombia,Latin America,Colombia National AI Policy CONPES 4144 2025,National Policy,2025,-1,
Colombia_National_AI_Policy_CONPES4144_2025_chunk_15,Colombia_National_AI_Policy_CONPES4144_2025,Colombia,Latin America,Colombia National AI Policy CONPES 4144 2025,National Policy,2025,-1,
Colombia_National_AI_Policy_CONPES4144_2025_chunk_16,Colombia_National_AI_Policy_CONPES4144_2025,Colombia,Latin America,Colombia National AI Policy CONPES 4144 2025,National Policy,2025,-1,
Colombia_National_AI_Policy_CONPES4144_2025_chunk_17,Colombia_National_AI_Policy_CONPES4144_2025,Colombia,Latin America,Colombia National AI Policy CONPES 4144 2025,National Policy,2025,-1,
Colombia_National_AI_Policy_CONPES4144_2025_chunk_18,Colombia_National_AI_Policy_CONPES4144_2025,Colombia,Latin America,Colombia National AI Policy CONPES 4144 2025,National Policy,2025,-1,
Colombia_National_AI_Policy_CONPES4144_2025_chunk_19,Colombia_National_AI_Policy_CONPES4144_2025,Colombia,Latin America,Colombia National AI Policy CONPES 4144 2025,National Policy,2025,0,"learning, machine, machine learning, student, artificial, intelligence, artificial intelligence, performance, prediction, algorithm"
Colombia_National_AI_Policy_CONPES4144_2025_chunk_20,Colombia_National_AI_Policy_CONPES4144_2025,Colombia,Latin America,Colombia National AI Policy CONPES 4144 2025,National Policy,2025,-1,
Colombia_National_AI_Policy_CONPES4144_2025_chunk_21,Colombia_National_AI_Policy_CONPES4144_2025,Colombia,Latin America,Colombia National AI Policy CONPES 4144 2025,National Policy,2025,-1,
Colombia_National_AI_Policy_CONPES4144_2025_chunk_22,Colombia_National_AI_Policy_CONPES4144_2025,Colombia,Latin America,Colombia National AI Policy CONPES 4144 2025,National Policy,2025,0,"learning, machine, machine learning, student, artificial, intelligence, artificial intelligence, performance, prediction, algorithm"
Colombia_National_AI_Policy_CONPES4144_2025_chunk_23,Colombia_National_AI_Policy_CONPES4144_2025,Colombia,Latin America,Colombia National AI Policy CONPES 4144 2025,National Policy,2025,-1,
Colombia_National_AI_Policy_CONPES4144_2025_chunk_24,Colombia_National_AI_Policy_CONPES4144_2025,Colombia,Latin America,Colombia National AI Policy CONPES 4144 2025,National Policy,2025,-1,
Colombia_National_AI_Policy_CONPES4144_2025_chunk_25,Colombia_National_AI_Policy_CONPES4144_2025,Colombia,Latin America,Colombia National AI Policy CONPES 4144 2025,National Policy,2025,-1,
Colombia_National_AI_Policy_CONPES4144_2025_chunk_26,Colombia_National_AI_Policy_CONPES4144_2025,Colombia,Latin America,Colombia National AI Policy CONPES 4144 2025,National Policy,2025,-1,
Colombia_National_AI_Policy_CONPES4144_2025_chunk_27,Colombia_National_AI_Policy_CONPES4144_2025,Colombia,Latin America,Colombia National AI Policy CONPES 4144 2025,National Policy,2025,-1,
Colombia_National_AI_Policy_CONPES4144_2025_chunk_28,Colombia_National_AI_Policy_CONPES4144_2025,Colombia,Latin America,Colombia National AI Policy CONPES 4144 2025,National Policy,2025,-1,
Colombia_National_AI_Policy_CONPES4144_2025_chunk_29,Colombia_National_AI_Policy_CONPES4144_2025,Colombia,Latin America,Colombia National AI Policy CONPES 4144 2025,National Policy,2025,-1,
Colombia_National_AI_Policy_CONPES4144_2025_chunk_30,Colombia_National_AI_Policy_CONPES4144_2025,Colombia,Latin America,Colombia National AI Policy CONPES 4144 2025,National Policy,2025,-1,
Colombia_National_AI_Policy_CONPES4144_2025_chunk_31,Colombia_National_AI_Policy_CONPES4144_2025,Colombia,Latin America,Colombia National AI Policy CONPES 4144 2025,National Policy,2025,-1,
Colombia_National_AI_Policy_CONPES4144_2025_chunk_32,Colombia_National_AI_Policy_CONPES4144_2025,Colombia,Latin America,Colombia National AI Policy CONPES 4144 2025,National Policy,2025,-1,
Colombia_National_AI_Policy_CONPES4144_2025_chunk_33,Colombia_National_AI_Policy_CONPES4144_2025,Colombia,Latin America,Colombia National AI Policy CONPES 4144 2025,National Policy,2025,-1,
Colombia_National_AI_Policy_CONPES4144_2025_chunk_34,Colombia_National_AI_Policy_CONPES4144_2025,Colombia,Latin America,Colombia National AI Policy CONPES 4144 2025,National Policy,2025,-1,
Colombia_National_AI_Policy_CONPES4144_2025_chunk_35,Colombia_National_AI_Policy_CONPES4144_2025,Colombia,Latin America,Colombia National AI Policy CONPES 4144 2025,National Policy,2025,-1,
Colombia_National_AI_Policy_CONPES4144_2025_chunk_36,Colombia_National_AI_Policy_CONPES4144_2025,Colombia,Latin America,Colombia National AI Policy CONPES 4144 2025,National Policy,2025,0,"learning, machine, machine learning, student, artificial, intelligence, artificial intelligence, performance, prediction, algorithm"
Colombia_National_AI_Policy_CONPES4144_2025_chunk_37,Colombia_National_AI_Policy_CONPES4144_2025,Colombia,Latin America,Colombia National AI Policy CONPES 4144 2025,National Policy,2025,-1,
Colombia_National_AI_Policy_CONPES4144_2025_chunk_38,Colombia_National_AI_Policy_CONPES4144_2025,Colombia,Latin America,Colombia National AI Policy CONPES 4144 2025,National Policy,2025,-1,
Colombia_National_AI_Policy_CONPES4144_2025_chunk_39,Colombia_National_AI_Policy_CONPES4144_2025,Colombia,Latin America,Colombia National AI Policy CONPES 4144 2025,National Policy,2025,-1,
Colombia_National_AI_Policy_CONPES4144_2025_chunk_40,Colombia_National_AI_Policy_CONPES4144_2025,Colombia,Latin America,Colombia National AI Policy CONPES 4144 2025,National Policy,2025,-1,
Colombia_National_AI_Policy_CONPES4144_2025_chunk_41,Colombia_National_AI_Policy_CONPES4144_2025,Colombia,Latin America,Colombia National AI Policy CONPES 4144 2025,National Policy,2025,-1,
Colombia_National_AI_Policy_CONPES4144_2025_chunk_42,Colombia_National_AI_Policy_CONPES4144_2025,Colombia,Latin America,Colombia National AI Policy CONPES 4144 2025,National Policy,2025,-1,
Colombia_National_AI_Policy_CONPES4144_2025_chunk_43,Colombia_National_AI_Policy_CONPES4144_2025,Colombia,Latin America,Colombia National AI Policy CONPES 4144 2025,National Policy,2025,-1,
Colombia_National_AI_Policy_CONPES4144_2025_chunk_44,Colombia_National_AI_Policy_CONPES4144_2025,Colombia,Latin America,Colombia National AI Policy CONPES 4144 2025,National Policy,2025,-1,
Colombia_National_AI_Policy_CONPES4144_2025_chunk_45,Colombia_National_AI_Policy_CONPES4144_2025,Colombia,Latin America,Colombia National AI Policy CONPES 4144 2025,National Policy,2025,-1,
Colombia_National_AI_Policy_CONPES4144_2025_chunk_46,Colombia_National_AI_Policy_CONPES4144_2025,Colombia,Latin America,Colombia National AI Policy CONPES 4144 2025,National Policy,2025,-1,
Colombia_National_AI_Policy_CONPES4144_2025_chunk_47,Colombia_National_AI_Policy_CONPES4144_2025,Colombia,Latin America,Colombia National AI Policy CONPES 4144 2025,National Policy,2025,-1,
Colombia_National_AI_Policy_CONPES4144_2025_chunk_48,Colombia_National_AI_Policy_CONPES4144_2025,Colombia,Latin America,Colombia National AI Policy CONPES 4144 2025,National Policy,2025,0,"learning, machine, machine learning, student, artificial, intelligence, artificial intelligence, performance, prediction, algorithm"
Colombia_National_AI_Policy_CONPES4144_2025_chunk_49,Colombia_National_AI_Policy_CONPES4144_2025,Colombia,Latin America,Colombia National AI Policy CONPES 4144 2025,National Policy,2025,-1,
Colombia_National_AI_Policy_CONPES4144_2025_chunk_50,Colombia_National_AI_Policy_CONPES4144_2025,Colombia,Latin America,Colombia National AI Policy CONPES 4144 2025,National Policy,2025,-1,
Colombia_National_AI_Policy_CONPES4144_2025_chunk_51,Colombia_National_AI_Policy_CONPES4144_2025,Colombia,Latin America,Colombia National AI Policy CONPES 4144 2025,National Policy,2025,-1,
Colombia_National_AI_Policy_CONPES4144_2025_chunk_52,Colombia_National_AI_Policy_CONPES4144_2025,Colombia,Latin America,Colombia National AI Policy CONPES 4144 2025,National Policy,2025,-1,
Colombia_National_AI_Policy_CONPES4144_2025_chunk_53,Colombia_National_AI_Policy_CONPES4144_2025,Colombia,Latin America,Colombia National AI Policy CONPES 4144 2025,National Policy,2025,-1,
Colombia_National_AI_Policy_CONPES4144_2025_chunk_54,Colombia_National_AI_Policy_CONPES4144_2025,Colombia,Latin America,Colombia National AI Policy CONPES 4144 2025,National Policy,2025,12,"image, video, recognition, object, face, network, deep, feature, learning, neural"
Colombia_National_AI_Policy_CONPES4144_2025_chunk_55,Colombia_National_AI_Policy_CONPES4144_2025,Colombia,Latin America,Colombia National AI Policy CONPES 4144 2025,National Policy,2025,0,"learning, machine, machine learning, student, artificial, intelligence, artificial intelligence, performance, prediction, algorithm"
Colombia_National_AI_Policy_CONPES4144_2025_chunk_56,Colombia_National_AI_Policy_CONPES4144_2025,Colombia,Latin America,Colombia National AI Policy CONPES 4144 2025,National Policy,2025,-1,
Colombia_National_AI_Policy_CONPES4144_2025_chunk_57,Colombia_National_AI_Policy_CONPES4144_2025,Colombia,Latin America,Colombia National AI Policy CONPES 4144 2025,National Policy,2025,-1,
Colombia_National_AI_Policy_CONPES4144_2025_chunk_58,Colombia_National_AI_Policy_CONPES4144_2025,Colombia,Latin America,Colombia National AI Policy CONPES 4144 2025,National Policy,2025,-1,
Colombia_National_AI_Policy_CONPES4144_2025_chunk_59,Colombia_National_AI_Policy_CONPES4144_2025,Colombia,Latin America,Colombia National AI Policy CONPES 4144 2025,National Policy,2025,-1,
Colombia_National_AI_Policy_CONPES4144_2025_chunk_60,Colombia_National_AI_Policy_CONPES4144_2025,Colombia,Latin America,Colombia National AI Policy CONPES 4144 2025,National Policy,2025,-1,
Colombia_National_AI_Policy_CONPES4144_2025_chunk_61,Colombia_National_AI_Policy_CONPES4144_2025,Colombia,Latin America,Colombia National AI Policy CONPES 4144 2025,National Policy,2025,-1,
Colombia_National_AI_Policy_CONPES4144_2025_chunk_62,Colombia_National_AI_Policy_CONPES4144_2025,Colombia,Latin America,Colombia National AI Policy CONPES 4144 2025,National Policy,2025,-1,
Colombia_National_AI_Policy_CONPES4144_2025_chunk_63,Colombia_National_AI_Policy_CONPES4144_2025,Colombia,Latin America,Colombia National AI Policy CONPES 4144 2025,National Policy,2025,0,"learning, machine, machine learning, student, artificial, intelligence, artificial intelligence, performance, prediction, algorithm"
Colombia_National_AI_Policy_CONPES4144_2025_chunk_64,Colombia_National_AI_Policy_CONPES4144_2025,Colombia,Latin America,Colombia National AI Policy CONPES 4144 2025,National Policy,2025,-1,
Colombia_National_AI_Policy_CONPES4144_2025_chunk_65,Colombia_National_AI_Policy_CONPES4144_2025,Colombia,Latin America,Colombia National AI Policy CONPES 4144 2025,National Policy,2025,0,"learning, machine, machine learning, student, artificial, intelligence, artificial intelligence, performance, prediction, algorithm"
Colombia_National_AI_Policy_CONPES4144_2025_chunk_66,Colombia_National_AI_Policy_CONPES4144_2025,Colombia,Latin America,Colombia National AI Policy CONPES 4144 2025,National Policy,2025,0,"learning, machine, machine learning, student, artificial, intelligence, artificial intelligence, performance, prediction, algorithm"
Colombia_National_AI_Policy_CONPES4144_2025_chunk_67,Colombia_National_AI_Policy_CONPES4144_2025,Colombia,Latin America,Colombia National AI Policy CONPES 4144 2025,National Policy,2025,-1,
Colombia_National_AI_Policy_CONPES4144_2025_chunk_68,Colombia_National_AI_Policy_CONPES4144_2025,Colombia,Latin America,Colombia National AI Policy CONPES 4144 2025,National Policy,2025,-1,
Colombia_National_AI_Policy_CONPES4144_2025_chunk_69,Colombia_National_AI_Policy_CONPES4144_2025,Colombia,Latin America,Colombia National AI Policy CONPES 4144 2025,National Policy,2025,0,"learning, machine, machine learning, student, artificial, intelligence, artificial intelligence, performance, prediction, algorithm"
Colombia_National_AI_Policy_CONPES4144_2025_chunk_70,Colombia_National_AI_Policy_CONPES4144_2025,Colombia,Latin America,Colombia National AI Policy CONPES 4144 2025,National Policy,2025,-1,
Colombia_National_AI_Policy_CONPES4144_2025_chunk_71,Colombia_National_AI_Policy_CONPES4144_2025,Colombia,Latin America,Colombia National AI Policy CONPES 4144 2025,National Policy,2025,-1,
Colombia_National_AI_Policy_CONPES4144_2025_chunk_72,Colombia_National_AI_Policy_CONPES4144_2025,Colombia,Latin America,Colombia National AI Policy CONPES 4144 2025,National Policy,2025,-1,
Colombia_National_AI_Policy_CONPES4144_2025_chunk_73,Colombia_National_AI_Policy_CONPES4144_2025,Colombia,Latin America,Colombia National AI Policy CONPES 4144 2025,National Policy,2025,-1,
Colombia_National_AI_Policy_CONPES4144_2025_chunk_74,Colombia_National_AI_Policy_CONPES4144_2025,Colombia,Latin America,Colombia National AI Policy CONPES 4144 2025,National Policy,2025,-1,
Colombia_National_AI_Policy_CONPES4144_2025_chunk_75,Colombia_National_AI_Policy_CONPES4144_2025,Colombia,Latin America,Colombia National AI Policy CONPES 4144 2025,National Policy,2025,-1,
Colombia_National_AI_Policy_CONPES4144_2025_chunk_76,Colombia_National_AI_Policy_CONPES4144_2025,Colombia,Latin America,Colombia National AI Policy CONPES 4144 2025,National Policy,2025,-1,
Colombia_National_AI_Policy_CONPES4144_2025_chunk_77,Colombia_National_AI_Policy_CONPES4144_2025,Colombia,Latin America,Colombia National AI Policy CONPES 4144 2025,National Policy,2025,-1,
Colombia_National_AI_Policy_CONPES4144_2025_chunk_78,Colombia_National_AI_Policy_CONPES4144_2025,Colombia,Latin America,Colombia National AI Policy CONPES 4144 2025,National Policy,2025,0,"learning, machine, machine learning, student, artificial, intelligence, artificial intelligence, performance, prediction, algorithm"
Colombia_National_AI_Policy_CONPES4144_2025_chunk_79,Colombia_National_AI_Policy_CONPES4144_2025,Colombia,Latin America,Colombia National AI Policy CONPES 4144 2025,National Policy,2025,-1,
Colombia_National_AI_Policy_CONPES4144_2025_chunk_80,Colombia_National_AI_Policy_CONPES4144_2025,Colombia,Latin America,Colombia National AI Policy CONPES 4144 2025,National Policy,2025,0,"learning, machine, machine learning, student, artificial, intelligence, artificial intelligence, performance, prediction, algorithm"
Colombia_National_AI_Policy_CONPES4144_2025_chunk_81,Colombia_National_AI_Policy_CONPES4144_2025,Colombia,Latin America,Colombia National AI Policy CONPES 4144 2025,National Policy,2025,-1,
Colombia_National_AI_Policy_CONPES4144_2025_chunk_82,Colombia_National_AI_Policy_CONPES4144_2025,Colombia,Latin America,Colombia National AI Policy CONPES 4144 2025,National Policy,2025,-1,
Colombia_National_AI_Policy_CONPES4144_2025_chunk_83,Colombia_National_AI_Policy_CONPES4144_2025,Colombia,Latin America,Colombia National AI Policy CONPES 4144 2025,National Policy,2025,-1,
Colombia_National_AI_Policy_CONPES4144_2025_chunk_84,Colombia_National_AI_Policy_CONPES4144_2025,Colombia,Latin America,Colombia National AI Policy CONPES 4144 2025,National Policy,2025,0,"learning, machine, machine learning, student, artificial, intelligence, artificial intelligence, performance, prediction, algorithm"
Colombia_National_AI_Policy_CONPES4144_2025_chunk_85,Colombia_National_AI_Policy_CONPES4144_2025,Colombia,Latin America,Colombia National AI Policy CONPES 4144 2025,National Policy,2025,-1,
Colombia_National_AI_Policy_CONPES4144_2025_chunk_86,Colombia_National_AI_Policy_CONPES4144_2025,Colombia,Latin America,Colombia National AI Policy CONPES 4144 2025,National Policy,2025,-1,
Colombia_National_AI_Policy_CONPES4144_2025_chunk_87,Colombia_National_AI_Policy_CONPES4144_2025,Colombia,Latin America,Colombia National AI Policy CONPES 4144 2025,National Policy,2025,0,"learning, machine, machine learning, student, artificial, intelligence, artificial intelligence, performance, prediction, algorithm"
Colombia_National_AI_Policy_CONPES4144_2025_chunk_88,Colombia_National_AI_Policy_CONPES4144_2025,Colombia,Latin America,Colombia National AI Policy CONPES 4144 2025,National Policy,2025,-1,
Colombia_National_AI_Policy_CONPES4144_2025_chunk_89,Colombia_National_AI_Policy_CONPES4144_2025,Colombia,Latin America,Colombia National AI Policy CONPES 4144 2025,National Policy,2025,-1,
Colombia_National_AI_Policy_CONPES4144_2025_chunk_90,Colombia_National_AI_Policy_CONPES4144_2025,Colombia,Latin America,Colombia National AI Policy CONPES 4144 2025,National Policy,2025,-1,
Colombia_National_AI_Policy_CONPES4144_2025_chunk_91,Colombia_National_AI_Policy_CONPES4144_2025,Colombia,Latin America,Colombia National AI Policy CONPES 4144 2025,National Policy,2025,-1,
Colombia_National_AI_Policy_CONPES4144_2025_chunk_92,Colombia_National_AI_Policy_CONPES4144_2025,Colombia,Latin America,Colombia National AI Policy CONPES 4144 2025,National Policy,2025,0,"learning, machine, machine learning, student, artificial, intelligence, artificial intelligence, performance, prediction, algorithm"
Colombia_National_AI_Policy_CONPES4144_2025_chunk_93,Colombia_National_AI_Policy_CONPES4144_2025,Colombia,Latin America,Colombia National AI Policy CONPES 4144 2025,National Policy,2025,-1,
Colombia_National_AI_Policy_CONPES4144_2025_chunk_94,Colombia_National_AI_Policy_CONPES4144_2025,Colombia,Latin America,Colombia National AI Policy CONPES 4144 2025,National Policy,2025,-1,
Colombia_National_AI_Policy_CONPES4144_2025_chunk_95,Colombia_National_AI_Policy_CONPES4144_2025,Colombia,Latin America,Colombia National AI Policy CONPES 4144 2025,National Policy,2025,0,"learning, machine, machine learning, student, artificial, intelligence, artificial intelligence, performance, prediction, algorithm"
Colombia_National_AI_Policy_CONPES4144_2025_chunk_96,Colombia_National_AI_Policy_CONPES4144_2025,Colombia,Latin America,Colombia National AI Policy CONPES 4144 2025,National Policy,2025,-1,
Colombia_National_AI_Policy_CONPES4144_2025_chunk_97,Colombia_National_AI_Policy_CONPES4144_2025,Colombia,Latin America,Colombia National AI Policy CONPES 4144 2025,National Policy,2025,-1,
Colombia_National_AI_Policy_CONPES4144_2025_chunk_98,Colombia_National_AI_Policy_CONPES4144_2025,Colombia,Latin America,Colombia National AI Policy CONPES 4144 2025,National Policy,2025,0,"learning, machine, machine learning, student, artificial, intelligence, artificial intelligence, performance, prediction, algorithm"
Colombia_National_AI_Policy_CONPES4144_2025_chunk_99,Colombia_National_AI_Policy_CONPES4144_2025,Colombia,Latin America,Colombia National AI Policy CONPES 4144 2025,National Policy,2025,0,"learning, machine, machine learning, student, artificial, intelligence, artificial intelligence, performance, prediction, algorithm"
Colombia_National_AI_Policy_CONPES4144_2025_chunk_100,Colombia_National_AI_Policy_CONPES4144_2025,Colombia,Latin America,Colombia National AI Policy CONPES 4144 2025,National Policy,2025,-1,
Colombia_National_AI_Policy_CONPES4144_2025_chunk_101,Colombia_National_AI_Policy_CONPES4144_2025,Colombia,Latin America,Colombia National AI Policy CONPES 4144 2025,National Policy,2025,-1,
Colombia_National_AI_Policy_CONPES4144_2025_chunk_102,Colombia_National_AI_Policy_CONPES4144_2025,Colombia,Latin America,Colombia National AI Policy CONPES 4144 2025,National Policy,2025,-1,
Colombia_National_AI_Policy_CONPES4144_2025_chunk_103,Colombia_National_AI_Policy_CONPES4144_2025,Colombia,Latin America,Colombia National AI Policy CONPES 4144 2025,National Policy,2025,0,"learning, machine, machine learning, student, artificial, intelligence, artificial intelligence, performance, prediction, algorithm"
Colombia_National_AI_Policy_CONPES4144_2025_chunk_104,Colombia_National_AI_Policy_CONPES4144_2025,Colombia,Latin America,Colombia National AI Policy CONPES 4144 2025,National Policy,2025,-1,
Colombia_National_AI_Policy_CONPES4144_2025_chunk_105,Colombia_National_AI_Policy_CONPES4144_2025,Colombia,Latin America,Colombia National AI Policy CONPES 4144 2025,National Policy,2025,-1,
Colombia_National_AI_Policy_CONPES4144_2025_chunk_106,Colombia_National_AI_Policy_CONPES4144_2025,Colombia,Latin America,Colombia National AI Policy CONPES 4144 2025,National Policy,2025,-1,
Colombia_National_AI_Policy_CONPES4144_2025_chunk_107,Colombia_National_AI_Policy_CONPES4144_2025,Colombia,Latin America,Colombia National AI Policy CONPES 4144 2025,National Policy,2025,0,"learning, machine, machine learning, student, artificial, intelligence, artificial intelligence, performance, prediction, algorithm"
Mexico_AI_National_Agenda_2018_chunk_0,Mexico_AI_National_Agenda_2018,Mexico,Latin America,Mexico Towards an AI National Agenda 2018,Policy Agenda,2018,0,"learning, machine, machine learning, student, artificial, intelligence, artificial intelligence, performance, prediction, algorithm"
Mexico_AI_National_Agenda_2018_chunk_1,Mexico_AI_National_Agenda_2018,Mexico,Latin America,Mexico Towards an AI National Agenda 2018,Policy Agenda,2018,0,"learning, machine, machine learning, student, artificial, intelligence, artificial intelligence, performance, prediction, algorithm"
Mexico_AI_National_Agenda_2018_chunk_2,Mexico_AI_National_Agenda_2018,Mexico,Latin America,Mexico Towards an AI National Agenda 2018,Policy Agenda,2018,0,"learning, machine, machine learning, student, artificial, intelligence, artificial intelligence, performance, prediction, algorithm"
Mexico_AI_National_Agenda_2018_chunk_3,Mexico_AI_National_Agenda_2018,Mexico,Latin America,Mexico Towards an AI National Agenda 2018,Policy Agenda,2018,0,"learning, machine, machine learning, student, artificial, intelligence, artificial intelligence, performance, prediction, algorithm"
Mexico_AI_National_Agenda_2018_chunk_4,Mexico_AI_National_Agenda_2018,Mexico,Latin America,Mexico Towards an AI National Agenda 2018,Policy Agenda,2018,0,"learning, machine, machine learning, student, artificial, intelligence, artificial intelligence, performance, prediction, algorithm"
Mexico_AI_National_Agenda_2018_chunk_5,Mexico_AI_National_Agenda_2018,Mexico,Latin America,Mexico Towards an AI National Agenda 2018,Policy Agenda,2018,0,"learning, machine, machine learning, student, artificial, intelligence, artificial intelligence, performance, prediction, algorithm"
Mexico_AI_National_Agenda_2018_chunk_6,Mexico_AI_National_Agenda_2018,Mexico,Latin America,Mexico Towards an AI National Agenda 2018,Policy Agenda,2018,0,"learning, machine, machine learning, student, artificial, intelligence, artificial intelligence, performance, prediction, algorithm"
Mexico_AI_National_Agenda_2018_chunk_7,Mexico_AI_National_Agenda_2018,Mexico,Latin America,Mexico Towards an AI National Agenda 2018,Policy Agenda,2018,0,"learning, machine, machine learning, student, artificial, intelligence, artificial intelligence, performance, prediction, algorithm"
Mexico_AI_National_Agenda_2018_chunk_8,Mexico_AI_National_Agenda_2018,Mexico,Latin America,Mexico Towards an AI National Agenda 2018,Policy Agenda,2018,0,"learning, machine, machine learning, student, artificial, intelligence, artificial intelligence, performance, prediction, algorithm"
Mexico_AI_National_Agenda_2018_chunk_9,Mexico_AI_National_Agenda_2018,Mexico,Latin America,Mexico Towards an AI National Agenda 2018,Policy Agenda,2018,0,"learning, machine, machine learning, student, artificial, intelligence, artificial intelligence, performance, prediction, algorithm"
Mexico_AI_National_Agenda_2018_chunk_10,Mexico_AI_National_Agenda_2018,Mexico,Latin America,Mexico Towards an AI National Agenda 2018,Policy Agenda,2018,0,"learning, machine, machine learning, student, artificial, intelligence, artificial intelligence, performance, prediction, algorithm"
Mexico_AI_National_Agenda_2018_chunk_11,Mexico_AI_National_Agenda_2018,Mexico,Latin America,Mexico Towards an AI National Agenda 2018,Policy Agenda,2018,0,"learning, machine, machine learning, student, artificial, intelligence, artificial intelligence, performance, prediction, algorithm"
Mexico_AI_National_Agenda_2018_chunk_12,Mexico_AI_National_Agenda_2018,Mexico,Latin America,Mexico Towards an AI National Agenda 2018,Policy Agenda,2018,0,"learning, machine, machine learning, student, artificial, intelligence, artificial intelligence, performance, prediction, algorithm"
Mexico_AI_National_Agenda_2018_chunk_13,Mexico_AI_National_Agenda_2018,Mexico,Latin America,Mexico Towards an AI National Agenda 2018,Policy Agenda,2018,0,"learning, machine, machine learning, student, artificial, intelligence, artificial intelligence, performance, prediction, algorithm"
Mexico_AI_National_Agenda_2018_chunk_14,Mexico_AI_National_Agenda_2018,Mexico,Latin America,Mexico Towards an AI National Agenda 2018,Policy Agenda,2018,0,"learning, machine, machine learning, student, artificial, intelligence, artificial intelligence, performance, prediction, algorithm"
Mexico_AI_National_Agenda_2018_chunk_15,Mexico_AI_National_Agenda_2018,Mexico,Latin America,Mexico Towards an AI National Agenda 2018,Policy Agenda,2018,0,"learning, machine, machine learning, student, artificial, intelligence, artificial intelligence, performance, prediction, algorithm"
Mexico_AI_National_Agenda_2018_chunk_16,Mexico_AI_National_Agenda_2018,Mexico,Latin America,Mexico Towards an AI National Agenda 2018,Policy Agenda,2018,0,"learning, machine, machine learning, student, artificial, intelligence, artificial intelligence, performance, prediction, algorithm"
Mexico_AI_National_Agenda_2018_chunk_17,Mexico_AI_National_Agenda_2018,Mexico,Latin America,Mexico Towards an AI National Agenda 2018,Policy Agenda,2018,0,"learning, machine, machine learning, student, artificial, intelligence, artificial intelligence, performance, prediction, algorithm"
Mexico_AI_National_Agenda_2018_chunk_18,Mexico_AI_National_Agenda_2018,Mexico,Latin America,Mexico Towards an AI National Agenda 2018,Policy Agenda,2018,0,"learning, machine, machine learning, student, artificial, intelligence, artificial intelligence, performance, prediction, algorithm"
Mexico_AI_National_Agenda_2018_chunk_19,Mexico_AI_National_Agenda_2018,Mexico,Latin America,Mexico Towards an AI National Agenda 2018,Policy Agenda,2018,0,"learning, machine, machine learning, student, artificial, intelligence, artificial intelligence, performance, prediction, algorithm"
Mexico_AI_National_Agenda_2018_chunk_20,Mexico_AI_National_Agenda_2018,Mexico,Latin America,Mexico Towards an AI National Agenda 2018,Policy Agenda,2018,0,"learning, machine, machine learning, student, artificial, intelligence, artificial intelligence, performance, prediction, algorithm"
Mexico_AI_National_Agenda_2018_chunk_21,Mexico_AI_National_Agenda_2018,Mexico,Latin America,Mexico Towards an AI National Agenda 2018,Policy Agenda,2018,0,"learning, machine, machine learning, student, artificial, intelligence, artificial intelligence, performance, prediction, algorithm"
Mexico_AI_National_Agenda_2018_chunk_22,Mexico_AI_National_Agenda_2018,Mexico,Latin America,Mexico Towards an AI National Agenda 2018,Policy Agenda,2018,0,"learning, machine, machine learning, student, artificial, intelligence, artificial intelligence, performance, prediction, algorithm"
Mexico_AI_National_Agenda_2018_chunk_23,Mexico_AI_National_Agenda_2018,Mexico,Latin America,Mexico Towards an AI National Agenda 2018,Policy Agenda,2018,0,"learning, machine, machine learning, student, artificial, intelligence, artificial intelligence, performance, prediction, algorithm"
Mexico_AI_National_Agenda_2018_chunk_24,Mexico_AI_National_Agenda_2018,Mexico,Latin America,Mexico Towards an AI National Agenda 2018,Policy Agenda,2018,0,"learning, machine, machine learning, student, artificial, intelligence, artificial intelligence, performance, prediction, algorithm"
Mexico_AI_National_Agenda_2018_chunk_25,Mexico_AI_National_Agenda_2018,Mexico,Latin America,Mexico Towards an AI National Agenda 2018,Policy Agenda,2018,0,"learning, machine, machine learning, student, artificial, intelligence, artificial intelligence, performance, prediction, algorithm"
Mexico_AI_National_Agenda_2018_chunk_26,Mexico_AI_National_Agenda_2018,Mexico,Latin America,Mexico Towards an AI National Agenda 2018,Policy Agenda,2018,0,"learning, machine, machine learning, student, artificial, intelligence, artificial intelligence, performance, prediction, algorithm"
Mexico_AI_National_Agenda_2018_chunk_27,Mexico_AI_National_Agenda_2018,Mexico,Latin America,Mexico Towards an AI National Agenda 2018,Policy Agenda,2018,0,"learning, machine, machine learning, student, artificial, intelligence, artificial intelligence, performance, prediction, algorithm"
Mexico_AI_National_Agenda_2018_chunk_28,Mexico_AI_National_Agenda_2018,Mexico,Latin America,Mexico Towards an AI National Agenda 2018,Policy Agenda,2018,0,"learning, machine, machine learning, student, artificial, intelligence, artificial intelligence, performance, prediction, algorithm"
Mexico_AI_National_Agenda_2018_chunk_29,Mexico_AI_National_Agenda_2018,Mexico,Latin America,Mexico Towards an AI National Agenda 2018,Policy Agenda,2018,0,"learning, machine, machine learning, student, artificial, intelligence, artificial intelligence, performance, prediction, algorithm"
Mexico_AI_National_Agenda_2018_chunk_30,Mexico_AI_National_Agenda_2018,Mexico,Latin America,Mexico Towards an AI National Agenda 2018,Policy Agenda,2018,0,"learning, machine, machine learning, student, artificial, intelligence, artificial intelligence, performance, prediction, algorithm"
Mexico_AI_National_Agenda_2018_chunk_31,Mexico_AI_National_Agenda_2018,Mexico,Latin America,Mexico Towards an AI National Agenda 2018,Policy Agenda,2018,0,"learning, machine, machine learning, student, artificial, intelligence, artificial intelligence, performance, prediction, algorithm"
Mexico_AI_National_Agenda_2018_chunk_32,Mexico_AI_National_Agenda_2018,Mexico,Latin America,Mexico Towards an AI National Agenda 2018,Policy Agenda,2018,0,"learning, machine, machine learning, student, artificial, intelligence, artificial intelligence, performance, prediction, algorithm"
Mexico_AI_National_Agenda_2018_chunk_33,Mexico_AI_National_Agenda_2018,Mexico,Latin America,Mexico Towards an AI National Agenda 2018,Policy Agenda,2018,0,"learning, machine, machine learning, student, artificial, intelligence, artificial intelligence, performance, prediction, algorithm"
Mexico_AI_National_Agenda_2018_chunk_34,Mexico_AI_National_Agenda_2018,Mexico,Latin America,Mexico Towards an AI National Agenda 2018,Policy Agenda,2018,0,"learning, machine, machine learning, student, artificial, intelligence, artificial intelligence, performance, prediction, algorithm"
Mexico_AI_National_Agenda_2018_chunk_35,Mexico_AI_National_Agenda_2018,Mexico,Latin America,Mexico Towards an AI National Agenda 2018,Policy Agenda,2018,0,"learning, machine, machine learning, student, artificial, intelligence, artificial intelligence, performance, prediction, algorithm"
Mexico_AI_National_Agenda_2018_chunk_36,Mexico_AI_National_Agenda_2018,Mexico,Latin America,Mexico Towards an AI National Agenda 2018,Policy Agenda,2018,0,"learning, machine, machine learning, student, artificial, intelligence, artificial intelligence, performance, prediction, algorithm"
Mexico_AI_National_Agenda_2018_chunk_37,Mexico_AI_National_Agenda_2018,Mexico,Latin America,Mexico Towards an AI National Agenda 2018,Policy Agenda,2018,0,"learning, machine, machine learning, student, artificial, intelligence, artificial intelligence, performance, prediction, algorithm"
Mexico_AI_National_Agenda_2018_chunk_38,Mexico_AI_National_Agenda_2018,Mexico,Latin America,Mexico Towards an AI National Agenda 2018,Policy Agenda,2018,0,"learning, machine, machine learning, student, artificial, intelligence, artificial intelligence, performance, prediction, algorithm"
Mexico_AI_National_Agenda_2018_chunk_39,Mexico_AI_National_Agenda_2018,Mexico,Latin America,Mexico Towards an AI National Agenda 2018,Policy Agenda,2018,0,"learning, machine, machine learning, student, artificial, intelligence, artificial intelligence, performance, prediction, algorithm"
Mexico_AI_National_Agenda_2018_chunk_40,Mexico_AI_National_Agenda_2018,Mexico,Latin America,Mexico Towards an AI National Agenda 2018,Policy Agenda,2018,0,"learning, machine, machine learning, student, artificial, intelligence, artificial intelligence, performance, prediction, algorithm"
Mexico_AI_National_Agenda_2018_chunk_41,Mexico_AI_National_Agenda_2018,Mexico,Latin America,Mexico Towards an AI National Agenda 2018,Policy Agenda,2018,0,"learning, machine, machine learning, student, artificial, intelligence, artificial intelligence, performance, prediction, algorithm"
Mexico_AI_National_Agenda_2018_chunk_42,Mexico_AI_National_Agenda_2018,Mexico,Latin America,Mexico Towards an AI National Agenda 2018,Policy Agenda,2018,0,"learning, machine, machine learning, student, artificial, intelligence, artificial intelligence, performance, prediction, algorithm"
Mexico_AI_National_Agenda_2018_chunk_43,Mexico_AI_National_Agenda_2018,Mexico,Latin America,Mexico Towards an AI National Agenda 2018,Policy Agenda,2018,0,"learning, machine, machine learning, student, artificial, intelligence, artificial intelligence, performance, prediction, algorithm"
Mexico_AI_National_Agenda_2018_chunk_44,Mexico_AI_National_Agenda_2018,Mexico,Latin America,Mexico Towards an AI National Agenda 2018,Policy Agenda,2018,0,"learning, machine, machine learning, student, artificial, intelligence, artificial intelligence, performance, prediction, algorithm"
Mexico_AI_National_Agenda_2018_chunk_45,Mexico_AI_National_Agenda_2018,Mexico,Latin America,Mexico Towards an AI National Agenda 2018,Policy Agenda,2018,0,"learning, machine, machine learning, student, artificial, intelligence, artificial intelligence, performance, prediction, algorithm"
Mexico_AI_National_Agenda_2018_chunk_46,Mexico_AI_National_Agenda_2018,Mexico,Latin America,Mexico Towards an AI National Agenda 2018,Policy Agenda,2018,0,"learning, machine, machine learning, student, artificial, intelligence, artificial intelligence, performance, prediction, algorithm"
Mexico_AI_National_Agenda_2018_chunk_47,Mexico_AI_National_Agenda_2018,Mexico,Latin America,Mexico Towards an AI National Agenda 2018,Policy Agenda,2018,0,"learning, machine, machine learning, student, artificial, intelligence, artificial intelligence, performance, prediction, algorithm"
Mexico_AI_National_Agenda_2018_chunk_48,Mexico_AI_National_Agenda_2018,Mexico,Latin America,Mexico Towards an AI National Agenda 2018,Policy Agenda,2018,0,"learning, machine, machine learning, student, artificial, intelligence, artificial intelligence, performance, prediction, algorithm"
Mexico_AI_National_Agenda_2018_chunk_49,Mexico_AI_National_Agenda_2018,Mexico,Latin America,Mexico Towards an AI National Agenda 2018,Policy Agenda,2018,0,"learning, machine, machine learning, student, artificial, intelligence, artificial intelligence, performance, prediction, algorithm"
Mexico_AI_National_Agenda_2018_chunk_50,Mexico_AI_National_Agenda_2018,Mexico,Latin America,Mexico Towards an AI National Agenda 2018,Policy Agenda,2018,0,"learning, machine, machine learning, student, artificial, intelligence, artificial intelligence, performance, prediction, algorithm"
Mexico_AI_National_Agenda_2018_chunk_51,Mexico_AI_National_Agenda_2018,Mexico,Latin America,Mexico Towards an AI National Agenda 2018,Policy Agenda,2018,0,"learning, machine, machine learning, student, artificial, intelligence, artificial intelligence, performance, prediction, algorithm"
Mexico_AI_National_Agenda_2018_chunk_52,Mexico_AI_National_Agenda_2018,Mexico,Latin America,Mexico Towards an AI National Agenda 2018,Policy Agenda,2018,0,"learning, machine, machine learning, student, artificial, intelligence, artificial intelligence, performance, prediction, algorithm"
Mexico_AI_National_Agenda_2018_chunk_53,Mexico_AI_National_Agenda_2018,Mexico,Latin America,Mexico Towards an AI National Agenda 2018,Policy Agenda,2018,0,"learning, machine, machine learning, student, artificial, intelligence, artificial intelligence, performance, prediction, algorithm"
Mexico_AI_National_Agenda_2018_chunk_54,Mexico_AI_National_Agenda_2018,Mexico,Latin America,Mexico Towards an AI National Agenda 2018,Policy Agenda,2018,0,"learning, machine, machine learning, student, artificial, intelligence, artificial intelligence, performance, prediction, algorithm"
Mexico_AI_National_Agenda_2018_chunk_55,Mexico_AI_National_Agenda_2018,Mexico,Latin America,Mexico Towards an AI National Agenda 2018,Policy Agenda,2018,0,"learning, machine, machine learning, student, artificial, intelligence, artificial intelligence, performance, prediction, algorithm"
Mexico_AI_National_Agenda_2018_chunk_56,Mexico_AI_National_Agenda_2018,Mexico,Latin America,Mexico Towards an AI National Agenda 2018,Policy Agenda,2018,0,"learning, machine, machine learning, student, artificial, intelligence, artificial intelligence, performance, prediction, algorithm"
Mexico_AI_National_Agenda_2018_chunk_57,Mexico_AI_National_Agenda_2018,Mexico,Latin America,Mexico Towards an AI National Agenda 2018,Policy Agenda,2018,0,"learning, machine, machine learning, student, artificial, intelligence, artificial intelligence, performance, prediction, algorithm"
Mexico_AI_National_Agenda_2018_chunk_58,Mexico_AI_National_Agenda_2018,Mexico,Latin America,Mexico Towards an AI National Agenda 2018,Policy Agenda,2018,0,"learning, machine, machine learning, student, artificial, intelligence, artificial intelligence, performance, prediction, algorithm"
Mexico_AI_National_Agenda_2018_chunk_59,Mexico_AI_National_Agenda_2018,Mexico,Latin America,Mexico Towards an AI National Agenda 2018,Policy Agenda,2018,0,"learning, machine, machine learning, student, artificial, intelligence, artificial intelligence, performance, prediction, algorithm"
Mexico_AI_National_Agenda_2018_chunk_60,Mexico_AI_National_Agenda_2018,Mexico,Latin America,Mexico Towards an AI National Agenda 2018,Policy Agenda,2018,0,"learning, machine, machine learning, student, artificial, intelligence, artificial intelligence, performance, prediction, algorithm"
Mexico_AI_National_Agenda_2018_chunk_61,Mexico_AI_National_Agenda_2018,Mexico,Latin America,Mexico Towards an AI National Agenda 2018,Policy Agenda,2018,0,"learning, machine, machine learning, student, artificial, intelligence, artificial intelligence, performance, prediction, algorithm"
Mexico_AI_National_Agenda_2018_chunk_62,Mexico_AI_National_Agenda_2018,Mexico,Latin America,Mexico Towards an AI National Agenda 2018,Policy Agenda,2018,0,"learning, machine, machine learning, student, artificial, intelligence, artificial intelligence, performance, prediction, algorithm"
Mexico_AI_National_Agenda_2018_chunk_63,Mexico_AI_National_Agenda_2018,Mexico,Latin America,Mexico Towards an AI National Agenda 2018,Policy Agenda,2018,0,"learning, machine, machine learning, student, artificial, intelligence, artificial intelligence, performance, prediction, algorithm"
Mexico_AI_National_Agenda_2018_chunk_64,Mexico_AI_National_Agenda_2018,Mexico,Latin America,Mexico Towards an AI National Agenda 2018,Policy Agenda,2018,0,"learning, machine, machine learning, student, artificial, intelligence, artificial intelligence, performance, prediction, algorithm"
Mexico_AI_National_Agenda_2018_chunk_65,Mexico_AI_National_Agenda_2018,Mexico,Latin America,Mexico Towards an AI National Agenda 2018,Policy Agenda,2018,0,"learning, machine, machine learning, student, artificial, intelligence, artificial intelligence, performance, prediction, algorithm"
Mexico_AI_National_Agenda_2018_chunk_66,Mexico_AI_National_Agenda_2018,Mexico,Latin America,Mexico Towards an AI National Agenda 2018,Policy Agenda,2018,0,"learning, machine, machine learning, student, artificial, intelligence, artificial intelligence, performance, prediction, algorithm"
Mexico_AI_National_Agenda_2018_chunk_67,Mexico_AI_National_Agenda_2018,Mexico,Latin America,Mexico Towards an AI National Agenda 2018,Policy Agenda,2018,0,"learning, machine, machine learning, student, artificial, intelligence, artificial intelligence, performance, prediction, algorithm"
Mexico_AI_National_Agenda_2018_chunk_68,Mexico_AI_National_Agenda_2018,Mexico,Latin America,Mexico Towards an AI National Agenda 2018,Policy Agenda,2018,0,"learning, machine, machine learning, student, artificial, intelligence, artificial intelligence, performance, prediction, algorithm"
Mexico_AI_National_Agenda_2018_chunk_69,Mexico_AI_National_Agenda_2018,Mexico,Latin America,Mexico Towards an AI National Agenda 2018,Policy Agenda,2018,0,"learning, machine, machine learning, student, artificial, intelligence, artificial intelligence, performance, prediction, algorithm"
Mexico_AI_National_Agenda_2018_chunk_70,Mexico_AI_National_Agenda_2018,Mexico,Latin America,Mexico Towards an AI National Agenda 2018,Policy Agenda,2018,0,"learning, machine, machine learning, student, artificial, intelligence, artificial intelligence, performance, prediction, algorithm"
Mexico_AI_National_Agenda_2018_chunk_71,Mexico_AI_National_Agenda_2018,Mexico,Latin America,Mexico Towards an AI National Agenda 2018,Policy Agenda,2018,0,"learning, machine, machine learning, student, artificial, intelligence, artificial intelligence, performance, prediction, algorithm"
Mexico_AI_National_Agenda_2018_chunk_72,Mexico_AI_National_Agenda_2018,Mexico,Latin America,Mexico Towards an AI National Agenda 2018,Policy Agenda,2018,0,"learning, machine, machine learning, student, artificial, intelligence, artificial intelligence, performance, prediction, algorithm"
Mexico_AI_National_Agenda_2018_chunk_73,Mexico_AI_National_Agenda_2018,Mexico,Latin America,Mexico Towards an AI National Agenda 2018,Policy Agenda,2018,0,"learning, machine, machine learning, student, artificial, intelligence, artificial intelligence, performance, prediction, algorithm"
Mexico_AI_National_Agenda_2018_chunk_74,Mexico_AI_National_Agenda_2018,Mexico,Latin America,Mexico Towards an AI National Agenda 2018,Policy Agenda,2018,0,"learning, machine, machine learning, student, artificial, intelligence, artificial intelligence, performance, prediction, algorithm"
Mexico_AI_National_Agenda_2018_chunk_75,Mexico_AI_National_Agenda_2018,Mexico,Latin America,Mexico Towards an AI National Agenda 2018,Policy Agenda,2018,0,"learning, machine, machine learning, student, artificial, intelligence, artificial intelligence, performance, prediction, algorithm"
Mexico_AI_National_Agenda_2018_chunk_76,Mexico_AI_National_Agenda_2018,Mexico,Latin America,Mexico Towards an AI National Agenda 2018,Policy Agenda,2018,0,"learning, machine, machine learning, student, artificial, intelligence, artificial intelligence, performance, prediction, algorithm"
Mexico_AI_National_Agenda_2018_chunk_77,Mexico_AI_National_Agenda_2018,Mexico,Latin America,Mexico Towards an AI National Agenda 2018,Policy Agenda,2018,0,"learning, machine, machine learning, student, artificial, intelligence, artificial intelligence, performance, prediction, algorithm"
Mexico_AI_National_Agenda_2018_chunk_78,Mexico_AI_National_Agenda_2018,Mexico,Latin America,Mexico Towards an AI National Agenda 2018,Policy Agenda,2018,0,"learning, machine, machine learning, student, artificial, intelligence, artificial intelligence, performance, prediction, algorithm"
Mexico_AI_National_Agenda_2018_chunk_79,Mexico_AI_National_Agenda_2018,Mexico,Latin America,Mexico Towards an AI National Agenda 2018,Policy Agenda,2018,0,"learning, machine, machine learning, student, artificial, intelligence, artificial intelligence, performance, prediction, algorithm"
Mexico_AI_National_Agenda_2018_chunk_80,Mexico_AI_National_Agenda_2018,Mexico,Latin America,Mexico Towards an AI National Agenda 2018,Policy Agenda,2018,0,"learning, machine, machine learning, student, artificial, intelligence, artificial intelligence, performance, prediction, algorithm"
Mexico_AI_National_Agenda_2018_chunk_81,Mexico_AI_National_Agenda_2018,Mexico,Latin America,Mexico Towards an AI National Agenda 2018,Policy Agenda,2018,0,"learning, machine, machine learning, student, artificial, intelligence, artificial intelligence, performance, prediction, algorithm"
Mexico_AI_National_Agenda_2018_chunk_82,Mexico_AI_National_Agenda_2018,Mexico,Latin America,Mexico Towards an AI National Agenda 2018,Policy Agenda,2018,0,"learning, machine, machine learning, student, artificial, intelligence, artificial intelligence, performance, prediction, algorithm"
Mexico_AI_National_Agenda_2018_chunk_83,Mexico_AI_National_Agenda_2018,Mexico,Latin America,Mexico Towards an AI National Agenda 2018,Policy Agenda,2018,0,"learning, machine, machine learning, student, artificial, intelligence, artificial intelligence, performance, prediction, algorithm"
Mexico_AI_National_Agenda_2018_chunk_84,Mexico_AI_National_Agenda_2018,Mexico,Latin America,Mexico Towards an AI National Agenda 2018,Policy Agenda,2018,0,"learning, machine, machine learning, student, artificial, intelligence, artificial intelligence, performance, prediction, algorithm"
Mexico_AI_National_Agenda_2018_chunk_85,Mexico_AI_National_Agenda_2018,Mexico,Latin America,Mexico Towards an AI National Agenda 2018,Policy Agenda,2018,0,"learning, machine, machine learning, student, artificial, intelligence, artificial intelligence, performance, prediction, algorithm"
Mexico_AI_National_Agenda_2018_chunk_86,Mexico_AI_National_Agenda_2018,Mexico,Latin America,Mexico Towards an AI National Agenda 2018,Policy Agenda,2018,0,"learning, machine, machine learning, student, artificial, intelligence, artificial intelligence, performance, prediction, algorithm"
Mexico_AI_National_Agenda_2018_chunk_87,Mexico_AI_National_Agenda_2018,Mexico,Latin America,Mexico Towards an AI National Agenda 2018,Policy Agenda,2018,0,"learning, machine, machine learning, student, artificial, intelligence, artificial intelligence, performance, prediction, algorithm"
Mexico_AI_National_Agenda_2018_chunk_88,Mexico_AI_National_Agenda_2018,Mexico,Latin America,Mexico Towards an AI National Agenda 2018,Policy Agenda,2018,0,"learning, machine, machine learning, student, artificial, intelligence, artificial intelligence, performance, prediction, algorithm"
Mexico_AI_National_Agenda_2018_chunk_89,Mexico_AI_National_Agenda_2018,Mexico,Latin America,Mexico Towards an AI National Agenda 2018,Policy Agenda,2018,0,"learning, machine, machine learning, student, artificial, intelligence, artificial intelligence, performance, prediction, algorithm"
Mexico_AI_National_Agenda_2018_chunk_90,Mexico_AI_National_Agenda_2018,Mexico,Latin America,Mexico Towards an AI National Agenda 2018,Policy Agenda,2018,0,"learning, machine, machine learning, student, artificial, intelligence, artificial intelligence, performance, prediction, algorithm"
Mexico_AI_National_Agenda_2018_chunk_91,Mexico_AI_National_Agenda_2018,Mexico,Latin America,Mexico Towards an AI National Agenda 2018,Policy Agenda,2018,0,"learning, machine, machine learning, student, artificial, intelligence, artificial intelligence, performance, prediction, algorithm"
Mexico_AI_National_Agenda_2018_chunk_92,Mexico_AI_National_Agenda_2018,Mexico,Latin America,Mexico Towards an AI National Agenda 2018,Policy Agenda,2018,0,"learning, machine, machine learning, student, artificial, intelligence, artificial intelligence, performance, prediction, algorithm"
Mexico_AI_National_Agenda_2018_chunk_93,Mexico_AI_National_Agenda_2018,Mexico,Latin America,Mexico Towards an AI National Agenda 2018,Policy Agenda,2018,0,"learning, machine, machine learning, student, artificial, intelligence, artificial intelligence, performance, prediction, algorithm"
Mexico_AI_National_Agenda_2018_chunk_94,Mexico_AI_National_Agenda_2018,Mexico,Latin America,Mexico Towards an AI National Agenda 2018,Policy Agenda,2018,0,"learning, machine, machine learning, student, artificial, intelligence, artificial intelligence, performance, prediction, algorithm"
Mexico_AI_National_Agenda_2018_chunk_95,Mexico_AI_National_Agenda_2018,Mexico,Latin America,Mexico Towards an AI National Agenda 2018,Policy Agenda,2018,0,"learning, machine, machine learning, student, artificial, intelligence, artificial intelligence, performance, prediction, algorithm"
Mexico_AI_National_Agenda_2018_chunk_96,Mexico_AI_National_Agenda_2018,Mexico,Latin America,Mexico Towards an AI National Agenda 2018,Policy Agenda,2018,0,"learning, machine, machine learning, student, artificial, intelligence, artificial intelligence, performance, prediction, algorithm"
Mexico_AI_National_Agenda_2018_chunk_97,Mexico_AI_National_Agenda_2018,Mexico,Latin America,Mexico Towards an AI National Agenda 2018,Policy Agenda,2018,0,"learning, machine, machine learning, student, artificial, intelligence, artificial intelligence, performance, prediction, algorithm"
Mexico_AI_National_Agenda_2018_chunk_98,Mexico_AI_National_Agenda_2018,Mexico,Latin America,Mexico Towards an AI National Agenda 2018,Policy Agenda,2018,0,"learning, machine, machine learning, student, artificial, intelligence, artificial intelligence, performance, prediction, algorithm"
Mexico_AI_National_Agenda_2018_chunk_99,Mexico_AI_National_Agenda_2018,Mexico,Latin America,Mexico Towards an AI National Agenda 2018,Policy Agenda,2018,0,"learning, machine, machine learning, student, artificial, intelligence, artificial intelligence, performance, prediction, algorithm"
Mexico_AI_National_Agenda_2018_chunk_100,Mexico_AI_National_Agenda_2018,Mexico,Latin America,Mexico Towards an AI National Agenda 2018,Policy Agenda,2018,0,"learning, machine, machine learning, student, artificial, intelligence, artificial intelligence, performance, prediction, algorithm"
Mexico_AI_National_Agenda_2018_chunk_101,Mexico_AI_National_Agenda_2018,Mexico,Latin America,Mexico Towards an AI National Agenda 2018,Policy Agenda,2018,0,"learning, machine, machine learning, student, artificial, intelligence, artificial intelligence, performance, prediction, algorithm"
Mexico_AI_National_Agenda_2018_chunk_102,Mexico_AI_National_Agenda_2018,Mexico,Latin America,Mexico Towards an AI National Agenda 2018,Policy Agenda,2018,0,"learning, machine, machine learning, student, artificial, intelligence, artificial intelligence, performance, prediction, algorithm"
Mexico_AI_National_Agenda_2018_chunk_103,Mexico_AI_National_Agenda_2018,Mexico,Latin America,Mexico Towards an AI National Agenda 2018,Policy Agenda,2018,0,"learning, machine, machine learning, student, artificial, intelligence, artificial intelligence, performance, prediction, algorithm"
Mexico_AI_National_Agenda_2018_chunk_104,Mexico_AI_National_Agenda_2018,Mexico,Latin America,Mexico Towards an AI National Agenda 2018,Policy Agenda,2018,0,"learning, machine, machine learning, student, artificial, intelligence, artificial intelligence, performance, prediction, algorithm"
Mexico_AI_National_Agenda_2018_chunk_105,Mexico_AI_National_Agenda_2018,Mexico,Latin America,Mexico Towards an AI National Agenda 2018,Policy Agenda,2018,0,"learning, machine, machine learning, student, artificial, intelligence, artificial intelligence, performance, prediction, algorithm"
Mexico_AI_National_Agenda_2018_chunk_106,Mexico_AI_National_Agenda_2018,Mexico,Latin America,Mexico Towards an AI National Agenda 2018,Policy Agenda,2018,0,"learning, machine, machine learning, student, artificial, intelligence, artificial intelligence, performance, prediction, algorithm"
Mexico_AI_National_Agenda_2018_chunk_107,Mexico_AI_National_Agenda_2018,Mexico,Latin America,Mexico Towards an AI National Agenda 2018,Policy Agenda,2018,0,"learning, machine, machine learning, student, artificial, intelligence, artificial intelligence, performance, prediction, algorithm"
Mexico_AI_National_Agenda_2018_chunk_108,Mexico_AI_National_Agenda_2018,Mexico,Latin America,Mexico Towards an AI National Agenda 2018,Policy Agenda,2018,0,"learning, machine, machine learning, student, artificial, intelligence, artificial intelligence, performance, prediction, algorithm"
Mexico_AI_National_Agenda_2018_chunk_109,Mexico_AI_National_Agenda_2018,Mexico,Latin America,Mexico Towards an AI National Agenda 2018,Policy Agenda,2018,0,"learning, machine, machine learning, student, artificial, intelligence, artificial intelligence, performance, prediction, algorithm"
Mexico_AI_National_Agenda_2018_chunk_110,Mexico_AI_National_Agenda_2018,Mexico,Latin America,Mexico Towards an AI National Agenda 2018,Policy Agenda,2018,0,"learning, machine, machine learning, student, artificial, intelligence, artificial intelligence, performance, prediction, algorithm"
Mexico_AI_National_Agenda_2018_chunk_111,Mexico_AI_National_Agenda_2018,Mexico,Latin America,Mexico Towards an AI National Agenda 2018,Policy Agenda,2018,0,"learning, machine, machine learning, student, artificial, intelligence, artificial intelligence, performance, prediction, algorithm"
Mexico_AI_National_Agenda_2018_chunk_112,Mexico_AI_National_Agenda_2018,Mexico,Latin America,Mexico Towards an AI National Agenda 2018,Policy Agenda,2018,0,"learning, machine, machine learning, student, artificial, intelligence, artificial intelligence, performance, prediction, algorithm"
Mexico_AI_National_Agenda_2018_chunk_113,Mexico_AI_National_Agenda_2018,Mexico,Latin America,Mexico Towards an AI National Agenda 2018,Policy Agenda,2018,0,"learning, machine, machine learning, student, artificial, intelligence, artificial intelligence, performance, prediction, algorithm"
Mexico_AI_National_Agenda_2018_chunk_114,Mexico_AI_National_Agenda_2018,Mexico,Latin America,Mexico Towards an AI National Agenda 2018,Policy Agenda,2018,0,"learning, machine, machine learning, student, artificial, intelligence, artificial intelligence, performance, prediction, algorithm"
Mexico_AI_National_Agenda_2018_chunk_115,Mexico_AI_National_Agenda_2018,Mexico,Latin America,Mexico Towards an AI National Agenda 2018,Policy Agenda,2018,0,"learning, machine, machine learning, student, artificial, intelligence, artificial intelligence, performance, prediction, algorithm"
Mexico_AI_National_Agenda_2018_chunk_116,Mexico_AI_National_Agenda_2018,Mexico,Latin America,Mexico Towards an AI National Agenda 2018,Policy Agenda,2018,0,"learning, machine, machine learning, student, artificial, intelligence, artificial intelligence, performance, prediction, algorithm"
Mexico_AI_National_Agenda_2018_chunk_117,Mexico_AI_National_Agenda_2018,Mexico,Latin America,Mexico Towards an AI National Agenda 2018,Policy Agenda,2018,0,"learning, machine, machine learning, student, artificial, intelligence, artificial intelligence, performance, prediction, algorithm"
Mexico_AI_National_Agenda_2018_chunk_118,Mexico_AI_National_Agenda_2018,Mexico,Latin America,Mexico Towards an AI National Agenda 2018,Policy Agenda,2018,0,"learning, machine, machine learning, student, artificial, intelligence, artificial intelligence, performance, prediction, algorithm"
Mexico_AI_National_Agenda_2018_chunk_119,Mexico_AI_National_Agenda_2018,Mexico,Latin America,Mexico Towards an AI National Agenda 2018,Policy Agenda,2018,0,"learning, machine, machine learning, student, artificial, intelligence, artificial intelligence, performance, prediction, algorithm"
Mexico_AI_National_Agenda_2018_chunk_120,Mexico_AI_National_Agenda_2018,Mexico,Latin America,Mexico Towards an AI National Agenda 2018,Policy Agenda,2018,0,"learning, machine, machine learning, student, artificial, intelligence, artificial intelligence, performance, prediction, algorithm"
Mexico_AI_National_Agenda_2018_chunk_121,Mexico_AI_National_Agenda_2018,Mexico,Latin America,Mexico Towards an AI National Agenda 2018,Policy Agenda,2018,0,"learning, machine, machine learning, student, artificial, intelligence, artificial intelligence, performance, prediction, algorithm"
Mexico_AI_National_Agenda_2018_chunk_122,Mexico_AI_National_Agenda_2018,Mexico,Latin America,Mexico Towards an AI National Agenda 2018,Policy Agenda,2018,0,"learning, machine, machine learning, student, artificial, intelligence, artificial intelligence, performance, prediction, algorithm"
Mexico_AI_National_Agenda_2018_chunk_123,Mexico_AI_National_Agenda_2018,Mexico,Latin America,Mexico Towards an AI National Agenda 2018,Policy Agenda,2018,0,"learning, machine, machine learning, student, artificial, intelligence, artificial intelligence, performance, prediction, algorithm"
Mexico_AI_National_Agenda_2018_chunk_124,Mexico_AI_National_Agenda_2018,Mexico,Latin America,Mexico Towards an AI National Agenda 2018,Policy Agenda,2018,0,"learning, machine, machine learning, student, artificial, intelligence, artificial intelligence, performance, prediction, algorithm"
Mexico_AI_National_Agenda_2018_chunk_125,Mexico_AI_National_Agenda_2018,Mexico,Latin America,Mexico Towards an AI National Agenda 2018,Policy Agenda,2018,0,"learning, machine, machine learning, student, artificial, intelligence, artificial intelligence, performance, prediction, algorithm"
Mexico_AI_National_Agenda_2018_chunk_126,Mexico_AI_National_Agenda_2018,Mexico,Latin America,Mexico Towards an AI National Agenda 2018,Policy Agenda,2018,0,"learning, machine, machine learning, student, artificial, intelligence, artificial intelligence, performance, prediction, algorithm"
Mexico_AI_National_Agenda_2018_chunk_127,Mexico_AI_National_Agenda_2018,Mexico,Latin America,Mexico Towards an AI National Agenda 2018,Policy Agenda,2018,0,"learning, machine, machine learning, student, artificial, intelligence, artificial intelligence, performance, prediction, algorithm"
Mexico_AI_National_Agenda_2018_chunk_128,Mexico_AI_National_Agenda_2018,Mexico,Latin America,Mexico Towards an AI National Agenda 2018,Policy Agenda,2018,0,"learning, machine, machine learning, student, artificial, intelligence, artificial intelligence, performance, prediction, algorithm"
Mexico_AI_National_Agenda_2018_chunk_129,Mexico_AI_National_Agenda_2018,Mexico,Latin America,Mexico Towards an AI National Agenda 2018,Policy Agenda,2018,0,"learning, machine, machine learning, student, artificial, intelligence, artificial intelligence, performance, prediction, algorithm"
Mexico_AI_National_Agenda_2018_chunk_130,Mexico_AI_National_Agenda_2018,Mexico,Latin America,Mexico Towards an AI National Agenda 2018,Policy Agenda,2018,0,"learning, machine, machine learning, student, artificial, intelligence, artificial intelligence, performance, prediction, algorithm"
Mexico_AI_National_Agenda_2018_chunk_131,Mexico_AI_National_Agenda_2018,Mexico,Latin America,Mexico Towards an AI National Agenda 2018,Policy Agenda,2018,0,"learning, machine, machine learning, student, artificial, intelligence, artificial intelligence, performance, prediction, algorithm"
Mexico_AI_National_Agenda_2018_chunk_132,Mexico_AI_National_Agenda_2018,Mexico,Latin America,Mexico Towards an AI National Agenda 2018,Policy Agenda,2018,0,"learning, machine, machine learning, student, artificial, intelligence, artificial intelligence, performance, prediction, algorithm"
Mexico_AI_National_Agenda_2018_chunk_133,Mexico_AI_National_Agenda_2018,Mexico,Latin America,Mexico Towards an AI National Agenda 2018,Policy Agenda,2018,0,"learning, machine, machine learning, student, artificial, intelligence, artificial intelligence, performance, prediction, algorithm"
Mexico_AI_National_Agenda_2018_chunk_134,Mexico_AI_National_Agenda_2018,Mexico,Latin America,Mexico Towards an AI National Agenda 2018,Policy Agenda,2018,0,"learning, machine, machine learning, student, artificial, intelligence, artificial intelligence, performance, prediction, algorithm"
Mexico_AI_National_Agenda_2018_chunk_135,Mexico_AI_National_Agenda_2018,Mexico,Latin America,Mexico Towards an AI National Agenda 2018,Policy Agenda,2018,0,"learning, machine, machine learning, student, artificial, intelligence, artificial intelligence, performance, prediction, algorithm"
Mexico_AI_National_Agenda_2018_chunk_136,Mexico_AI_National_Agenda_2018,Mexico,Latin America,Mexico Towards an AI National Agenda 2018,Policy Agenda,2018,0,"learning, machine, machine learning, student, artificial, intelligence, artificial intelligence, performance, prediction, algorithm"
Mexico_AI_National_Agenda_2018_chunk_137,Mexico_AI_National_Agenda_2018,Mexico,Latin America,Mexico Towards an AI National Agenda 2018,Policy Agenda,2018,0,"learning, machine, machine learning, student, artificial, intelligence, artificial intelligence, performance, prediction, algorithm"
Mexico_AI_National_Agenda_2018_chunk_138,Mexico_AI_National_Agenda_2018,Mexico,Latin America,Mexico Towards an AI National Agenda 2018,Policy Agenda,2018,0,"learning, machine, machine learning, student, artificial, intelligence, artificial intelligence, performance, prediction, algorithm"
Mexico_AI_National_Agenda_2018_chunk_139,Mexico_AI_National_Agenda_2018,Mexico,Latin America,Mexico Towards an AI National Agenda 2018,Policy Agenda,2018,0,"learning, machine, machine learning, student, artificial, intelligence, artificial intelligence, performance, prediction, algorithm"
Mexico_AI_National_Agenda_2018_chunk_140,Mexico_AI_National_Agenda_2018,Mexico,Latin America,Mexico Towards an AI National Agenda 2018,Policy Agenda,2018,0,"learning, machine, machine learning, student, artificial, intelligence, artificial intelligence, performance, prediction, algorithm"
Mexico_AI_National_Agenda_2018_chunk_141,Mexico_AI_National_Agenda_2018,Mexico,Latin America,Mexico Towards an AI National Agenda 2018,Policy Agenda,2018,0,"learning, machine, machine learning, student, artificial, intelligence, artificial intelligence, performance, prediction, algorithm"
Mexico_AI_National_Agenda_2018_chunk_142,Mexico_AI_National_Agenda_2018,Mexico,Latin America,Mexico Towards an AI National Agenda 2018,Policy Agenda,2018,0,"learning, machine, machine learning, student, artificial, intelligence, artificial intelligence, performance, prediction, algorithm"
Mexico_AI_National_Agenda_2018_chunk_143,Mexico_AI_National_Agenda_2018,Mexico,Latin America,Mexico Towards an AI National Agenda 2018,Policy Agenda,2018,0,"learning, machine, machine learning, student, artificial, intelligence, artificial intelligence, performance, prediction, algorithm"
Mexico_AI_National_Agenda_2018_chunk_144,Mexico_AI_National_Agenda_2018,Mexico,Latin America,Mexico Towards an AI National Agenda 2018,Policy Agenda,2018,0,"learning, machine, machine learning, student, artificial, intelligence, artificial intelligence, performance, prediction, algorithm"
Mexico_AI_National_Agenda_2018_chunk_145,Mexico_AI_National_Agenda_2018,Mexico,Latin America,Mexico Towards an AI National Agenda 2018,Policy Agenda,2018,0,"learning, machine, machine learning, student, artificial, intelligence, artificial intelligence, performance, prediction, algorithm"
Mexico_AI_National_Agenda_2018_chunk_146,Mexico_AI_National_Agenda_2018,Mexico,Latin America,Mexico Towards an AI National Agenda 2018,Policy Agenda,2018,0,"learning, machine, machine learning, student, artificial, intelligence, artificial intelligence, performance, prediction, algorithm"
Mexico_AI_National_Agenda_2018_chunk_147,Mexico_AI_National_Agenda_2018,Mexico,Latin America,Mexico Towards an AI National Agenda 2018,Policy Agenda,2018,0,"learning, machine, machine learning, student, artificial, intelligence, artificial intelligence, performance, prediction, algorithm"
Mexico_AI_National_Agenda_2018_chunk_148,Mexico_AI_National_Agenda_2018,Mexico,Latin America,Mexico Towards an AI National Agenda 2018,Policy Agenda,2018,0,"learning, machine, machine learning, student, artificial, intelligence, artificial intelligence, performance, prediction, algorithm"
Mexico_AI_National_Agenda_2018_chunk_149,Mexico_AI_National_Agenda_2018,Mexico,Latin America,Mexico Towards an AI National Agenda 2018,Policy Agenda,2018,0,"learning, machine, machine learning, student, artificial, intelligence, artificial intelligence, performance, prediction, algorithm"
Mexico_AI_National_Agenda_2018_chunk_150,Mexico_AI_National_Agenda_2018,Mexico,Latin America,Mexico Towards an AI National Agenda 2018,Policy Agenda,2018,0,"learning, machine, machine learning, student, artificial, intelligence, artificial intelligence, performance, prediction, algorithm"
Mexico_AI_National_Agenda_2018_chunk_151,Mexico_AI_National_Agenda_2018,Mexico,Latin America,Mexico Towards an AI National Agenda 2018,Policy Agenda,2018,0,"learning, machine, machine learning, student, artificial, intelligence, artificial intelligence, performance, prediction, algorithm"
Mexico_AI_National_Agenda_2018_chunk_152,Mexico_AI_National_Agenda_2018,Mexico,Latin America,Mexico Towards an AI National Agenda 2018,Policy Agenda,2018,0,"learning, machine, machine learning, student, artificial, intelligence, artificial intelligence, performance, prediction, algorithm"
Mexico_AI_National_Agenda_2018_chunk_153,Mexico_AI_National_Agenda_2018,Mexico,Latin America,Mexico Towards an AI National Agenda 2018,Policy Agenda,2018,0,"learning, machine, machine learning, student, artificial, intelligence, artificial intelligence, performance, prediction, algorithm"
Mexico_AI_National_Agenda_2018_chunk_154,Mexico_AI_National_Agenda_2018,Mexico,Latin America,Mexico Towards an AI National Agenda 2018,Policy Agenda,2018,0,"learning, machine, machine learning, student, artificial, intelligence, artificial intelligence, performance, prediction, algorithm"
Mexico_AI_National_Agenda_2018_chunk_155,Mexico_AI_National_Agenda_2018,Mexico,Latin America,Mexico Towards an AI National Agenda 2018,Policy Agenda,2018,0,"learning, machine, machine learning, student, artificial, intelligence, artificial intelligence, performance, prediction, algorithm"
Mexico_AI_National_Agenda_2018_chunk_156,Mexico_AI_National_Agenda_2018,Mexico,Latin America,Mexico Towards an AI National Agenda 2018,Policy Agenda,2018,0,"learning, machine, machine learning, student, artificial, intelligence, artificial intelligence, performance, prediction, algorithm"
Mexico_AI_National_Agenda_2018_chunk_157,Mexico_AI_National_Agenda_2018,Mexico,Latin America,Mexico Towards an AI National Agenda 2018,Policy Agenda,2018,0,"learning, machine, machine learning, student, artificial, intelligence, artificial intelligence, performance, prediction, algorithm"
Mexico_AI_National_Agenda_2018_chunk_158,Mexico_AI_National_Agenda_2018,Mexico,Latin America,Mexico Towards an AI National Agenda 2018,Policy Agenda,2018,0,"learning, machine, machine learning, student, artificial, intelligence, artificial intelligence, performance, prediction, algorithm"
Mexico_AI_National_Agenda_2018_chunk_159,Mexico_AI_National_Agenda_2018,Mexico,Latin America,Mexico Towards an AI National Agenda 2018,Policy Agenda,2018,0,"learning, machine, machine learning, student, artificial, intelligence, artificial intelligence, performance, prediction, algorithm"
Mexico_AI_National_Agenda_2018_chunk_160,Mexico_AI_National_Agenda_2018,Mexico,Latin America,Mexico Towards an AI National Agenda 2018,Policy Agenda,2018,0,"learning, machine, machine learning, student, artificial, intelligence, artificial intelligence, performance, prediction, algorithm"
Mexico_AI_National_Agenda_2018_chunk_161,Mexico_AI_National_Agenda_2018,Mexico,Latin America,Mexico Towards an AI National Agenda 2018,Policy Agenda,2018,0,"learning, machine, machine learning, student, artificial, intelligence, artificial intelligence, performance, prediction, algorithm"
Mexico_AI_National_Agenda_2018_chunk_162,Mexico_AI_National_Agenda_2018,Mexico,Latin America,Mexico Towards an AI National Agenda 2018,Policy Agenda,2018,0,"learning, machine, machine learning, student, artificial, intelligence, artificial intelligence, performance, prediction, algorithm"
Mexico_AI_National_Agenda_2018_chunk_163,Mexico_AI_National_Agenda_2018,Mexico,Latin America,Mexico Towards an AI National Agenda 2018,Policy Agenda,2018,0,"learning, machine, machine learning, student, artificial, intelligence, artificial intelligence, performance, prediction, algorithm"
Mexico_AI_National_Agenda_2018_chunk_164,Mexico_AI_National_Agenda_2018,Mexico,Latin America,Mexico Towards an AI National Agenda 2018,Policy Agenda,2018,0,"learning, machine, machine learning, student, artificial, intelligence, artificial intelligence, performance, prediction, algorithm"
Mexico_AI_National_Agenda_2018_chunk_165,Mexico_AI_National_Agenda_2018,Mexico,Latin America,Mexico Towards an AI National Agenda 2018,Policy Agenda,2018,0,"learning, machine, machine learning, student, artificial, intelligence, artificial intelligence, performance, prediction, algorithm"
Mexico_AI_National_Agenda_2018_chunk_166,Mexico_AI_National_Agenda_2018,Mexico,Latin America,Mexico Towards an AI National Agenda 2018,Policy Agenda,2018,0,"learning, machine, machine learning, student, artificial, intelligence, artificial intelligence, performance, prediction, algorithm"
Mexico_AI_National_Agenda_2018_chunk_167,Mexico_AI_National_Agenda_2018,Mexico,Latin America,Mexico Towards an AI National Agenda 2018,Policy Agenda,2018,0,"learning, machine, machine learning, student, artificial, intelligence, artificial intelligence, performance, prediction, algorithm"
Mexico_AI_National_Agenda_2018_chunk_168,Mexico_AI_National_Agenda_2018,Mexico,Latin America,Mexico Towards an AI National Agenda 2018,Policy Agenda,2018,0,"learning, machine, machine learning, student, artificial, intelligence, artificial intelligence, performance, prediction, algorithm"
Mexico_AI_National_Agenda_2018_chunk_169,Mexico_AI_National_Agenda_2018,Mexico,Latin America,Mexico Towards an AI National Agenda 2018,Policy Agenda,2018,0,"learning, machine, machine learning, student, artificial, intelligence, artificial intelligence, performance, prediction, algorithm"
Mexico_AI_National_Agenda_2018_chunk_170,Mexico_AI_National_Agenda_2018,Mexico,Latin America,Mexico Towards an AI National Agenda 2018,Policy Agenda,2018,0,"learning, machine, machine learning, student, artificial, intelligence, artificial intelligence, performance, prediction, algorithm"
Mexico_AI_National_Agenda_2018_chunk_171,Mexico_AI_National_Agenda_2018,Mexico,Latin America,Mexico Towards an AI National Agenda 2018,Policy Agenda,2018,0,"learning, machine, machine learning, student, artificial, intelligence, artificial intelligence, performance, prediction, algorithm"
Mexico_AI_National_Agenda_2018_chunk_172,Mexico_AI_National_Agenda_2018,Mexico,Latin America,Mexico Towards an AI National Agenda 2018,Policy Agenda,2018,0,"learning, machine, machine learning, student, artificial, intelligence, artificial intelligence, performance, prediction, algorithm"
Mexico_AI_National_Agenda_2018_chunk_173,Mexico_AI_National_Agenda_2018,Mexico,Latin America,Mexico Towards an AI National Agenda 2018,Policy Agenda,2018,0,"learning, machine, machine learning, student, artificial, intelligence, artificial intelligence, performance, prediction, algorithm"
Mexico_AI_National_Agenda_2018_chunk_174,Mexico_AI_National_Agenda_2018,Mexico,Latin America,Mexico Towards an AI National Agenda 2018,Policy Agenda,2018,0,"learning, machine, machine learning, student, artificial, intelligence, artificial intelligence, performance, prediction, algorithm"
Mexico_AI_National_Agenda_2018_chunk_175,Mexico_AI_National_Agenda_2018,Mexico,Latin America,Mexico Towards an AI National Agenda 2018,Policy Agenda,2018,0,"learning, machine, machine learning, student, artificial, intelligence, artificial intelligence, performance, prediction, algorithm"
Mexico_AI_National_Agenda_2018_chunk_176,Mexico_AI_National_Agenda_2018,Mexico,Latin America,Mexico Towards an AI National Agenda 2018,Policy Agenda,2018,0,"learning, machine, machine learning, student, artificial, intelligence, artificial intelligence, performance, prediction, algorithm"
Mexico_AI_National_Agenda_2018_chunk_177,Mexico_AI_National_Agenda_2018,Mexico,Latin America,Mexico Towards an AI National Agenda 2018,Policy Agenda,2018,0,"learning, machine, machine learning, student, artificial, intelligence, artificial intelligence, performance, prediction, algorithm"
Mexico_AI_National_Agenda_2018_chunk_178,Mexico_AI_National_Agenda_2018,Mexico,Latin America,Mexico Towards an AI National Agenda 2018,Policy Agenda,2018,0,"learning, machine, machine learning, student, artificial, intelligence, artificial intelligence, performance, prediction, algorithm"
Mexico_AI_National_Agenda_2018_chunk_179,Mexico_AI_National_Agenda_2018,Mexico,Latin America,Mexico Towards an AI National Agenda 2018,Policy Agenda,2018,0,"learning, machine, machine learning, student, artificial, intelligence, artificial intelligence, performance, prediction, algorithm"
Mexico_AI_National_Agenda_2018_chunk_180,Mexico_AI_National_Agenda_2018,Mexico,Latin America,Mexico Towards an AI National Agenda 2018,Policy Agenda,2018,0,"learning, machine, machine learning, student, artificial, intelligence, artificial intelligence, performance, prediction, algorithm"
Mexico_AI_National_Agenda_2018_chunk_181,Mexico_AI_National_Agenda_2018,Mexico,Latin America,Mexico Towards an AI National Agenda 2018,Policy Agenda,2018,0,"learning, machine, machine learning, student, artificial, intelligence, artificial intelligence, performance, prediction, algorithm"
Mexico_AI_National_Agenda_2018_chunk_182,Mexico_AI_National_Agenda_2018,Mexico,Latin America,Mexico Towards an AI National Agenda 2018,Policy Agenda,2018,0,"learning, machine, machine learning, student, artificial, intelligence, artificial intelligence, performance, prediction, algorithm"
Mexico_AI_National_Agenda_2018_chunk_183,Mexico_AI_National_Agenda_2018,Mexico,Latin America,Mexico Towards an AI National Agenda 2018,Policy Agenda,2018,0,"learning, machine, machine learning, student, artificial, intelligence, artificial intelligence, performance, prediction, algorithm"
Mexico_AI_National_Agenda_2018_chunk_184,Mexico_AI_National_Agenda_2018,Mexico,Latin America,Mexico Towards an AI National Agenda 2018,Policy Agenda,2018,0,"learning, machine, machine learning, student, artificial, intelligence, artificial intelligence, performance, prediction, algorithm"
Mexico_AI_National_Agenda_2018_chunk_185,Mexico_AI_National_Agenda_2018,Mexico,Latin America,Mexico Towards an AI National Agenda 2018,Policy Agenda,2018,0,"learning, machine, machine learning, student, artificial, intelligence, artificial intelligence, performance, prediction, algorithm"
Mexico_AI_National_Agenda_2018_chunk_186,Mexico_AI_National_Agenda_2018,Mexico,Latin America,Mexico Towards an AI National Agenda 2018,Policy Agenda,2018,0,"learning, machine, machine learning, student, artificial, intelligence, artificial intelligence, performance, prediction, algorithm"
Mexico_AI_National_Agenda_2018_chunk_187,Mexico_AI_National_Agenda_2018,Mexico,Latin America,Mexico Towards an AI National Agenda 2018,Policy Agenda,2018,0,"learning, machine, machine learning, student, artificial, intelligence, artificial intelligence, performance, prediction, algorithm"
Mexico_AI_National_Agenda_2018_chunk_188,Mexico_AI_National_Agenda_2018,Mexico,Latin America,Mexico Towards an AI National Agenda 2018,Policy Agenda,2018,0,"learning, machine, machine learning, student, artificial, intelligence, artificial intelligence, performance, prediction, algorithm"
Mexico_AI_National_Agenda_2018_chunk_189,Mexico_AI_National_Agenda_2018,Mexico,Latin America,Mexico Towards an AI National Agenda 2018,Policy Agenda,2018,0,"learning, machine, machine learning, student, artificial, intelligence, artificial intelligence, performance, prediction, algorithm"
Mexico_AI_National_Agenda_2018_chunk_190,Mexico_AI_National_Agenda_2018,Mexico,Latin America,Mexico Towards an AI National Agenda 2018,Policy Agenda,2018,0,"learning, machine, machine learning, student, artificial, intelligence, artificial intelligence, performance, prediction, algorithm"
Mexico_AI_National_Agenda_2018_chunk_191,Mexico_AI_National_Agenda_2018,Mexico,Latin America,Mexico Towards an AI National Agenda 2018,Policy Agenda,2018,0,"learning, machine, machine learning, student, artificial, intelligence, artificial intelligence, performance, prediction, algorithm"
Mexico_AI_National_Agenda_2018_chunk_192,Mexico_AI_National_Agenda_2018,Mexico,Latin America,Mexico Towards an AI National Agenda 2018,Policy Agenda,2018,0,"learning, machine, machine learning, student, artificial, intelligence, artificial intelligence, performance, prediction, algorithm"
Mexico_AI_National_Agenda_2018_chunk_193,Mexico_AI_National_Agenda_2018,Mexico,Latin America,Mexico Towards an AI National Agenda 2018,Policy Agenda,2018,0,"learning, machine, machine learning, student, artificial, intelligence, artificial intelligence, performance, prediction, algorithm"
Mexico_AI_National_Agenda_2018_chunk_194,Mexico_AI_National_Agenda_2018,Mexico,Latin America,Mexico Towards an AI National Agenda 2018,Policy Agenda,2018,0,"learning, machine, machine learning, student, artificial, intelligence, artificial intelligence, performance, prediction, algorithm"
Mexico_AI_National_Agenda_2018_chunk_195,Mexico_AI_National_Agenda_2018,Mexico,Latin America,Mexico Towards an AI National Agenda 2018,Policy Agenda,2018,0,"learning, machine, machine learning, student, artificial, intelligence, artificial intelligence, performance, prediction, algorithm"
Mexico_AI_National_Agenda_2018_chunk_196,Mexico_AI_National_Agenda_2018,Mexico,Latin America,Mexico Towards an AI National Agenda 2018,Policy Agenda,2018,0,"learning, machine, machine learning, student, artificial, intelligence, artificial intelligence, performance, prediction, algorithm"
Mexico_AI_National_Agenda_2018_chunk_197,Mexico_AI_National_Agenda_2018,Mexico,Latin America,Mexico Towards an AI National Agenda 2018,Policy Agenda,2018,0,"learning, machine, machine learning, student, artificial, intelligence, artificial intelligence, performance, prediction, algorithm"
Mexico_AI_National_Agenda_2018_chunk_198,Mexico_AI_National_Agenda_2018,Mexico,Latin America,Mexico Towards an AI National Agenda 2018,Policy Agenda,2018,0,"learning, machine, machine learning, student, artificial, intelligence, artificial intelligence, performance, prediction, algorithm"
Mexico_AI_National_Agenda_2018_chunk_199,Mexico_AI_National_Agenda_2018,Mexico,Latin America,Mexico Towards an AI National Agenda 2018,Policy Agenda,2018,0,"learning, machine, machine learning, student, artificial, intelligence, artificial intelligence, performance, prediction, algorithm"
Mexico_AI_National_Agenda_2018_chunk_200,Mexico_AI_National_Agenda_2018,Mexico,Latin America,Mexico Towards an AI National Agenda 2018,Policy Agenda,2018,0,"learning, machine, machine learning, student, artificial, intelligence, artificial intelligence, performance, prediction, algorithm"
Mexico_AI_National_Agenda_2018_chunk_201,Mexico_AI_National_Agenda_2018,Mexico,Latin America,Mexico Towards an AI National Agenda 2018,Policy Agenda,2018,0,"learning, machine, machine learning, student, artificial, intelligence, artificial intelligence, performance, prediction, algorithm"
Mexico_AI_National_Agenda_2018_chunk_202,Mexico_AI_National_Agenda_2018,Mexico,Latin America,Mexico Towards an AI National Agenda 2018,Policy Agenda,2018,0,"learning, machine, machine learning, student, artificial, intelligence, artificial intelligence, performance, prediction, algorithm"
Mexico_AI_National_Agenda_2018_chunk_203,Mexico_AI_National_Agenda_2018,Mexico,Latin America,Mexico Towards an AI National Agenda 2018,Policy Agenda,2018,0,"learning, machine, machine learning, student, artificial, intelligence, artificial intelligence, performance, prediction, algorithm"
Mexico_AI_National_Agenda_2018_chunk_204,Mexico_AI_National_Agenda_2018,Mexico,Latin America,Mexico Towards an AI National Agenda 2018,Policy Agenda,2018,0,"learning, machine, machine learning, student, artificial, intelligence, artificial intelligence, performance, prediction, algorithm"
Mexico_AI_National_Agenda_2018_chunk_205,Mexico_AI_National_Agenda_2018,Mexico,Latin America,Mexico Towards an AI National Agenda 2018,Policy Agenda,2018,0,"learning, machine, machine learning, student, artificial, intelligence, artificial intelligence, performance, prediction, algorithm"
Mexico_AI_National_Agenda_2018_chunk_206,Mexico_AI_National_Agenda_2018,Mexico,Latin America,Mexico Towards an AI National Agenda 2018,Policy Agenda,2018,0,"learning, machine, machine learning, student, artificial, intelligence, artificial intelligence, performance, prediction, algorithm"
Mexico_AI_National_Agenda_2018_chunk_207,Mexico_AI_National_Agenda_2018,Mexico,Latin America,Mexico Towards an AI National Agenda 2018,Policy Agenda,2018,0,"learning, machine, machine learning, student, artificial, intelligence, artificial intelligence, performance, prediction, algorithm"
Mexico_AI_National_Agenda_2018_chunk_208,Mexico_AI_National_Agenda_2018,Mexico,Latin America,Mexico Towards an AI National Agenda 2018,Policy Agenda,2018,0,"learning, machine, machine learning, student, artificial, intelligence, artificial intelligence, performance, prediction, algorithm"
Mexico_AI_National_Agenda_2018_chunk_209,Mexico_AI_National_Agenda_2018,Mexico,Latin America,Mexico Towards an AI National Agenda 2018,Policy Agenda,2018,0,"learning, machine, machine learning, student, artificial, intelligence, artificial intelligence, performance, prediction, algorithm"
Mexico_AI_National_Agenda_2018_chunk_210,Mexico_AI_National_Agenda_2018,Mexico,Latin America,Mexico Towards an AI National Agenda 2018,Policy Agenda,2018,0,"learning, machine, machine learning, student, artificial, intelligence, artificial intelligence, performance, prediction, algorithm"
Mexico_AI_National_Agenda_2018_chunk_211,Mexico_AI_National_Agenda_2018,Mexico,Latin America,Mexico Towards an AI National Agenda 2018,Policy Agenda,2018,0,"learning, machine, machine learning, student, artificial, intelligence, artificial intelligence, performance, prediction, algorithm"
Mexico_AI_National_Agenda_2018_chunk_212,Mexico_AI_National_Agenda_2018,Mexico,Latin America,Mexico Towards an AI National Agenda 2018,Policy Agenda,2018,0,"learning, machine, machine learning, student, artificial, intelligence, artificial intelligence, performance, prediction, algorithm"
Mexico_AI_National_Agenda_2018_chunk_213,Mexico_AI_National_Agenda_2018,Mexico,Latin America,Mexico Towards an AI National Agenda 2018,Policy Agenda,2018,0,"learning, machine, machine learning, student, artificial, intelligence, artificial intelligence, performance, prediction, algorithm"
Mexico_AI_National_Agenda_2018_chunk_214,Mexico_AI_National_Agenda_2018,Mexico,Latin America,Mexico Towards an AI National Agenda 2018,Policy Agenda,2018,0,"learning, machine, machine learning, student, artificial, intelligence, artificial intelligence, performance, prediction, algorithm"
Mexico_AI_National_Agenda_2018_chunk_215,Mexico_AI_National_Agenda_2018,Mexico,Latin America,Mexico Towards an AI National Agenda 2018,Policy Agenda,2018,0,"learning, machine, machine learning, student, artificial, intelligence, artificial intelligence, performance, prediction, algorithm"
Mexico_AI_National_Agenda_2018_chunk_216,Mexico_AI_National_Agenda_2018,Mexico,Latin America,Mexico Towards an AI National Agenda 2018,Policy Agenda,2018,0,"learning, machine, machine learning, student, artificial, intelligence, artificial intelligence, performance, prediction, algorithm"
Mexico_AI_National_Agenda_2018_chunk_217,Mexico_AI_National_Agenda_2018,Mexico,Latin America,Mexico Towards an AI National Agenda 2018,Policy Agenda,2018,0,"learning, machine, machine learning, student, artificial, intelligence, artificial intelligence, performance, prediction, algorithm"
Mexico_AI_National_Agenda_2018_chunk_218,Mexico_AI_National_Agenda_2018,Mexico,Latin America,Mexico Towards an AI National Agenda 2018,Policy Agenda,2018,0,"learning, machine, machine learning, student, artificial, intelligence, artificial intelligence, performance, prediction, algorithm"
Mexico_AI_National_Agenda_2018_chunk_219,Mexico_AI_National_Agenda_2018,Mexico,Latin America,Mexico Towards an AI National Agenda 2018,Policy Agenda,2018,0,"learning, machine, machine learning, student, artificial, intelligence, artificial intelligence, performance, prediction, algorithm"
Mexico_AI_National_Agenda_2018_chunk_220,Mexico_AI_National_Agenda_2018,Mexico,Latin America,Mexico Towards an AI National Agenda 2018,Policy Agenda,2018,0,"learning, machine, machine learning, student, artificial, intelligence, artificial intelligence, performance, prediction, algorithm"
Mexico_AI_National_Agenda_2018_chunk_221,Mexico_AI_National_Agenda_2018,Mexico,Latin America,Mexico Towards an AI National Agenda 2018,Policy Agenda,2018,0,"learning, machine, machine learning, student, artificial, intelligence, artificial intelligence, performance, prediction, algorithm"
Mexico_AI_National_Agenda_2018_chunk_222,Mexico_AI_National_Agenda_2018,Mexico,Latin America,Mexico Towards an AI National Agenda 2018,Policy Agenda,2018,0,"learning, machine, machine learning, student, artificial, intelligence, artificial intelligence, performance, prediction, algorithm"
Mexico_AI_National_Agenda_2018_chunk_223,Mexico_AI_National_Agenda_2018,Mexico,Latin America,Mexico Towards an AI National Agenda 2018,Policy Agenda,2018,0,"learning, machine, machine learning, student, artificial, intelligence, artificial intelligence, performance, prediction, algorithm"
Mexico_AI_National_Agenda_2018_chunk_224,Mexico_AI_National_Agenda_2018,Mexico,Latin America,Mexico Towards an AI National Agenda 2018,Policy Agenda,2018,0,"learning, machine, machine learning, student, artificial, intelligence, artificial intelligence, performance, prediction, algorithm"
Mexico_AI_National_Agenda_2018_chunk_225,Mexico_AI_National_Agenda_2018,Mexico,Latin America,Mexico Towards an AI National Agenda 2018,Policy Agenda,2018,0,"learning, machine, machine learning, student, artificial, intelligence, artificial intelligence, performance, prediction, algorithm"
Mexico_AI_National_Agenda_2018_chunk_226,Mexico_AI_National_Agenda_2018,Mexico,Latin America,Mexico Towards an AI National Agenda 2018,Policy Agenda,2018,0,"learning, machine, machine learning, student, artificial, intelligence, artificial intelligence, performance, prediction, algorithm"
Mexico_AI_National_Agenda_2018_chunk_227,Mexico_AI_National_Agenda_2018,Mexico,Latin America,Mexico Towards an AI National Agenda 2018,Policy Agenda,2018,0,"learning, machine, machine learning, student, artificial, intelligence, artificial intelligence, performance, prediction, algorithm"
Mexico_AI_National_Agenda_2018_chunk_228,Mexico_AI_National_Agenda_2018,Mexico,Latin America,Mexico Towards an AI National Agenda 2018,Policy Agenda,2018,0,"learning, machine, machine learning, student, artificial, intelligence, artificial intelligence, performance, prediction, algorithm"
Mexico_AI_National_Agenda_2018_chunk_229,Mexico_AI_National_Agenda_2018,Mexico,Latin America,Mexico Towards an AI National Agenda 2018,Policy Agenda,2018,0,"learning, machine, machine learning, student, artificial, intelligence, artificial intelligence, performance, prediction, algorithm"
Mexico_AI_National_Agenda_2018_chunk_230,Mexico_AI_National_Agenda_2018,Mexico,Latin America,Mexico Towards an AI National Agenda 2018,Policy Agenda,2018,0,"learning, machine, machine learning, student, artificial, intelligence, artificial intelligence, performance, prediction, algorithm"
Mexico_AI_National_Agenda_2018_chunk_231,Mexico_AI_National_Agenda_2018,Mexico,Latin America,Mexico Towards an AI National Agenda 2018,Policy Agenda,2018,0,"learning, machine, machine learning, student, artificial, intelligence, artificial intelligence, performance, prediction, algorithm"
Mexico_AI_National_Agenda_2018_chunk_232,Mexico_AI_National_Agenda_2018,Mexico,Latin America,Mexico Towards an AI National Agenda 2018,Policy Agenda,2018,0,"learning, machine, machine learning, student, artificial, intelligence, artificial intelligence, performance, prediction, algorithm"
Mexico_AI_National_Agenda_2018_chunk_233,Mexico_AI_National_Agenda_2018,Mexico,Latin America,Mexico Towards an AI National Agenda 2018,Policy Agenda,2018,0,"learning, machine, machine learning, student, artificial, intelligence, artificial intelligence, performance, prediction, algorithm"
Mexico_AI_National_Agenda_2018_chunk_234,Mexico_AI_National_Agenda_2018,Mexico,Latin America,Mexico Towards an AI National Agenda 2018,Policy Agenda,2018,0,"learning, machine, machine learning, student, artificial, intelligence, artificial intelligence, performance, prediction, algorithm"
Mexico_AI_National_Agenda_2018_chunk_235,Mexico_AI_National_Agenda_2018,Mexico,Latin America,Mexico Towards an AI National Agenda 2018,Policy Agenda,2018,0,"learning, machine, machine learning, student, artificial, intelligence, artificial intelligence, performance, prediction, algorithm"
Mexico_AI_National_Agenda_2018_chunk_236,Mexico_AI_National_Agenda_2018,Mexico,Latin America,Mexico Towards an AI National Agenda 2018,Policy Agenda,2018,0,"learning, machine, machine learning, student, artificial, intelligence, artificial intelligence, performance, prediction, algorithm"
Mexico_AI_National_Agenda_2018_chunk_237,Mexico_AI_National_Agenda_2018,Mexico,Latin America,Mexico Towards an AI National Agenda 2018,Policy Agenda,2018,0,"learning, machine, machine learning, student, artificial, intelligence, artificial intelligence, performance, prediction, algorithm"
Mexico_AI_National_Agenda_2018_chunk_238,Mexico_AI_National_Agenda_2018,Mexico,Latin America,Mexico Towards an AI National Agenda 2018,Policy Agenda,2018,0,"learning, machine, machine learning, student, artificial, intelligence, artificial intelligence, performance, prediction, algorithm"
Mexico_AI_National_Agenda_2018_chunk_239,Mexico_AI_National_Agenda_2018,Mexico,Latin America,Mexico Towards an AI National Agenda 2018,Policy Agenda,2018,0,"learning, machine, machine learning, student, artificial, intelligence, artificial intelligence, performance, prediction, algorithm"
Mexico_AI_National_Agenda_2018_chunk_240,Mexico_AI_National_Agenda_2018,Mexico,Latin America,Mexico Towards an AI National Agenda 2018,Policy Agenda,2018,0,"learning, machine, machine learning, student, artificial, intelligence, artificial intelligence, performance, prediction, algorithm"
Mexico_AI_National_Agenda_2018_chunk_241,Mexico_AI_National_Agenda_2018,Mexico,Latin America,Mexico Towards an AI National Agenda 2018,Policy Agenda,2018,0,"learning, machine, machine learning, student, artificial, intelligence, artificial intelligence, performance, prediction, algorithm"
Mexico_AI_National_Agenda_2018_chunk_242,Mexico_AI_National_Agenda_2018,Mexico,Latin America,Mexico Towards an AI National Agenda 2018,Policy Agenda,2018,0,"learning, machine, machine learning, student, artificial, intelligence, artificial intelligence, performance, prediction, algorithm"
Mexico_AI_National_Agenda_2018_chunk_243,Mexico_AI_National_Agenda_2018,Mexico,Latin America,Mexico Towards an AI National Agenda 2018,Policy Agenda,2018,0,"learning, machine, machine learning, student, artificial, intelligence, artificial intelligence, performance, prediction, algorithm"
Mexico_AI_National_Agenda_2018_chunk_244,Mexico_AI_National_Agenda_2018,Mexico,Latin America,Mexico Towards an AI National Agenda 2018,Policy Agenda,2018,0,"learning, machine, machine learning, student, artificial, intelligence, artificial intelligence, performance, prediction, algorithm"
Mexico_AI_National_Agenda_2018_chunk_245,Mexico_AI_National_Agenda_2018,Mexico,Latin America,Mexico Towards an AI National Agenda 2018,Policy Agenda,2018,0,"learning, machine, machine learning, student, artificial, intelligence, artificial intelligence, performance, prediction, algorithm"
Mexico_AI_National_Agenda_2018_chunk_246,Mexico_AI_National_Agenda_2018,Mexico,Latin America,Mexico Towards an AI National Agenda 2018,Policy Agenda,2018,0,"learning, machine, machine learning, student, artificial, intelligence, artificial intelligence, performance, prediction, algorithm"
Mexico_AI_National_Agenda_2018_chunk_247,Mexico_AI_National_Agenda_2018,Mexico,Latin America,Mexico Towards an AI National Agenda 2018,Policy Agenda,2018,0,"learning, machine, machine learning, student, artificial, intelligence, artificial intelligence, performance, prediction, algorithm"
Mexico_AI_National_Agenda_2018_chunk_248,Mexico_AI_National_Agenda_2018,Mexico,Latin America,Mexico Towards an AI National Agenda 2018,Policy Agenda,2018,0,"learning, machine, machine learning, student, artificial, intelligence, artificial intelligence, performance, prediction, algorithm"
Mexico_AI_National_Agenda_2018_chunk_249,Mexico_AI_National_Agenda_2018,Mexico,Latin America,Mexico Towards an AI National Agenda 2018,Policy Agenda,2018,0,"learning, machine, machine learning, student, artificial, intelligence, artificial intelligence, performance, prediction, algorithm"
Mexico_AI_National_Agenda_2018_chunk_250,Mexico_AI_National_Agenda_2018,Mexico,Latin America,Mexico Towards an AI National Agenda 2018,Policy Agenda,2018,0,"learning, machine, machine learning, student, artificial, intelligence, artificial intelligence, performance, prediction, algorithm"
Mexico_AI_National_Agenda_2018_chunk_251,Mexico_AI_National_Agenda_2018,Mexico,Latin America,Mexico Towards an AI National Agenda 2018,Policy Agenda,2018,0,"learning, machine, machine learning, student, artificial, intelligence, artificial intelligence, performance, prediction, algorithm"
Mexico_AI_National_Agenda_2018_chunk_252,Mexico_AI_National_Agenda_2018,Mexico,Latin America,Mexico Towards an AI National Agenda 2018,Policy Agenda,2018,0,"learning, machine, machine learning, student, artificial, intelligence, artificial intelligence, performance, prediction, algorithm"
Mexico_AI_National_Agenda_2018_chunk_253,Mexico_AI_National_Agenda_2018,Mexico,Latin America,Mexico Towards an AI National Agenda 2018,Policy Agenda,2018,0,"learning, machine, machine learning, student, artificial, intelligence, artificial intelligence, performance, prediction, algorithm"
Mexico_AI_National_Agenda_2018_chunk_254,Mexico_AI_National_Agenda_2018,Mexico,Latin America,Mexico Towards an AI National Agenda 2018,Policy Agenda,2018,0,"learning, machine, machine learning, student, artificial, intelligence, artificial intelligence, performance, prediction, algorithm"
Mexico_AI_National_Agenda_2018_chunk_255,Mexico_AI_National_Agenda_2018,Mexico,Latin America,Mexico Towards an AI National Agenda 2018,Policy Agenda,2018,0,"learning, machine, machine learning, student, artificial, intelligence, artificial intelligence, performance, prediction, algorithm"
Mexico_AI_National_Agenda_2018_chunk_256,Mexico_AI_National_Agenda_2018,Mexico,Latin America,Mexico Towards an AI National Agenda 2018,Policy Agenda,2018,0,"learning, machine, machine learning, student, artificial, intelligence, artificial intelligence, performance, prediction, algorithm"
Mexico_AI_National_Agenda_2018_chunk_257,Mexico_AI_National_Agenda_2018,Mexico,Latin America,Mexico Towards an AI National Agenda 2018,Policy Agenda,2018,0,"learning, machine, machine learning, student, artificial, intelligence, artificial intelligence, performance, prediction, algorithm"
Mexico_AI_National_Agenda_2018_chunk_258,Mexico_AI_National_Agenda_2018,Mexico,Latin America,Mexico Towards an AI National Agenda 2018,Policy Agenda,2018,0,"learning, machine, machine learning, student, artificial, intelligence, artificial intelligence, performance, prediction, algorithm"
Mexico_AI_National_Agenda_2018_chunk_259,Mexico_AI_National_Agenda_2018,Mexico,Latin America,Mexico Towards an AI National Agenda 2018,Policy Agenda,2018,0,"learning, machine, machine learning, student, artificial, intelligence, artificial intelligence, performance, prediction, algorithm"
Mexico_AI_National_Agenda_2018_chunk_260,Mexico_AI_National_Agenda_2018,Mexico,Latin America,Mexico Towards an AI National Agenda 2018,Policy Agenda,2018,0,"learning, machine, machine learning, student, artificial, intelligence, artificial intelligence, performance, prediction, algorithm"
Mexico_AI_National_Agenda_2018_chunk_261,Mexico_AI_National_Agenda_2018,Mexico,Latin America,Mexico Towards an AI National Agenda 2018,Policy Agenda,2018,0,"learning, machine, machine learning, student, artificial, intelligence, artificial intelligence, performance, prediction, algorithm"
Mexico_AI_National_Agenda_2018_chunk_262,Mexico_AI_National_Agenda_2018,Mexico,Latin America,Mexico Towards an AI National Agenda 2018,Policy Agenda,2018,0,"learning, machine, machine learning, student, artificial, intelligence, artificial intelligence, performance, prediction, algorithm"
Mexico_AI_National_Agenda_2018_chunk_263,Mexico_AI_National_Agenda_2018,Mexico,Latin America,Mexico Towards an AI National Agenda 2018,Policy Agenda,2018,0,"learning, machine, machine learning, student, artificial, intelligence, artificial intelligence, performance, prediction, algorithm"
Mexico_AI_National_Agenda_2018_chunk_264,Mexico_AI_National_Agenda_2018,Mexico,Latin America,Mexico Towards an AI National Agenda 2018,Policy Agenda,2018,0,"learning, machine, machine learning, student, artificial, intelligence, artificial intelligence, performance, prediction, algorithm"
Mexico_AI_National_Agenda_2018_chunk_265,Mexico_AI_National_Agenda_2018,Mexico,Latin America,Mexico Towards an AI National Agenda 2018,Policy Agenda,2018,0,"learning, machine, machine learning, student, artificial, intelligence, artificial intelligence, performance, prediction, algorithm"
Mexico_AI_National_Agenda_2018_chunk_266,Mexico_AI_National_Agenda_2018,Mexico,Latin America,Mexico Towards an AI National Agenda 2018,Policy Agenda,2018,0,"learning, machine, machine learning, student, artificial, intelligence, artificial intelligence, performance, prediction, algorithm"
Mexico_AI_National_Agenda_2018_chunk_267,Mexico_AI_National_Agenda_2018,Mexico,Latin America,Mexico Towards an AI National Agenda 2018,Policy Agenda,2018,0,"learning, machine, machine learning, student, artificial, intelligence, artificial intelligence, performance, prediction, algorithm"
Mexico_AI_National_Agenda_2018_chunk_268,Mexico_AI_National_Agenda_2018,Mexico,Latin America,Mexico Towards an AI National Agenda 2018,Policy Agenda,2018,0,"learning, machine, machine learning, student, artificial, intelligence, artificial intelligence, performance, prediction, algorithm"
Mexico_AI_National_Agenda_2018_chunk_269,Mexico_AI_National_Agenda_2018,Mexico,Latin America,Mexico Towards an AI National Agenda 2018,Policy Agenda,2018,0,"learning, machine, machine learning, student, artificial, intelligence, artificial intelligence, performance, prediction, algorithm"
Mexico_AI_National_Agenda_2018_chunk_270,Mexico_AI_National_Agenda_2018,Mexico,Latin America,Mexico Towards an AI National Agenda 2018,Policy Agenda,2018,0,"learning, machine, machine learning, student, artificial, intelligence, artificial intelligence, performance, prediction, algorithm"
Mexico_AI_National_Agenda_2018_chunk_271,Mexico_AI_National_Agenda_2018,Mexico,Latin America,Mexico Towards an AI National Agenda 2018,Policy Agenda,2018,0,"learning, machine, machine learning, student, artificial, intelligence, artificial intelligence, performance, prediction, algorithm"
Mexico_AI_National_Agenda_2018_chunk_272,Mexico_AI_National_Agenda_2018,Mexico,Latin America,Mexico Towards an AI National Agenda 2018,Policy Agenda,2018,0,"learning, machine, machine learning, student, artificial, intelligence, artificial intelligence, performance, prediction, algorithm"
Mexico_AI_National_Agenda_2018_chunk_273,Mexico_AI_National_Agenda_2018,Mexico,Latin America,Mexico Towards an AI National Agenda 2018,Policy Agenda,2018,0,"learning, machine, machine learning, student, artificial, intelligence, artificial intelligence, performance, prediction, algorithm"
Mexico_AI_National_Agenda_2018_chunk_274,Mexico_AI_National_Agenda_2018,Mexico,Latin America,Mexico Towards an AI National Agenda 2018,Policy Agenda,2018,0,"learning, machine, machine learning, student, artificial, intelligence, artificial intelligence, performance, prediction, algorithm"
Mexico_AI_National_Agenda_2018_chunk_275,Mexico_AI_National_Agenda_2018,Mexico,Latin America,Mexico Towards an AI National Agenda 2018,Policy Agenda,2018,0,"learning, machine, machine learning, student, artificial, intelligence, artificial intelligence, performance, prediction, algorithm"
Mexico_AI_National_Agenda_2018_chunk_276,Mexico_AI_National_Agenda_2018,Mexico,Latin America,Mexico Towards an AI National Agenda 2018,Policy Agenda,2018,0,"learning, machine, machine learning, student, artificial, intelligence, artificial intelligence, performance, prediction, algorithm"
Mexico_AI_National_Agenda_2018_chunk_277,Mexico_AI_National_Agenda_2018,Mexico,Latin America,Mexico Towards an AI National Agenda 2018,Policy Agenda,2018,0,"learning, machine, machine learning, student, artificial, intelligence, artificial intelligence, performance, prediction, algorithm"
Mexico_AI_National_Agenda_2018_chunk_278,Mexico_AI_National_Agenda_2018,Mexico,Latin America,Mexico Towards an AI National Agenda 2018,Policy Agenda,2018,0,"learning, machine, machine learning, student, artificial, intelligence, artificial intelligence, performance, prediction, algorithm"
Mexico_AI_National_Agenda_2018_chunk_279,Mexico_AI_National_Agenda_2018,Mexico,Latin America,Mexico Towards an AI National Agenda 2018,Policy Agenda,2018,0,"learning, machine, machine learning, student, artificial, intelligence, artificial intelligence, performance, prediction, algorithm"
Mexico_AI_National_Agenda_2018_chunk_280,Mexico_AI_National_Agenda_2018,Mexico,Latin America,Mexico Towards an AI National Agenda 2018,Policy Agenda,2018,0,"learning, machine, machine learning, student, artificial, intelligence, artificial intelligence, performance, prediction, algorithm"
Mexico_AI_National_Agenda_2018_chunk_281,Mexico_AI_National_Agenda_2018,Mexico,Latin America,Mexico Towards an AI National Agenda 2018,Policy Agenda,2018,0,"learning, machine, machine learning, student, artificial, intelligence, artificial intelligence, performance, prediction, algorithm"
Mexico_AI_National_Agenda_2018_chunk_282,Mexico_AI_National_Agenda_2018,Mexico,Latin America,Mexico Towards an AI National Agenda 2018,Policy Agenda,2018,0,"learning, machine, machine learning, student, artificial, intelligence, artificial intelligence, performance, prediction, algorithm"
Mexico_AI_National_Agenda_2018_chunk_283,Mexico_AI_National_Agenda_2018,Mexico,Latin America,Mexico Towards an AI National Agenda 2018,Policy Agenda,2018,0,"learning, machine, machine learning, student, artificial, intelligence, artificial intelligence, performance, prediction, algorithm"
Mexico_AI_National_Agenda_2018_chunk_284,Mexico_AI_National_Agenda_2018,Mexico,Latin America,Mexico Towards an AI National Agenda 2018,Policy Agenda,2018,0,"learning, machine, machine learning, student, artificial, intelligence, artificial intelligence, performance, prediction, algorithm"
Mexico_AI_National_Agenda_2018_chunk_285,Mexico_AI_National_Agenda_2018,Mexico,Latin America,Mexico Towards an AI National Agenda 2018,Policy Agenda,2018,0,"learning, machine, machine learning, student, artificial, intelligence, artificial intelligence, performance, prediction, algorithm"
Mexico_AI_National_Agenda_2018_chunk_286,Mexico_AI_National_Agenda_2018,Mexico,Latin America,Mexico Towards an AI National Agenda 2018,Policy Agenda,2018,0,"learning, machine, machine learning, student, artificial, intelligence, artificial intelligence, performance, prediction, algorithm"
Mexico_AI_National_Agenda_2018_chunk_287,Mexico_AI_National_Agenda_2018,Mexico,Latin America,Mexico Towards an AI National Agenda 2018,Policy Agenda,2018,0,"learning, machine, machine learning, student, artificial, intelligence, artificial intelligence, performance, prediction, algorithm"
Mexico_AI_National_Agenda_2018_chunk_288,Mexico_AI_National_Agenda_2018,Mexico,Latin America,Mexico Towards an AI National Agenda 2018,Policy Agenda,2018,0,"learning, machine, machine learning, student, artificial, intelligence, artificial intelligence, performance, prediction, algorithm"
Mexico_AI_National_Agenda_2018_chunk_289,Mexico_AI_National_Agenda_2018,Mexico,Latin America,Mexico Towards an AI National Agenda 2018,Policy Agenda,2018,0,"learning, machine, machine learning, student, artificial, intelligence, artificial intelligence, performance, prediction, algorithm"
Mexico_AI_National_Agenda_2018_chunk_290,Mexico_AI_National_Agenda_2018,Mexico,Latin America,Mexico Towards an AI National Agenda 2018,Policy Agenda,2018,0,"learning, machine, machine learning, student, artificial, intelligence, artificial intelligence, performance, prediction, algorithm"
Mexico_AI_National_Agenda_2018_chunk_291,Mexico_AI_National_Agenda_2018,Mexico,Latin America,Mexico Towards an AI National Agenda 2018,Policy Agenda,2018,0,"learning, machine, machine learning, student, artificial, intelligence, artificial intelligence, performance, prediction, algorithm"
Mexico_AI_National_Agenda_2018_chunk_292,Mexico_AI_National_Agenda_2018,Mexico,Latin America,Mexico Towards an AI National Agenda 2018,Policy Agenda,2018,0,"learning, machine, machine learning, student, artificial, intelligence, artificial intelligence, performance, prediction, algorithm"
Mexico_AI_National_Agenda_2018_chunk_293,Mexico_AI_National_Agenda_2018,Mexico,Latin America,Mexico Towards an AI National Agenda 2018,Policy Agenda,2018,0,"learning, machine, machine learning, student, artificial, intelligence, artificial intelligence, performance, prediction, algorithm"
Mexico_AI_National_Agenda_2018_chunk_294,Mexico_AI_National_Agenda_2018,Mexico,Latin America,Mexico Towards an AI National Agenda 2018,Policy Agenda,2018,0,"learning, machine, machine learning, student, artificial, intelligence, artificial intelligence, performance, prediction, algorithm"
Mexico_AI_National_Agenda_2018_chunk_295,Mexico_AI_National_Agenda_2018,Mexico,Latin America,Mexico Towards an AI National Agenda 2018,Policy Agenda,2018,0,"learning, machine, machine learning, student, artificial, intelligence, artificial intelligence, performance, prediction, algorithm"
Mexico_AI_National_Agenda_2018_chunk_296,Mexico_AI_National_Agenda_2018,Mexico,Latin America,Mexico Towards an AI National Agenda 2018,Policy Agenda,2018,0,"learning, machine, machine learning, student, artificial, intelligence, artificial intelligence, performance, prediction, algorithm"
Mexico_AI_National_Agenda_2018_chunk_297,Mexico_AI_National_Agenda_2018,Mexico,Latin America,Mexico Towards an AI National Agenda 2018,Policy Agenda,2018,0,"learning, machine, machine learning, student, artificial, intelligence, artificial intelligence, performance, prediction, algorithm"
Mexico_AI_National_Agenda_2018_chunk_298,Mexico_AI_National_Agenda_2018,Mexico,Latin America,Mexico Towards an AI National Agenda 2018,Policy Agenda,2018,0,"learning, machine, machine learning, student, artificial, intelligence, artificial intelligence, performance, prediction, algorithm"
Mexico_AI_National_Agenda_2018_chunk_299,Mexico_AI_National_Agenda_2018,Mexico,Latin America,Mexico Towards an AI National Agenda 2018,Policy Agenda,2018,0,"learning, machine, machine learning, student, artificial, intelligence, artificial intelligence, performance, prediction, algorithm"
Mexico_AI_National_Agenda_2018_chunk_300,Mexico_AI_National_Agenda_2018,Mexico,Latin America,Mexico Towards an AI National Agenda 2018,Policy Agenda,2018,0,"learning, machine, machine learning, student, artificial, intelligence, artificial intelligence, performance, prediction, algorithm"
Mexico_AI_National_Agenda_2018_chunk_301,Mexico_AI_National_Agenda_2018,Mexico,Latin America,Mexico Towards an AI National Agenda 2018,Policy Agenda,2018,0,"learning, machine, machine learning, student, artificial, intelligence, artificial intelligence, performance, prediction, algorithm"
Mexico_AI_National_Agenda_2018_chunk_302,Mexico_AI_National_Agenda_2018,Mexico,Latin America,Mexico Towards an AI National Agenda 2018,Policy Agenda,2018,0,"learning, machine, machine learning, student, artificial, intelligence, artificial intelligence, performance, prediction, algorithm"
Mexico_AI_National_Agenda_2018_chunk_303,Mexico_AI_National_Agenda_2018,Mexico,Latin America,Mexico Towards an AI National Agenda 2018,Policy Agenda,2018,0,"learning, machine, machine learning, student, artificial, intelligence, artificial intelligence, performance, prediction, algorithm"
Mexico_AI_National_Agenda_2018_chunk_304,Mexico_AI_National_Agenda_2018,Mexico,Latin America,Mexico Towards an AI National Agenda 2018,Policy Agenda,2018,0,"learning, machine, machine learning, student, artificial, intelligence, artificial intelligence, performance, prediction, algorithm"
Mexico_AI_National_Agenda_2018_chunk_305,Mexico_AI_National_Agenda_2018,Mexico,Latin America,Mexico Towards an AI National Agenda 2018,Policy Agenda,2018,0,"learning, machine, machine learning, student, artificial, intelligence, artificial intelligence, performance, prediction, algorithm"
Mexico_AI_National_Agenda_2018_chunk_306,Mexico_AI_National_Agenda_2018,Mexico,Latin America,Mexico Towards an AI National Agenda 2018,Policy Agenda,2018,0,"learning, machine, machine learning, student, artificial, intelligence, artificial intelligence, performance, prediction, algorithm"
Mexico_AI_National_Agenda_2018_chunk_307,Mexico_AI_National_Agenda_2018,Mexico,Latin America,Mexico Towards an AI National Agenda 2018,Policy Agenda,2018,0,"learning, machine, machine learning, student, artificial, intelligence, artificial intelligence, performance, prediction, algorithm"
Mexico_AI_National_Agenda_2018_chunk_308,Mexico_AI_National_Agenda_2018,Mexico,Latin America,Mexico Towards an AI National Agenda 2018,Policy Agenda,2018,0,"learning, machine, machine learning, student, artificial, intelligence, artificial intelligence, performance, prediction, algorithm"
Mexico_AI_National_Agenda_2018_chunk_309,Mexico_AI_National_Agenda_2018,Mexico,Latin America,Mexico Towards an AI National Agenda 2018,Policy Agenda,2018,0,"learning, machine, machine learning, student, artificial, intelligence, artificial intelligence, performance, prediction, algorithm"
Mexico_AI_National_Agenda_2018_chunk_310,Mexico_AI_National_Agenda_2018,Mexico,Latin America,Mexico Towards an AI National Agenda 2018,Policy Agenda,2018,0,"learning, machine, machine learning, student, artificial, intelligence, artificial intelligence, performance, prediction, algorithm"
Mexico_AI_National_Agenda_2018_chunk_311,Mexico_AI_National_Agenda_2018,Mexico,Latin America,Mexico Towards an AI National Agenda 2018,Policy Agenda,2018,0,"learning, machine, machine learning, student, artificial, intelligence, artificial intelligence, performance, prediction, algorithm"
Mexico_AI_National_Agenda_2018_chunk_312,Mexico_AI_National_Agenda_2018,Mexico,Latin America,Mexico Towards an AI National Agenda 2018,Policy Agenda,2018,0,"learning, machine, machine learning, student, artificial, intelligence, artificial intelligence, performance, prediction, algorithm"
Mexico_AI_National_Agenda_2018_chunk_313,Mexico_AI_National_Agenda_2018,Mexico,Latin America,Mexico Towards an AI National Agenda 2018,Policy Agenda,2018,0,"learning, machine, machine learning, student, artificial, intelligence, artificial intelligence, performance, prediction, algorithm"
Mexico_AI_National_Agenda_2018_chunk_314,Mexico_AI_National_Agenda_2018,Mexico,Latin America,Mexico Towards an AI National Agenda 2018,Policy Agenda,2018,0,"learning, machine, machine learning, student, artificial, intelligence, artificial intelligence, performance, prediction, algorithm"
Mexico_AI_National_Agenda_2018_chunk_315,Mexico_AI_National_Agenda_2018,Mexico,Latin America,Mexico Towards an AI National Agenda 2018,Policy Agenda,2018,0,"learning, machine, machine learning, student, artificial, intelligence, artificial intelligence, performance, prediction, algorithm"
Mexico_AI_National_Agenda_2018_chunk_316,Mexico_AI_National_Agenda_2018,Mexico,Latin America,Mexico Towards an AI National Agenda 2018,Policy Agenda,2018,0,"learning, machine, machine learning, student, artificial, intelligence, artificial intelligence, performance, prediction, algorithm"
Mexico_AI_National_Agenda_2018_chunk_317,Mexico_AI_National_Agenda_2018,Mexico,Latin America,Mexico Towards an AI National Agenda 2018,Policy Agenda,2018,0,"learning, machine, machine learning, student, artificial, intelligence, artificial intelligence, performance, prediction, algorithm"
Mexico_AI_National_Agenda_2018_chunk_318,Mexico_AI_National_Agenda_2018,Mexico,Latin America,Mexico Towards an AI National Agenda 2018,Policy Agenda,2018,0,"learning, machine, machine learning, student, artificial, intelligence, artificial intelligence, performance, prediction, algorithm"
Mexico_AI_National_Agenda_2018_chunk_319,Mexico_AI_National_Agenda_2018,Mexico,Latin America,Mexico Towards an AI National Agenda 2018,Policy Agenda,2018,0,"learning, machine, machine learning, student, artificial, intelligence, artificial intelligence, performance, prediction, algorithm"
Mexico_AI_National_Agenda_2018_chunk_320,Mexico_AI_National_Agenda_2018,Mexico,Latin America,Mexico Towards an AI National Agenda 2018,Policy Agenda,2018,0,"learning, machine, machine learning, student, artificial, intelligence, artificial intelligence, performance, prediction, algorithm"
Mexico_AI_National_Agenda_2018_chunk_321,Mexico_AI_National_Agenda_2018,Mexico,Latin America,Mexico Towards an AI National Agenda 2018,Policy Agenda,2018,0,"learning, machine, machine learning, student, artificial, intelligence, artificial intelligence, performance, prediction, algorithm"
Mexico_AI_National_Agenda_2018_chunk_322,Mexico_AI_National_Agenda_2018,Mexico,Latin America,Mexico Towards an AI National Agenda 2018,Policy Agenda,2018,0,"learning, machine, machine learning, student, artificial, intelligence, artificial intelligence, performance, prediction, algorithm"
Mexico_AI_National_Agenda_2018_chunk_323,Mexico_AI_National_Agenda_2018,Mexico,Latin America,Mexico Towards an AI National Agenda 2018,Policy Agenda,2018,0,"learning, machine, machine learning, student, artificial, intelligence, artificial intelligence, performance, prediction, algorithm"
Mexico_AI_National_Agenda_2018_chunk_324,Mexico_AI_National_Agenda_2018,Mexico,Latin America,Mexico Towards an AI National Agenda 2018,Policy Agenda,2018,0,"learning, machine, machine learning, student, artificial, intelligence, artificial intelligence, performance, prediction, algorithm"
Mexico_AI_National_Agenda_2018_chunk_325,Mexico_AI_National_Agenda_2018,Mexico,Latin America,Mexico Towards an AI National Agenda 2018,Policy Agenda,2018,0,"learning, machine, machine learning, student, artificial, intelligence, artificial intelligence, performance, prediction, algorithm"
Mexico_AI_National_Agenda_2018_chunk_326,Mexico_AI_National_Agenda_2018,Mexico,Latin America,Mexico Towards an AI National Agenda 2018,Policy Agenda,2018,0,"learning, machine, machine learning, student, artificial, intelligence, artificial intelligence, performance, prediction, algorithm"
Mexico_AI_National_Agenda_2018_chunk_327,Mexico_AI_National_Agenda_2018,Mexico,Latin America,Mexico Towards an AI National Agenda 2018,Policy Agenda,2018,0,"learning, machine, machine learning, student, artificial, intelligence, artificial intelligence, performance, prediction, algorithm"
Mexico_AI_National_Agenda_2018_chunk_328,Mexico_AI_National_Agenda_2018,Mexico,Latin America,Mexico Towards an AI National Agenda 2018,Policy Agenda,2018,0,"learning, machine, machine learning, student, artificial, intelligence, artificial intelligence, performance, prediction, algorithm"
Mexico_AI_National_Agenda_2018_chunk_329,Mexico_AI_National_Agenda_2018,Mexico,Latin America,Mexico Towards an AI National Agenda 2018,Policy Agenda,2018,0,"learning, machine, machine learning, student, artificial, intelligence, artificial intelligence, performance, prediction, algorithm"
Mexico_AI_National_Agenda_2018_chunk_330,Mexico_AI_National_Agenda_2018,Mexico,Latin America,Mexico Towards an AI National Agenda 2018,Policy Agenda,2018,0,"learning, machine, machine learning, student, artificial, intelligence, artificial intelligence, performance, prediction, algorithm"
Mexico_AI_National_Agenda_2018_chunk_331,Mexico_AI_National_Agenda_2018,Mexico,Latin America,Mexico Towards an AI National Agenda 2018,Policy Agenda,2018,0,"learning, machine, machine learning, student, artificial, intelligence, artificial intelligence, performance, prediction, algorithm"
Mexico_AI_National_Agenda_2018_chunk_332,Mexico_AI_National_Agenda_2018,Mexico,Latin America,Mexico Towards an AI National Agenda 2018,Policy Agenda,2018,0,"learning, machine, machine learning, student, artificial, intelligence, artificial intelligence, performance, prediction, algorithm"
Mexico_AI_National_Agenda_2018_chunk_333,Mexico_AI_National_Agenda_2018,Mexico,Latin America,Mexico Towards an AI National Agenda 2018,Policy Agenda,2018,0,"learning, machine, machine learning, student, artificial, intelligence, artificial intelligence, performance, prediction, algorithm"
Mexico_AI_National_Agenda_2018_chunk_334,Mexico_AI_National_Agenda_2018,Mexico,Latin America,Mexico Towards an AI National Agenda 2018,Policy Agenda,2018,0,"learning, machine, machine learning, student, artificial, intelligence, artificial intelligence, performance, prediction, algorithm"
Mexico_AI_National_Agenda_2018_chunk_335,Mexico_AI_National_Agenda_2018,Mexico,Latin America,Mexico Towards an AI National Agenda 2018,Policy Agenda,2018,0,"learning, machine, machine learning, student, artificial, intelligence, artificial intelligence, performance, prediction, algorithm"
Mexico_AI_National_Agenda_2018_chunk_336,Mexico_AI_National_Agenda_2018,Mexico,Latin America,Mexico Towards an AI National Agenda 2018,Policy Agenda,2018,0,"learning, machine, machine learning, student, artificial, intelligence, artificial intelligence, performance, prediction, algorithm"
Mexico_AI_National_Agenda_2018_chunk_337,Mexico_AI_National_Agenda_2018,Mexico,Latin America,Mexico Towards an AI National Agenda 2018,Policy Agenda,2018,0,"learning, machine, machine learning, student, artificial, intelligence, artificial intelligence, performance, prediction, algorithm"
Mexico_AI_National_Agenda_2018_chunk_338,Mexico_AI_National_Agenda_2018,Mexico,Latin America,Mexico Towards an AI National Agenda 2018,Policy Agenda,2018,0,"learning, machine, machine learning, student, artificial, intelligence, artificial intelligence, performance, prediction, algorithm"
Mexico_AI_National_Agenda_2018_chunk_339,Mexico_AI_National_Agenda_2018,Mexico,Latin America,Mexico Towards an AI National Agenda 2018,Policy Agenda,2018,0,"learning, machine, machine learning, student, artificial, intelligence, artificial intelligence, performance, prediction, algorithm"
Mexico_AI_National_Agenda_2018_chunk_340,Mexico_AI_National_Agenda_2018,Mexico,Latin America,Mexico Towards an AI National Agenda 2018,Policy Agenda,2018,0,"learning, machine, machine learning, student, artificial, intelligence, artificial intelligence, performance, prediction, algorithm"
Mexico_AI_National_Agenda_2018_chunk_341,Mexico_AI_National_Agenda_2018,Mexico,Latin America,Mexico Towards an AI National Agenda 2018,Policy Agenda,2018,0,"learning, machine, machine learning, student, artificial, intelligence, artificial intelligence, performance, prediction, algorithm"
Mexico_AI_National_Agenda_2018_chunk_342,Mexico_AI_National_Agenda_2018,Mexico,Latin America,Mexico Towards an AI National Agenda 2018,Policy Agenda,2018,0,"learning, machine, machine learning, student, artificial, intelligence, artificial intelligence, performance, prediction, algorithm"
Mexico_AI_National_Agenda_2018_chunk_343,Mexico_AI_National_Agenda_2018,Mexico,Latin America,Mexico Towards an AI National Agenda 2018,Policy Agenda,2018,0,"learning, machine, machine learning, student, artificial, intelligence, artificial intelligence, performance, prediction, algorithm"
Mexico_AI_National_Agenda_2018_chunk_344,Mexico_AI_National_Agenda_2018,Mexico,Latin America,Mexico Towards an AI National Agenda 2018,Policy Agenda,2018,0,"learning, machine, machine learning, student, artificial, intelligence, artificial intelligence, performance, prediction, algorithm"
Mexico_AI_National_Agenda_2018_chunk_345,Mexico_AI_National_Agenda_2018,Mexico,Latin America,Mexico Towards an AI National Agenda 2018,Policy Agenda,2018,0,"learning, machine, machine learning, student, artificial, intelligence, artificial intelligence, performance, prediction, algorithm"
Mexico_AI_National_Agenda_2018_chunk_346,Mexico_AI_National_Agenda_2018,Mexico,Latin America,Mexico Towards an AI National Agenda 2018,Policy Agenda,2018,0,"learning, machine, machine learning, student, artificial, intelligence, artificial intelligence, performance, prediction, algorithm"
Mexico_AI_National_Agenda_2018_chunk_347,Mexico_AI_National_Agenda_2018,Mexico,Latin America,Mexico Towards an AI National Agenda 2018,Policy Agenda,2018,0,"learning, machine, machine learning, student, artificial, intelligence, artificial intelligence, performance, prediction, algorithm"
Mexico_AI_National_Agenda_2018_chunk_348,Mexico_AI_National_Agenda_2018,Mexico,Latin America,Mexico Towards an AI National Agenda 2018,Policy Agenda,2018,0,"learning, machine, machine learning, student, artificial, intelligence, artificial intelligence, performance, prediction, algorithm"
Mexico_AI_National_Agenda_2018_chunk_349,Mexico_AI_National_Agenda_2018,Mexico,Latin America,Mexico Towards an AI National Agenda 2018,Policy Agenda,2018,0,"learning, machine, machine learning, student, artificial, intelligence, artificial intelligence, performance, prediction, algorithm"
Mexico_AI_National_Agenda_2018_chunk_350,Mexico_AI_National_Agenda_2018,Mexico,Latin America,Mexico Towards an AI National Agenda 2018,Policy Agenda,2018,0,"learning, machine, machine learning, student, artificial, intelligence, artificial intelligence, performance, prediction, algorithm"
Mexico_AI_National_Agenda_2018_chunk_351,Mexico_AI_National_Agenda_2018,Mexico,Latin America,Mexico Towards an AI National Agenda 2018,Policy Agenda,2018,0,"learning, machine, machine learning, student, artificial, intelligence, artificial intelligence, performance, prediction, algorithm"
Mexico_AI_National_Agenda_2018_chunk_352,Mexico_AI_National_Agenda_2018,Mexico,Latin America,Mexico Towards an AI National Agenda 2018,Policy Agenda,2018,0,"learning, machine, machine learning, student, artificial, intelligence, artificial intelligence, performance, prediction, algorithm"
Mexico_AI_National_Agenda_2018_chunk_353,Mexico_AI_National_Agenda_2018,Mexico,Latin America,Mexico Towards an AI National Agenda 2018,Policy Agenda,2018,0,"learning, machine, machine learning, student, artificial, intelligence, artificial intelligence, performance, prediction, algorithm"
Mexico_AI_National_Agenda_2018_chunk_354,Mexico_AI_National_Agenda_2018,Mexico,Latin America,Mexico Towards an AI National Agenda 2018,Policy Agenda,2018,0,"learning, machine, machine learning, student, artificial, intelligence, artificial intelligence, performance, prediction, algorithm"
Mexico_AI_National_Agenda_2018_chunk_355,Mexico_AI_National_Agenda_2018,Mexico,Latin America,Mexico Towards an AI National Agenda 2018,Policy Agenda,2018,0,"learning, machine, machine learning, student, artificial, intelligence, artificial intelligence, performance, prediction, algorithm"
Mexico_AI_National_Agenda_2018_chunk_356,Mexico_AI_National_Agenda_2018,Mexico,Latin America,Mexico Towards an AI National Agenda 2018,Policy Agenda,2018,0,"learning, machine, machine learning, student, artificial, intelligence, artificial intelligence, performance, prediction, algorithm"
Mexico_AI_National_Agenda_2018_chunk_357,Mexico_AI_National_Agenda_2018,Mexico,Latin America,Mexico Towards an AI National Agenda 2018,Policy Agenda,2018,0,"learning, machine, machine learning, student, artificial, intelligence, artificial intelligence, performance, prediction, algorithm"
Mexico_AI_National_Agenda_2018_chunk_358,Mexico_AI_National_Agenda_2018,Mexico,Latin America,Mexico Towards an AI National Agenda 2018,Policy Agenda,2018,0,"learning, machine, machine learning, student, artificial, intelligence, artificial intelligence, performance, prediction, algorithm"
Mexico_AI_National_Agenda_2018_chunk_359,Mexico_AI_National_Agenda_2018,Mexico,Latin America,Mexico Towards an AI National Agenda 2018,Policy Agenda,2018,0,"learning, machine, machine learning, student, artificial, intelligence, artificial intelligence, performance, prediction, algorithm"
Mexico_AI_National_Agenda_2018_chunk_360,Mexico_AI_National_Agenda_2018,Mexico,Latin America,Mexico Towards an AI National Agenda 2018,Policy Agenda,2018,0,"learning, machine, machine learning, student, artificial, intelligence, artificial intelligence, performance, prediction, algorithm"
Mexico_AI_National_Agenda_2018_chunk_361,Mexico_AI_National_Agenda_2018,Mexico,Latin America,Mexico Towards an AI National Agenda 2018,Policy Agenda,2018,0,"learning, machine, machine learning, student, artificial, intelligence, artificial intelligence, performance, prediction, algorithm"
Mexico_AI_National_Agenda_2018_chunk_362,Mexico_AI_National_Agenda_2018,Mexico,Latin America,Mexico Towards an AI National Agenda 2018,Policy Agenda,2018,0,"learning, machine, machine learning, student, artificial, intelligence, artificial intelligence, performance, prediction, algorithm"
Mexico_AI_National_Agenda_2018_chunk_363,Mexico_AI_National_Agenda_2018,Mexico,Latin America,Mexico Towards an AI National Agenda 2018,Policy Agenda,2018,0,"learning, machine, machine learning, student, artificial, intelligence, artificial intelligence, performance, prediction, algorithm"
Mexico_AI_National_Agenda_2018_chunk_364,Mexico_AI_National_Agenda_2018,Mexico,Latin America,Mexico Towards an AI National Agenda 2018,Policy Agenda,2018,0,"learning, machine, machine learning, student, artificial, intelligence, artificial intelligence, performance, prediction, algorithm"
Mexico_AI_National_Agenda_2018_chunk_365,Mexico_AI_National_Agenda_2018,Mexico,Latin America,Mexico Towards an AI National Agenda 2018,Policy Agenda,2018,0,"learning, machine, machine learning, student, artificial, intelligence, artificial intelligence, performance, prediction, algorithm"
Mexico_AI_National_Agenda_2018_chunk_366,Mexico_AI_National_Agenda_2018,Mexico,Latin America,Mexico Towards an AI National Agenda 2018,Policy Agenda,2018,0,"learning, machine, machine learning, student, artificial, intelligence, artificial intelligence, performance, prediction, algorithm"
Mexico_AI_National_Agenda_2018_chunk_367,Mexico_AI_National_Agenda_2018,Mexico,Latin America,Mexico Towards an AI National Agenda 2018,Policy Agenda,2018,0,"learning, machine, machine learning, student, artificial, intelligence, artificial intelligence, performance, prediction, algorithm"
Mexico_AI_National_Agenda_2018_chunk_368,Mexico_AI_National_Agenda_2018,Mexico,Latin America,Mexico Towards an AI National Agenda 2018,Policy Agenda,2018,0,"learning, machine, machine learning, student, artificial, intelligence, artificial intelligence, performance, prediction, algorithm"
Mexico_AI_National_Agenda_2018_chunk_369,Mexico_AI_National_Agenda_2018,Mexico,Latin America,Mexico Towards an AI National Agenda 2018,Policy Agenda,2018,0,"learning, machine, machine learning, student, artificial, intelligence, artificial intelligence, performance, prediction, algorithm"
Mexico_AI_National_Agenda_2018_chunk_370,Mexico_AI_National_Agenda_2018,Mexico,Latin America,Mexico Towards an AI National Agenda 2018,Policy Agenda,2018,0,"learning, machine, machine learning, student, artificial, intelligence, artificial intelligence, performance, prediction, algorithm"
Mexico_AI_National_Agenda_2018_chunk_371,Mexico_AI_National_Agenda_2018,Mexico,Latin America,Mexico Towards an AI National Agenda 2018,Policy Agenda,2018,0,"learning, machine, machine learning, student, artificial, intelligence, artificial intelligence, performance, prediction, algorithm"
Mexico_AI_National_Agenda_2018_chunk_372,Mexico_AI_National_Agenda_2018,Mexico,Latin America,Mexico Towards an AI National Agenda 2018,Policy Agenda,2018,0,"learning, machine, machine learning, student, artificial, intelligence, artificial intelligence, performance, prediction, algorithm"
Mexico_AI_National_Agenda_2018_chunk_373,Mexico_AI_National_Agenda_2018,Mexico,Latin America,Mexico Towards an AI National Agenda 2018,Policy Agenda,2018,0,"learning, machine, machine learning, student, artificial, intelligence, artificial intelligence, performance, prediction, algorithm"
Mexico_AI_National_Agenda_2018_chunk_374,Mexico_AI_National_Agenda_2018,Mexico,Latin America,Mexico Towards an AI National Agenda 2018,Policy Agenda,2018,0,"learning, machine, machine learning, student, artificial, intelligence, artificial intelligence, performance, prediction, algorithm"
Mexico_AI_National_Agenda_2018_chunk_375,Mexico_AI_National_Agenda_2018,Mexico,Latin America,Mexico Towards an AI National Agenda 2018,Policy Agenda,2018,0,"learning, machine, machine learning, student, artificial, intelligence, artificial intelligence, performance, prediction, algorithm"
Mexico_AI_National_Agenda_2018_chunk_376,Mexico_AI_National_Agenda_2018,Mexico,Latin America,Mexico Towards an AI National Agenda 2018,Policy Agenda,2018,0,"learning, machine, machine learning, student, artificial, intelligence, artificial intelligence, performance, prediction, algorithm"
Mexico_AI_National_Agenda_2018_chunk_377,Mexico_AI_National_Agenda_2018,Mexico,Latin America,Mexico Towards an AI National Agenda 2018,Policy Agenda,2018,0,"learning, machine, machine learning, student, artificial, intelligence, artificial intelligence, performance, prediction, algorithm"
Mexico_AI_National_Agenda_2018_chunk_378,Mexico_AI_National_Agenda_2018,Mexico,Latin America,Mexico Towards an AI National Agenda 2018,Policy Agenda,2018,0,"learning, machine, machine learning, student, artificial, intelligence, artificial intelligence, performance, prediction, algorithm"
Mexico_AI_National_Agenda_2018_chunk_379,Mexico_AI_National_Agenda_2018,Mexico,Latin America,Mexico Towards an AI National Agenda 2018,Policy Agenda,2018,0,"learning, machine, machine learning, student, artificial, intelligence, artificial intelligence, performance, prediction, algorithm"
Mexico_AI_National_Agenda_2018_chunk_380,Mexico_AI_National_Agenda_2018,Mexico,Latin America,Mexico Towards an AI National Agenda 2018,Policy Agenda,2018,0,"learning, machine, machine learning, student, artificial, intelligence, artificial intelligence, performance, prediction, algorithm"
Mexico_AI_National_Agenda_2018_chunk_381,Mexico_AI_National_Agenda_2018,Mexico,Latin America,Mexico Towards an AI National Agenda 2018,Policy Agenda,2018,0,"learning, machine, machine learning, student, artificial, intelligence, artificial intelligence, performance, prediction, algorithm"
Mexico_AI_National_Agenda_2018_chunk_382,Mexico_AI_National_Agenda_2018,Mexico,Latin America,Mexico Towards an AI National Agenda 2018,Policy Agenda,2018,0,"learning, machine, machine learning, student, artificial, intelligence, artificial intelligence, performance, prediction, algorithm"
Mexico_AI_National_Agenda_2018_chunk_383,Mexico_AI_National_Agenda_2018,Mexico,Latin America,Mexico Towards an AI National Agenda 2018,Policy Agenda,2018,0,"learning, machine, machine learning, student, artificial, intelligence, artificial intelligence, performance, prediction, algorithm"
Mexico_AI_National_Agenda_2018_chunk_384,Mexico_AI_National_Agenda_2018,Mexico,Latin America,Mexico Towards an AI National Agenda 2018,Policy Agenda,2018,0,"learning, machine, machine learning, student, artificial, intelligence, artificial intelligence, performance, prediction, algorithm"
Mexico_AI_National_Agenda_2018_chunk_385,Mexico_AI_National_Agenda_2018,Mexico,Latin America,Mexico Towards an AI National Agenda 2018,Policy Agenda,2018,0,"learning, machine, machine learning, student, artificial, intelligence, artificial intelligence, performance, prediction, algorithm"
Mexico_AI_National_Agenda_2018_chunk_386,Mexico_AI_National_Agenda_2018,Mexico,Latin America,Mexico Towards an AI National Agenda 2018,Policy Agenda,2018,0,"learning, machine, machine learning, student, artificial, intelligence, artificial intelligence, performance, prediction, algorithm"
Mexico_AI_National_Agenda_2018_chunk_387,Mexico_AI_National_Agenda_2018,Mexico,Latin America,Mexico Towards an AI National Agenda 2018,Policy Agenda,2018,0,"learning, machine, machine learning, student, artificial, intelligence, artificial intelligence, performance, prediction, algorithm"
Mexico_AI_National_Agenda_2018_chunk_388,Mexico_AI_National_Agenda_2018,Mexico,Latin America,Mexico Towards an AI National Agenda 2018,Policy Agenda,2018,0,"learning, machine, machine learning, student, artificial, intelligence, artificial intelligence, performance, prediction, algorithm"
Mexico_AI_National_Agenda_2018_chunk_389,Mexico_AI_National_Agenda_2018,Mexico,Latin America,Mexico Towards an AI National Agenda 2018,Policy Agenda,2018,0,"learning, machine, machine learning, student, artificial, intelligence, artificial intelligence, performance, prediction, algorithm"
Mexico_AI_National_Agenda_2018_chunk_390,Mexico_AI_National_Agenda_2018,Mexico,Latin America,Mexico Towards an AI National Agenda 2018,Policy Agenda,2018,0,"learning, machine, machine learning, student, artificial, intelligence, artificial intelligence, performance, prediction, algorithm"
Mexico_AI_National_Agenda_2018_chunk_391,Mexico_AI_National_Agenda_2018,Mexico,Latin America,Mexico Towards an AI National Agenda 2018,Policy Agenda,2018,0,"learning, machine, machine learning, student, artificial, intelligence, artificial intelligence, performance, prediction, algorithm"
Mexico_AI_National_Agenda_2018_chunk_392,Mexico_AI_National_Agenda_2018,Mexico,Latin America,Mexico Towards an AI National Agenda 2018,Policy Agenda,2018,0,"learning, machine, machine learning, student, artificial, intelligence, artificial intelligence, performance, prediction, algorithm"
Mexico_AI_National_Agenda_2018_chunk_393,Mexico_AI_National_Agenda_2018,Mexico,Latin America,Mexico Towards an AI National Agenda 2018,Policy Agenda,2018,0,"learning, machine, machine learning, student, artificial, intelligence, artificial intelligence, performance, prediction, algorithm"
Mexico_AI_National_Agenda_2018_chunk_394,Mexico_AI_National_Agenda_2018,Mexico,Latin America,Mexico Towards an AI National Agenda 2018,Policy Agenda,2018,0,"learning, machine, machine learning, student, artificial, intelligence, artificial intelligence, performance, prediction, algorithm"
Mexico_AI_National_Agenda_2018_chunk_395,Mexico_AI_National_Agenda_2018,Mexico,Latin America,Mexico Towards an AI National Agenda 2018,Policy Agenda,2018,0,"learning, machine, machine learning, student, artificial, intelligence, artificial intelligence, performance, prediction, algorithm"
Mexico_AI_National_Agenda_2018_chunk_396,Mexico_AI_National_Agenda_2018,Mexico,Latin America,Mexico Towards an AI National Agenda 2018,Policy Agenda,2018,0,"learning, machine, machine learning, student, artificial, intelligence, artificial intelligence, performance, prediction, algorithm"
Mexico_AI_National_Agenda_2018_chunk_397,Mexico_AI_National_Agenda_2018,Mexico,Latin America,Mexico Towards an AI National Agenda 2018,Policy Agenda,2018,0,"learning, machine, machine learning, student, artificial, intelligence, artificial intelligence, performance, prediction, algorithm"
Mexico_AI_National_Agenda_2018_chunk_398,Mexico_AI_National_Agenda_2018,Mexico,Latin America,Mexico Towards an AI National Agenda 2018,Policy Agenda,2018,0,"learning, machine, machine learning, student, artificial, intelligence, artificial intelligence, performance, prediction, algorithm"
Mexico_AI_National_Agenda_2018_chunk_399,Mexico_AI_National_Agenda_2018,Mexico,Latin America,Mexico Towards an AI National Agenda 2018,Policy Agenda,2018,0,"learning, machine, machine learning, student, artificial, intelligence, artificial intelligence, performance, prediction, algorithm"
Mexico_AI_National_Agenda_2018_chunk_400,Mexico_AI_National_Agenda_2018,Mexico,Latin America,Mexico Towards an AI National Agenda 2018,Policy Agenda,2018,0,"learning, machine, machine learning, student, artificial, intelligence, artificial intelligence, performance, prediction, algorithm"
Mexico_AI_National_Agenda_2018_chunk_401,Mexico_AI_National_Agenda_2018,Mexico,Latin America,Mexico Towards an AI National Agenda 2018,Policy Agenda,2018,0,"learning, machine, machine learning, student, artificial, intelligence, artificial intelligence, performance, prediction, algorithm"
Mexico_AI_National_Agenda_2018_chunk_402,Mexico_AI_National_Agenda_2018,Mexico,Latin America,Mexico Towards an AI National Agenda 2018,Policy Agenda,2018,0,"learning, machine, machine learning, student, artificial, intelligence, artificial intelligence, performance, prediction, algorithm"
Mexico_AI_National_Agenda_2018_chunk_403,Mexico_AI_National_Agenda_2018,Mexico,Latin America,Mexico Towards an AI National Agenda 2018,Policy Agenda,2018,0,"learning, machine, machine learning, student, artificial, intelligence, artificial intelligence, performance, prediction, algorithm"
Mexico_AI_National_Agenda_2018_chunk_404,Mexico_AI_National_Agenda_2018,Mexico,Latin America,Mexico Towards an AI National Agenda 2018,Policy Agenda,2018,0,"learning, machine, machine learning, student, artificial, intelligence, artificial intelligence, performance, prediction, algorithm"
Mexico_AI_National_Agenda_2018_chunk_405,Mexico_AI_National_Agenda_2018,Mexico,Latin America,Mexico Towards an AI National Agenda 2018,Policy Agenda,2018,0,"learning, machine, machine learning, student, artificial, intelligence, artificial intelligence, performance, prediction, algorithm"
Mexico_AI_National_Agenda_2018_chunk_406,Mexico_AI_National_Agenda_2018,Mexico,Latin America,Mexico Towards an AI National Agenda 2018,Policy Agenda,2018,0,"learning, machine, machine learning, student, artificial, intelligence, artificial intelligence, performance, prediction, algorithm"
Mexico_AI_National_Agenda_2018_chunk_407,Mexico_AI_National_Agenda_2018,Mexico,Latin America,Mexico Towards an AI National Agenda 2018,Policy Agenda,2018,0,"learning, machine, machine learning, student, artificial, intelligence, artificial intelligence, performance, prediction, algorithm"
Mexico_AI_National_Agenda_2018_chunk_408,Mexico_AI_National_Agenda_2018,Mexico,Latin America,Mexico Towards an AI National Agenda 2018,Policy Agenda,2018,0,"learning, machine, machine learning, student, artificial, intelligence, artificial intelligence, performance, prediction, algorithm"
Mexico_AI_National_Agenda_2018_chunk_409,Mexico_AI_National_Agenda_2018,Mexico,Latin America,Mexico Towards an AI National Agenda 2018,Policy Agenda,2018,0,"learning, machine, machine learning, student, artificial, intelligence, artificial intelligence, performance, prediction, algorithm"
Mexico_AI_National_Agenda_2018_chunk_410,Mexico_AI_National_Agenda_2018,Mexico,Latin America,Mexico Towards an AI National Agenda 2018,Policy Agenda,2018,0,"learning, machine, machine learning, student, artificial, intelligence, artificial intelligence, performance, prediction, algorithm"
Mexico_AI_National_Agenda_2018_chunk_411,Mexico_AI_National_Agenda_2018,Mexico,Latin America,Mexico Towards an AI National Agenda 2018,Policy Agenda,2018,0,"learning, machine, machine learning, student, artificial, intelligence, artificial intelligence, performance, prediction, algorithm"
Mexico_AI_National_Agenda_2018_chunk_412,Mexico_AI_National_Agenda_2018,Mexico,Latin America,Mexico Towards an AI National Agenda 2018,Policy Agenda,2018,0,"learning, machine, machine learning, student, artificial, intelligence, artificial intelligence, performance, prediction, algorithm"
Mexico_AI_National_Agenda_2018_chunk_413,Mexico_AI_National_Agenda_2018,Mexico,Latin America,Mexico Towards an AI National Agenda 2018,Policy Agenda,2018,0,"learning, machine, machine learning, student, artificial, intelligence, artificial intelligence, performance, prediction, algorithm"
Mexico_AI_National_Agenda_2018_chunk_414,Mexico_AI_National_Agenda_2018,Mexico,Latin America,Mexico Towards an AI National Agenda 2018,Policy Agenda,2018,0,"learning, machine, machine learning, student, artificial, intelligence, artificial intelligence, performance, prediction, algorithm"
Mexico_AI_National_Agenda_2018_chunk_415,Mexico_AI_National_Agenda_2018,Mexico,Latin America,Mexico Towards an AI National Agenda 2018,Policy Agenda,2018,0,"learning, machine, machine learning, student, artificial, intelligence, artificial intelligence, performance, prediction, algorithm"
Mexico_AI_National_Agenda_2018_chunk_416,Mexico_AI_National_Agenda_2018,Mexico,Latin America,Mexico Towards an AI National Agenda 2018,Policy Agenda,2018,0,"learning, machine, machine learning, student, artificial, intelligence, artificial intelligence, performance, prediction, algorithm"
Mexico_AI_National_Agenda_2018_chunk_417,Mexico_AI_National_Agenda_2018,Mexico,Latin America,Mexico Towards an AI National Agenda 2018,Policy Agenda,2018,0,"learning, machine, machine learning, student, artificial, intelligence, artificial intelligence, performance, prediction, algorithm"
Mexico_AI_National_Agenda_2018_chunk_418,Mexico_AI_National_Agenda_2018,Mexico,Latin America,Mexico Towards an AI National Agenda 2018,Policy Agenda,2018,0,"learning, machine, machine learning, student, artificial, intelligence, artificial intelligence, performance, prediction, algorithm"
Mexico_AI_National_Agenda_2018_chunk_419,Mexico_AI_National_Agenda_2018,Mexico,Latin America,Mexico Towards an AI National Agenda 2018,Policy Agenda,2018,0,"learning, machine, machine learning, student, artificial, intelligence, artificial intelligence, performance, prediction, algorithm"
Mexico_AI_National_Agenda_2018_chunk_420,Mexico_AI_National_Agenda_2018,Mexico,Latin America,Mexico Towards an AI National Agenda 2018,Policy Agenda,2018,0,"learning, machine, machine learning, student, artificial, intelligence, artificial intelligence, performance, prediction, algorithm"
Mexico_AI_National_Agenda_2018_chunk_421,Mexico_AI_National_Agenda_2018,Mexico,Latin America,Mexico Towards an AI National Agenda 2018,Policy Agenda,2018,0,"learning, machine, machine learning, student, artificial, intelligence, artificial intelligence, performance, prediction, algorithm"
Mexico_AI_National_Agenda_2018_chunk_422,Mexico_AI_National_Agenda_2018,Mexico,Latin America,Mexico Towards an AI National Agenda 2018,Policy Agenda,2018,0,"learning, machine, machine learning, student, artificial, intelligence, artificial intelligence, performance, prediction, algorithm"
Mexico_AI_National_Agenda_2018_chunk_423,Mexico_AI_National_Agenda_2018,Mexico,Latin America,Mexico Towards an AI National Agenda 2018,Policy Agenda,2018,0,"learning, machine, machine learning, student, artificial, intelligence, artificial intelligence, performance, prediction, algorithm"
Mexico_AI_National_Agenda_2018_chunk_424,Mexico_AI_National_Agenda_2018,Mexico,Latin America,Mexico Towards an AI National Agenda 2018,Policy Agenda,2018,0,"learning, machine, machine learning, student, artificial, intelligence, artificial intelligence, performance, prediction, algorithm"
Mexico_AI_National_Agenda_2018_chunk_425,Mexico_AI_National_Agenda_2018,Mexico,Latin America,Mexico Towards an AI National Agenda 2018,Policy Agenda,2018,0,"learning, machine, machine learning, student, artificial, intelligence, artificial intelligence, performance, prediction, algorithm"
Mexico_AI_National_Agenda_2018_chunk_426,Mexico_AI_National_Agenda_2018,Mexico,Latin America,Mexico Towards an AI National Agenda 2018,Policy Agenda,2018,0,"learning, machine, machine learning, student, artificial, intelligence, artificial intelligence, performance, prediction, algorithm"
Mexico_AI_National_Agenda_2018_chunk_427,Mexico_AI_National_Agenda_2018,Mexico,Latin America,Mexico Towards an AI National Agenda 2018,Policy Agenda,2018,0,"learning, machine, machine learning, student, artificial, intelligence, artificial intelligence, performance, prediction, algorithm"
Mexico_AI_National_Agenda_2018_chunk_428,Mexico_AI_National_Agenda_2018,Mexico,Latin America,Mexico Towards an AI National Agenda 2018,Policy Agenda,2018,0,"learning, machine, machine learning, student, artificial, intelligence, artificial intelligence, performance, prediction, algorithm"
Mexico_AI_National_Agenda_2018_chunk_429,Mexico_AI_National_Agenda_2018,Mexico,Latin America,Mexico Towards an AI National Agenda 2018,Policy Agenda,2018,0,"learning, machine, machine learning, student, artificial, intelligence, artificial intelligence, performance, prediction, algorithm"
Mexico_AI_National_Agenda_2018_chunk_430,Mexico_AI_National_Agenda_2018,Mexico,Latin America,Mexico Towards an AI National Agenda 2018,Policy Agenda,2018,0,"learning, machine, machine learning, student, artificial, intelligence, artificial intelligence, performance, prediction, algorithm"
Mexico_AI_National_Agenda_2018_chunk_431,Mexico_AI_National_Agenda_2018,Mexico,Latin America,Mexico Towards an AI National Agenda 2018,Policy Agenda,2018,0,"learning, machine, machine learning, student, artificial, intelligence, artificial intelligence, performance, prediction, algorithm"
Mexico_AI_National_Agenda_2018_chunk_432,Mexico_AI_National_Agenda_2018,Mexico,Latin America,Mexico Towards an AI National Agenda 2018,Policy Agenda,2018,0,"learning, machine, machine learning, student, artificial, intelligence, artificial intelligence, performance, prediction, algorithm"
Mexico_AI_National_Agenda_2018_chunk_433,Mexico_AI_National_Agenda_2018,Mexico,Latin America,Mexico Towards an AI National Agenda 2018,Policy Agenda,2018,0,"learning, machine, machine learning, student, artificial, intelligence, artificial intelligence, performance, prediction, algorithm"
Mexico_AI_National_Agenda_2018_chunk_434,Mexico_AI_National_Agenda_2018,Mexico,Latin America,Mexico Towards an AI National Agenda 2018,Policy Agenda,2018,0,"learning, machine, machine learning, student, artificial, intelligence, artificial intelligence, performance, prediction, algorithm"
Mexico_AI_National_Agenda_2018_chunk_435,Mexico_AI_National_Agenda_2018,Mexico,Latin America,Mexico Towards an AI National Agenda 2018,Policy Agenda,2018,0,"learning, machine, machine learning, student, artificial, intelligence, artificial intelligence, performance, prediction, algorithm"
Mexico_AI_National_Agenda_2018_chunk_436,Mexico_AI_National_Agenda_2018,Mexico,Latin America,Mexico Towards an AI National Agenda 2018,Policy Agenda,2018,0,"learning, machine, machine learning, student, artificial, intelligence, artificial intelligence, performance, prediction, algorithm"
Mexico_AI_National_Agenda_2018_chunk_437,Mexico_AI_National_Agenda_2018,Mexico,Latin America,Mexico Towards an AI National Agenda 2018,Policy Agenda,2018,0,"learning, machine, machine learning, student, artificial, intelligence, artificial intelligence, performance, prediction, algorithm"
Mexico_AI_National_Agenda_2018_chunk_438,Mexico_AI_National_Agenda_2018,Mexico,Latin America,Mexico Towards an AI National Agenda 2018,Policy Agenda,2018,0,"learning, machine, machine learning, student, artificial, intelligence, artificial intelligence, performance, prediction, algorithm"
Mexico_AI_National_Agenda_2018_chunk_439,Mexico_AI_National_Agenda_2018,Mexico,Latin America,Mexico Towards an AI National Agenda 2018,Policy Agenda,2018,0,"learning, machine, machine learning, student, artificial, intelligence, artificial intelligence, performance, prediction, algorithm"
Mexico_AI_National_Agenda_2018_chunk_440,Mexico_AI_National_Agenda_2018,Mexico,Latin America,Mexico Towards an AI National Agenda 2018,Policy Agenda,2018,0,"learning, machine, machine learning, student, artificial, intelligence, artificial intelligence, performance, prediction, algorithm"
Mexico_AI_National_Agenda_2018_chunk_441,Mexico_AI_National_Agenda_2018,Mexico,Latin America,Mexico Towards an AI National Agenda 2018,Policy Agenda,2018,0,"learning, machine, machine learning, student, artificial, intelligence, artificial intelligence, performance, prediction, algorithm"
Mexico_AI_National_Agenda_2018_chunk_442,Mexico_AI_National_Agenda_2018,Mexico,Latin America,Mexico Towards an AI National Agenda 2018,Policy Agenda,2018,0,"learning, machine, machine learning, student, artificial, intelligence, artificial intelligence, performance, prediction, algorithm"
Mexico_AI_National_Agenda_2018_chunk_443,Mexico_AI_National_Agenda_2018,Mexico,Latin America,Mexico Towards an AI National Agenda 2018,Policy Agenda,2018,0,"learning, machine, machine learning, student, artificial, intelligence, artificial intelligence, performance, prediction, algorithm"
Mexico_AI_National_Agenda_2018_chunk_444,Mexico_AI_National_Agenda_2018,Mexico,Latin America,Mexico Towards an AI National Agenda 2018,Policy Agenda,2018,0,"learning, machine, machine learning, student, artificial, intelligence, artificial intelligence, performance, prediction, algorithm"
Mexico_AI_National_Agenda_2018_chunk_445,Mexico_AI_National_Agenda_2018,Mexico,Latin America,Mexico Towards an AI National Agenda 2018,Policy Agenda,2018,0,"learning, machine, machine learning, student, artificial, intelligence, artificial intelligence, performance, prediction, algorithm"
Mexico_AI_National_Agenda_2018_chunk_446,Mexico_AI_National_Agenda_2018,Mexico,Latin America,Mexico Towards an AI National Agenda 2018,Policy Agenda,2018,0,"learning, machine, machine learning, student, artificial, intelligence, artificial intelligence, performance, prediction, algorithm"
Mexico_AI_National_Agenda_2018_chunk_447,Mexico_AI_National_Agenda_2018,Mexico,Latin America,Mexico Towards an AI National Agenda 2018,Policy Agenda,2018,0,"learning, machine, machine learning, student, artificial, intelligence, artificial intelligence, performance, prediction, algorithm"
Mexico_AI_National_Agenda_2018_chunk_448,Mexico_AI_National_Agenda_2018,Mexico,Latin America,Mexico Towards an AI National Agenda 2018,Policy Agenda,2018,0,"learning, machine, machine learning, student, artificial, intelligence, artificial intelligence, performance, prediction, algorithm"
Mexico_AI_National_Agenda_2018_chunk_449,Mexico_AI_National_Agenda_2018,Mexico,Latin America,Mexico Towards an AI National Agenda 2018,Policy Agenda,2018,0,"learning, machine, machine learning, student, artificial, intelligence, artificial intelligence, performance, prediction, algorithm"
Mexico_AI_National_Agenda_2018_chunk_450,Mexico_AI_National_Agenda_2018,Mexico,Latin America,Mexico Towards an AI National Agenda 2018,Policy Agenda,2018,0,"learning, machine, machine learning, student, artificial, intelligence, artificial intelligence, performance, prediction, algorithm"
Mexico_AI_National_Agenda_2018_chunk_451,Mexico_AI_National_Agenda_2018,Mexico,Latin America,Mexico Towards an AI National Agenda 2018,Policy Agenda,2018,0,"learning, machine, machine learning, student, artificial, intelligence, artificial intelligence, performance, prediction, algorithm"
Mexico_AI_National_Agenda_2018_chunk_452,Mexico_AI_National_Agenda_2018,Mexico,Latin America,Mexico Towards an AI National Agenda 2018,Policy Agenda,2018,0,"learning, machine, machine learning, student, artificial, intelligence, artificial intelligence, performance, prediction, algorithm"
Mexico_AI_National_Agenda_2018_chunk_453,Mexico_AI_National_Agenda_2018,Mexico,Latin America,Mexico Towards an AI National Agenda 2018,Policy Agenda,2018,0,"learning, machine, machine learning, student, artificial, intelligence, artificial intelligence, performance, prediction, algorithm"
Mexico_AI_National_Agenda_2018_chunk_454,Mexico_AI_National_Agenda_2018,Mexico,Latin America,Mexico Towards an AI National Agenda 2018,Policy Agenda,2018,0,"learning, machine, machine learning, student, artificial, intelligence, artificial intelligence, performance, prediction, algorithm"
Mexico_AI_National_Agenda_2018_chunk_455,Mexico_AI_National_Agenda_2018,Mexico,Latin America,Mexico Towards an AI National Agenda 2018,Policy Agenda,2018,0,"learning, machine, machine learning, student, artificial, intelligence, artificial intelligence, performance, prediction, algorithm"
Mexico_AI_National_Agenda_2018_chunk_456,Mexico_AI_National_Agenda_2018,Mexico,Latin America,Mexico Towards an AI National Agenda 2018,Policy Agenda,2018,0,"learning, machine, machine learning, student, artificial, intelligence, artificial intelligence, performance, prediction, algorithm"
Mexico_AI_National_Agenda_2018_chunk_457,Mexico_AI_National_Agenda_2018,Mexico,Latin America,Mexico Towards an AI National Agenda 2018,Policy Agenda,2018,0,"learning, machine, machine learning, student, artificial, intelligence, artificial intelligence, performance, prediction, algorithm"
Mexico_AI_National_Agenda_2018_chunk_458,Mexico_AI_National_Agenda_2018,Mexico,Latin America,Mexico Towards an AI National Agenda 2018,Policy Agenda,2018,0,"learning, machine, machine learning, student, artificial, intelligence, artificial intelligence, performance, prediction, algorithm"
Mexico_AI_National_Agenda_2018_chunk_459,Mexico_AI_National_Agenda_2018,Mexico,Latin America,Mexico Towards an AI National Agenda 2018,Policy Agenda,2018,0,"learning, machine, machine learning, student, artificial, intelligence, artificial intelligence, performance, prediction, algorithm"
Mexico_AI_National_Agenda_2018_chunk_460,Mexico_AI_National_Agenda_2018,Mexico,Latin America,Mexico Towards an AI National Agenda 2018,Policy Agenda,2018,0,"learning, machine, machine learning, student, artificial, intelligence, artificial intelligence, performance, prediction, algorithm"
Mexico_AI_National_Agenda_2018_chunk_461,Mexico_AI_National_Agenda_2018,Mexico,Latin America,Mexico Towards an AI National Agenda 2018,Policy Agenda,2018,0,"learning, machine, machine learning, student, artificial, intelligence, artificial intelligence, performance, prediction, algorithm"
Mexico_AI_National_Agenda_2018_chunk_462,Mexico_AI_National_Agenda_2018,Mexico,Latin America,Mexico Towards an AI National Agenda 2018,Policy Agenda,2018,0,"learning, machine, machine learning, student, artificial, intelligence, artificial intelligence, performance, prediction, algorithm"
Mexico_AI_National_Agenda_2018_chunk_463,Mexico_AI_National_Agenda_2018,Mexico,Latin America,Mexico Towards an AI National Agenda 2018,Policy Agenda,2018,0,"learning, machine, machine learning, student, artificial, intelligence, artificial intelligence, performance, prediction, algorithm"
Mexico_AI_National_Agenda_2018_chunk_464,Mexico_AI_National_Agenda_2018,Mexico,Latin America,Mexico Towards an AI National Agenda 2018,Policy Agenda,2018,0,"learning, machine, machine learning, student, artificial, intelligence, artificial intelligence, performance, prediction, algorithm"
Mexico_AI_National_Agenda_2018_chunk_465,Mexico_AI_National_Agenda_2018,Mexico,Latin America,Mexico Towards an AI National Agenda 2018,Policy Agenda,2018,0,"learning, machine, machine learning, student, artificial, intelligence, artificial intelligence, performance, prediction, algorithm"
Mexico_AI_National_Agenda_2018_chunk_466,Mexico_AI_National_Agenda_2018,Mexico,Latin America,Mexico Towards an AI National Agenda 2018,Policy Agenda,2018,0,"learning, machine, machine learning, student, artificial, intelligence, artificial intelligence, performance, prediction, algorithm"
Mexico_AI_National_Agenda_2018_chunk_467,Mexico_AI_National_Agenda_2018,Mexico,Latin America,Mexico Towards an AI National Agenda 2018,Policy Agenda,2018,0,"learning, machine, machine learning, student, artificial, intelligence, artificial intelligence, performance, prediction, algorithm"
Mexico_AI_National_Agenda_2018_chunk_468,Mexico_AI_National_Agenda_2018,Mexico,Latin America,Mexico Towards an AI National Agenda 2018,Policy Agenda,2018,0,"learning, machine, machine learning, student, artificial, intelligence, artificial intelligence, performance, prediction, algorithm"
Mexico_AI_National_Agenda_2018_chunk_469,Mexico_AI_National_Agenda_2018,Mexico,Latin America,Mexico Towards an AI National Agenda 2018,Policy Agenda,2018,0,"learning, machine, machine learning, student, artificial, intelligence, artificial intelligence, performance, prediction, algorithm"
Mexico_AI_National_Agenda_2018_chunk_470,Mexico_AI_National_Agenda_2018,Mexico,Latin America,Mexico Towards an AI National Agenda 2018,Policy Agenda,2018,0,"learning, machine, machine learning, student, artificial, intelligence, artificial intelligence, performance, prediction, algorithm"
Mexico_AI_National_Agenda_2018_chunk_471,Mexico_AI_National_Agenda_2018,Mexico,Latin America,Mexico Towards an AI National Agenda 2018,Policy Agenda,2018,0,"learning, machine, machine learning, student, artificial, intelligence, artificial intelligence, performance, prediction, algorithm"
Mexico_AI_National_Agenda_2018_chunk_472,Mexico_AI_National_Agenda_2018,Mexico,Latin America,Mexico Towards an AI National Agenda 2018,Policy Agenda,2018,0,"learning, machine, machine learning, student, artificial, intelligence, artificial intelligence, performance, prediction, algorithm"
Mexico_AI_National_Agenda_2018_chunk_473,Mexico_AI_National_Agenda_2018,Mexico,Latin America,Mexico Towards an AI National Agenda 2018,Policy Agenda,2018,0,"learning, machine, machine learning, student, artificial, intelligence, artificial intelligence, performance, prediction, algorithm"
Mexico_AI_National_Agenda_2018_chunk_474,Mexico_AI_National_Agenda_2018,Mexico,Latin America,Mexico Towards an AI National Agenda 2018,Policy Agenda,2018,0,"learning, machine, machine learning, student, artificial, intelligence, artificial intelligence, performance, prediction, algorithm"
Mexico_AI_National_Agenda_2018_chunk_475,Mexico_AI_National_Agenda_2018,Mexico,Latin America,Mexico Towards an AI National Agenda 2018,Policy Agenda,2018,0,"learning, machine, machine learning, student, artificial, intelligence, artificial intelligence, performance, prediction, algorithm"
Mexico_AI_National_Agenda_2018_chunk_476,Mexico_AI_National_Agenda_2018,Mexico,Latin America,Mexico Towards an AI National Agenda 2018,Policy Agenda,2018,0,"learning, machine, machine learning, student, artificial, intelligence, artificial intelligence, performance, prediction, algorithm"
Mexico_AI_National_Agenda_2018_chunk_477,Mexico_AI_National_Agenda_2018,Mexico,Latin America,Mexico Towards an AI National Agenda 2018,Policy Agenda,2018,0,"learning, machine, machine learning, student, artificial, intelligence, artificial intelligence, performance, prediction, algorithm"
Mexico_AI_National_Agenda_2018_chunk_478,Mexico_AI_National_Agenda_2018,Mexico,Latin America,Mexico Towards an AI National Agenda 2018,Policy Agenda,2018,0,"learning, machine, machine learning, student, artificial, intelligence, artificial intelligence, performance, prediction, algorithm"
Mexico_AI_National_Agenda_2018_chunk_479,Mexico_AI_National_Agenda_2018,Mexico,Latin America,Mexico Towards an AI National Agenda 2018,Policy Agenda,2018,0,"learning, machine, machine learning, student, artificial, intelligence, artificial intelligence, performance, prediction, algorithm"
Mexico_AI_National_Agenda_2018_chunk_480,Mexico_AI_National_Agenda_2018,Mexico,Latin America,Mexico Towards an AI National Agenda 2018,Policy Agenda,2018,0,"learning, machine, machine learning, student, artificial, intelligence, artificial intelligence, performance, prediction, algorithm"
Mexico_AI_National_Agenda_2018_chunk_481,Mexico_AI_National_Agenda_2018,Mexico,Latin America,Mexico Towards an AI National Agenda 2018,Policy Agenda,2018,0,"learning, machine, machine learning, student, artificial, intelligence, artificial intelligence, performance, prediction, algorithm"
Mexico_AI_National_Agenda_2018_chunk_482,Mexico_AI_National_Agenda_2018,Mexico,Latin America,Mexico Towards an AI National Agenda 2018,Policy Agenda,2018,0,"learning, machine, machine learning, student, artificial, intelligence, artificial intelligence, performance, prediction, algorithm"
Mexico_AI_National_Agenda_2018_chunk_483,Mexico_AI_National_Agenda_2018,Mexico,Latin America,Mexico Towards an AI National Agenda 2018,Policy Agenda,2018,0,"learning, machine, machine learning, student, artificial, intelligence, artificial intelligence, performance, prediction, algorithm"
Mexico_AI_National_Agenda_2018_chunk_484,Mexico_AI_National_Agenda_2018,Mexico,Latin America,Mexico Towards an AI National Agenda 2018,Policy Agenda,2018,0,"learning, machine, machine learning, student, artificial, intelligence, artificial intelligence, performance, prediction, algorithm"
Mexico_AI_National_Agenda_2018_chunk_485,Mexico_AI_National_Agenda_2018,Mexico,Latin America,Mexico Towards an AI National Agenda 2018,Policy Agenda,2018,0,"learning, machine, machine learning, student, artificial, intelligence, artificial intelligence, performance, prediction, algorithm"
Mexico_AI_National_Agenda_2018_chunk_486,Mexico_AI_National_Agenda_2018,Mexico,Latin America,Mexico Towards an AI National Agenda 2018,Policy Agenda,2018,0,"learning, machine, machine learning, student, artificial, intelligence, artificial intelligence, performance, prediction, algorithm"
Mexico_AI_National_Agenda_2018_chunk_487,Mexico_AI_National_Agenda_2018,Mexico,Latin America,Mexico Towards an AI National Agenda 2018,Policy Agenda,2018,0,"learning, machine, machine learning, student, artificial, intelligence, artificial intelligence, performance, prediction, algorithm"
Mexico_AI_National_Agenda_2018_chunk_488,Mexico_AI_National_Agenda_2018,Mexico,Latin America,Mexico Towards an AI National Agenda 2018,Policy Agenda,2018,0,"learning, machine, machine learning, student, artificial, intelligence, artificial intelligence, performance, prediction, algorithm"
Mexico_AI_National_Agenda_2018_chunk_489,Mexico_AI_National_Agenda_2018,Mexico,Latin America,Mexico Towards an AI National Agenda 2018,Policy Agenda,2018,0,"learning, machine, machine learning, student, artificial, intelligence, artificial intelligence, performance, prediction, algorithm"
Mexico_AI_National_Agenda_2018_chunk_490,Mexico_AI_National_Agenda_2018,Mexico,Latin America,Mexico Towards an AI National Agenda 2018,Policy Agenda,2018,0,"learning, machine, machine learning, student, artificial, intelligence, artificial intelligence, performance, prediction, algorithm"
Mexico_AI_National_Agenda_2018_chunk_491,Mexico_AI_National_Agenda_2018,Mexico,Latin America,Mexico Towards an AI National Agenda 2018,Policy Agenda,2018,0,"learning, machine, machine learning, student, artificial, intelligence, artificial intelligence, performance, prediction, algorithm"
Mexico_AI_National_Agenda_2018_chunk_492,Mexico_AI_National_Agenda_2018,Mexico,Latin America,Mexico Towards an AI National Agenda 2018,Policy Agenda,2018,0,"learning, machine, machine learning, student, artificial, intelligence, artificial intelligence, performance, prediction, algorithm"
Mexico_AI_National_Agenda_2018_chunk_493,Mexico_AI_National_Agenda_2018,Mexico,Latin America,Mexico Towards an AI National Agenda 2018,Policy Agenda,2018,0,"learning, machine, machine learning, student, artificial, intelligence, artificial intelligence, performance, prediction, algorithm"
Mexico_AI_National_Agenda_2018_chunk_494,Mexico_AI_National_Agenda_2018,Mexico,Latin America,Mexico Towards an AI National Agenda 2018,Policy Agenda,2018,0,"learning, machine, machine learning, student, artificial, intelligence, artificial intelligence, performance, prediction, algorithm"
Mexico_AI_National_Agenda_2018_chunk_495,Mexico_AI_National_Agenda_2018,Mexico,Latin America,Mexico Towards an AI National Agenda 2018,Policy Agenda,2018,0,"learning, machine, machine learning, student, artificial, intelligence, artificial intelligence, performance, prediction, algorithm"
Mexico_AI_National_Agenda_2018_chunk_496,Mexico_AI_National_Agenda_2018,Mexico,Latin America,Mexico Towards an AI National Agenda 2018,Policy Agenda,2018,0,"learning, machine, machine learning, student, artificial, intelligence, artificial intelligence, performance, prediction, algorithm"
Mexico_AI_National_Agenda_2018_chunk_497,Mexico_AI_National_Agenda_2018,Mexico,Latin America,Mexico Towards an AI National Agenda 2018,Policy Agenda,2018,0,"learning, machine, machine learning, student, artificial, intelligence, artificial intelligence, performance, prediction, algorithm"
Mexico_AI_National_Agenda_2018_chunk_498,Mexico_AI_National_Agenda_2018,Mexico,Latin America,Mexico Towards an AI National Agenda 2018,Policy Agenda,2018,0,"learning, machine, machine learning, student, artificial, intelligence, artificial intelligence, performance, prediction, algorithm"
Mexico_AI_National_Agenda_2018_chunk_499,Mexico_AI_National_Agenda_2018,Mexico,Latin America,Mexico Towards an AI National Agenda 2018,Policy Agenda,2018,0,"learning, machine, machine learning, student, artificial, intelligence, artificial intelligence, performance, prediction, algorithm"
Mexico_AI_National_Agenda_2018_chunk_500,Mexico_AI_National_Agenda_2018,Mexico,Latin America,Mexico Towards an AI National Agenda 2018,Policy Agenda,2018,0,"learning, machine, machine learning, student, artificial, intelligence, artificial intelligence, performance, prediction, algorithm"
Mexico_AI_National_Agenda_2018_chunk_501,Mexico_AI_National_Agenda_2018,Mexico,Latin America,Mexico Towards an AI National Agenda 2018,Policy Agenda,2018,0,"learning, machine, machine learning, student, artificial, intelligence, artificial intelligence, performance, prediction, algorithm"
Mexico_AI_National_Agenda_2018_chunk_502,Mexico_AI_National_Agenda_2018,Mexico,Latin America,Mexico Towards an AI National Agenda 2018,Policy Agenda,2018,0,"learning, machine, machine learning, student, artificial, intelligence, artificial intelligence, performance, prediction, algorithm"
Mexico_AI_National_Agenda_2018_chunk_503,Mexico_AI_National_Agenda_2018,Mexico,Latin America,Mexico Towards an AI National Agenda 2018,Policy Agenda,2018,0,"learning, machine, machine learning, student, artificial, intelligence, artificial intelligence, performance, prediction, algorithm"
Mexico_AI_National_Agenda_2018_chunk_504,Mexico_AI_National_Agenda_2018,Mexico,Latin America,Mexico Towards an AI National Agenda 2018,Policy Agenda,2018,0,"learning, machine, machine learning, student, artificial, intelligence, artificial intelligence, performance, prediction, algorithm"
Mexico_AI_National_Agenda_2018_chunk_505,Mexico_AI_National_Agenda_2018,Mexico,Latin America,Mexico Towards an AI National Agenda 2018,Policy Agenda,2018,0,"learning, machine, machine learning, student, artificial, intelligence, artificial intelligence, performance, prediction, algorithm"
Mexico_AI_National_Agenda_2018_chunk_506,Mexico_AI_National_Agenda_2018,Mexico,Latin America,Mexico Towards an AI National Agenda 2018,Policy Agenda,2018,0,"learning, machine, machine learning, student, artificial, intelligence, artificial intelligence, performance, prediction, algorithm"
Mexico_AI_National_Agenda_2018_chunk_507,Mexico_AI_National_Agenda_2018,Mexico,Latin America,Mexico Towards an AI National Agenda 2018,Policy Agenda,2018,0,"learning, machine, machine learning, student, artificial, intelligence, artificial intelligence, performance, prediction, algorithm"
Mexico_AI_National_Agenda_2018_chunk_508,Mexico_AI_National_Agenda_2018,Mexico,Latin America,Mexico Towards an AI National Agenda 2018,Policy Agenda,2018,0,"learning, machine, machine learning, student, artificial, intelligence, artificial intelligence, performance, prediction, algorithm"
Mexico_AI_National_Agenda_2018_chunk_509,Mexico_AI_National_Agenda_2018,Mexico,Latin America,Mexico Towards an AI National Agenda 2018,Policy Agenda,2018,0,"learning, machine, machine learning, student, artificial, intelligence, artificial intelligence, performance, prediction, algorithm"
Mexico_AI_National_Agenda_2018_chunk_510,Mexico_AI_National_Agenda_2018,Mexico,Latin America,Mexico Towards an AI National Agenda 2018,Policy Agenda,2018,0,"learning, machine, machine learning, student, artificial, intelligence, artificial intelligence, performance, prediction, algorithm"
Mexico_AI_National_Agenda_2018_chunk_511,Mexico_AI_National_Agenda_2018,Mexico,Latin America,Mexico Towards an AI National Agenda 2018,Policy Agenda,2018,0,"learning, machine, machine learning, student, artificial, intelligence, artificial intelligence, performance, prediction, algorithm"
Mexico_AI_National_Agenda_2018_chunk_512,Mexico_AI_National_Agenda_2018,Mexico,Latin America,Mexico Towards an AI National Agenda 2018,Policy Agenda,2018,0,"learning, machine, machine learning, student, artificial, intelligence, artificial intelligence, performance, prediction, algorithm"
Mexico_AI_National_Agenda_2018_chunk_513,Mexico_AI_National_Agenda_2018,Mexico,Latin America,Mexico Towards an AI National Agenda 2018,Policy Agenda,2018,0,"learning, machine, machine learning, student, artificial, intelligence, artificial intelligence, performance, prediction, algorithm"
Mexico_AI_National_Agenda_2018_chunk_514,Mexico_AI_National_Agenda_2018,Mexico,Latin America,Mexico Towards an AI National Agenda 2018,Policy Agenda,2018,0,"learning, machine, machine learning, student, artificial, intelligence, artificial intelligence, performance, prediction, algorithm"
Mexico_AI_National_Agenda_2018_chunk_515,Mexico_AI_National_Agenda_2018,Mexico,Latin America,Mexico Towards an AI National Agenda 2018,Policy Agenda,2018,0,"learning, machine, machine learning, student, artificial, intelligence, artificial intelligence, performance, prediction, algorithm"
Mexico_AI_National_Agenda_2018_chunk_516,Mexico_AI_National_Agenda_2018,Mexico,Latin America,Mexico Towards an AI National Agenda 2018,Policy Agenda,2018,0,"learning, machine, machine learning, student, artificial, intelligence, artificial intelligence, performance, prediction, algorithm"
Mexico_AI_National_Agenda_2018_chunk_517,Mexico_AI_National_Agenda_2018,Mexico,Latin America,Mexico Towards an AI National Agenda 2018,Policy Agenda,2018,0,"learning, machine, machine learning, student, artificial, intelligence, artificial intelligence, performance, prediction, algorithm"
Mexico_AI_National_Agenda_2018_chunk_518,Mexico_AI_National_Agenda_2018,Mexico,Latin America,Mexico Towards an AI National Agenda 2018,Policy Agenda,2018,0,"learning, machine, machine learning, student, artificial, intelligence, artificial intelligence, performance, prediction, algorithm"
Mexico_AI_National_Agenda_2018_chunk_519,Mexico_AI_National_Agenda_2018,Mexico,Latin America,Mexico Towards an AI National Agenda 2018,Policy Agenda,2018,0,"learning, machine, machine learning, student, artificial, intelligence, artificial intelligence, performance, prediction, algorithm"
Mexico_AI_National_Agenda_2018_chunk_520,Mexico_AI_National_Agenda_2018,Mexico,Latin America,Mexico Towards an AI National Agenda 2018,Policy Agenda,2018,0,"learning, machine, machine learning, student, artificial, intelligence, artificial intelligence, performance, prediction, algorithm"
Mexico_AI_National_Agenda_2018_chunk_521,Mexico_AI_National_Agenda_2018,Mexico,Latin America,Mexico Towards an AI National Agenda 2018,Policy Agenda,2018,0,"learning, machine, machine learning, student, artificial, intelligence, artificial intelligence, performance, prediction, algorithm"
Mexico_AI_National_Agenda_2018_chunk_522,Mexico_AI_National_Agenda_2018,Mexico,Latin America,Mexico Towards an AI National Agenda 2018,Policy Agenda,2018,0,"learning, machine, machine learning, student, artificial, intelligence, artificial intelligence, performance, prediction, algorithm"
Mexico_AI_National_Agenda_2018_chunk_523,Mexico_AI_National_Agenda_2018,Mexico,Latin America,Mexico Towards an AI National Agenda 2018,Policy Agenda,2018,0,"learning, machine, machine learning, student, artificial, intelligence, artificial intelligence, performance, prediction, algorithm"
Mexico_AI_National_Agenda_2018_chunk_524,Mexico_AI_National_Agenda_2018,Mexico,Latin America,Mexico Towards an AI National Agenda 2018,Policy Agenda,2018,0,"learning, machine, machine learning, student, artificial, intelligence, artificial intelligence, performance, prediction, algorithm"
Mexico_AI_National_Agenda_2018_chunk_525,Mexico_AI_National_Agenda_2018,Mexico,Latin America,Mexico Towards an AI National Agenda 2018,Policy Agenda,2018,0,"learning, machine, machine learning, student, artificial, intelligence, artificial intelligence, performance, prediction, algorithm"
Mexico_AI_National_Agenda_2018_chunk_526,Mexico_AI_National_Agenda_2018,Mexico,Latin America,Mexico Towards an AI National Agenda 2018,Policy Agenda,2018,0,"learning, machine, machine learning, student, artificial, intelligence, artificial intelligence, performance, prediction, algorithm"
Mexico_AI_National_Agenda_2018_chunk_527,Mexico_AI_National_Agenda_2018,Mexico,Latin America,Mexico Towards an AI National Agenda 2018,Policy Agenda,2018,0,"learning, machine, machine learning, student, artificial, intelligence, artificial intelligence, performance, prediction, algorithm"
Mexico_AI_National_Agenda_2018_chunk_528,Mexico_AI_National_Agenda_2018,Mexico,Latin America,Mexico Towards an AI National Agenda 2018,Policy Agenda,2018,0,"learning, machine, machine learning, student, artificial, intelligence, artificial intelligence, performance, prediction, algorithm"
Mexico_AI_National_Agenda_2018_chunk_529,Mexico_AI_National_Agenda_2018,Mexico,Latin America,Mexico Towards an AI National Agenda 2018,Policy Agenda,2018,0,"learning, machine, machine learning, student, artificial, intelligence, artificial intelligence, performance, prediction, algorithm"
Mexico_AI_National_Agenda_2018_chunk_530,Mexico_AI_National_Agenda_2018,Mexico,Latin America,Mexico Towards an AI National Agenda 2018,Policy Agenda,2018,0,"learning, machine, machine learning, student, artificial, intelligence, artificial intelligence, performance, prediction, algorithm"
Mexico_AI_National_Agenda_2018_chunk_531,Mexico_AI_National_Agenda_2018,Mexico,Latin America,Mexico Towards an AI National Agenda 2018,Policy Agenda,2018,0,"learning, machine, machine learning, student, artificial, intelligence, artificial intelligence, performance, prediction, algorithm"
Mexico_AI_National_Agenda_2018_chunk_532,Mexico_AI_National_Agenda_2018,Mexico,Latin America,Mexico Towards an AI National Agenda 2018,Policy Agenda,2018,0,"learning, machine, machine learning, student, artificial, intelligence, artificial intelligence, performance, prediction, algorithm"
Mexico_AI_National_Agenda_2018_chunk_533,Mexico_AI_National_Agenda_2018,Mexico,Latin America,Mexico Towards an AI National Agenda 2018,Policy Agenda,2018,0,"learning, machine, machine learning, student, artificial, intelligence, artificial intelligence, performance, prediction, algorithm"
Mexico_AI_National_Agenda_2018_chunk_534,Mexico_AI_National_Agenda_2018,Mexico,Latin America,Mexico Towards an AI National Agenda 2018,Policy Agenda,2018,0,"learning, machine, machine learning, student, artificial, intelligence, artificial intelligence, performance, prediction, algorithm"
Mexico_AI_National_Agenda_2018_chunk_535,Mexico_AI_National_Agenda_2018,Mexico,Latin America,Mexico Towards an AI National Agenda 2018,Policy Agenda,2018,0,"learning, machine, machine learning, student, artificial, intelligence, artificial intelligence, performance, prediction, algorithm"
Mexico_AI_National_Agenda_2018_chunk_536,Mexico_AI_National_Agenda_2018,Mexico,Latin America,Mexico Towards an AI National Agenda 2018,Policy Agenda,2018,0,"learning, machine, machine learning, student, artificial, intelligence, artificial intelligence, performance, prediction, algorithm"
Mexico_AI_National_Agenda_2018_chunk_537,Mexico_AI_National_Agenda_2018,Mexico,Latin America,Mexico Towards an AI National Agenda 2018,Policy Agenda,2018,0,"learning, machine, machine learning, student, artificial, intelligence, artificial intelligence, performance, prediction, algorithm"
Mexico_AI_National_Agenda_2018_chunk_538,Mexico_AI_National_Agenda_2018,Mexico,Latin America,Mexico Towards an AI National Agenda 2018,Policy Agenda,2018,0,"learning, machine, machine learning, student, artificial, intelligence, artificial intelligence, performance, prediction, algorithm"
Mexico_AI_National_Agenda_2018_chunk_539,Mexico_AI_National_Agenda_2018,Mexico,Latin America,Mexico Towards an AI National Agenda 2018,Policy Agenda,2018,0,"learning, machine, machine learning, student, artificial, intelligence, artificial intelligence, performance, prediction, algorithm"
Mexico_AI_National_Agenda_2018_chunk_540,Mexico_AI_National_Agenda_2018,Mexico,Latin America,Mexico Towards an AI National Agenda 2018,Policy Agenda,2018,0,"learning, machine, machine learning, student, artificial, intelligence, artificial intelligence, performance, prediction, algorithm"
Mexico_AI_National_Agenda_2018_chunk_541,Mexico_AI_National_Agenda_2018,Mexico,Latin America,Mexico Towards an AI National Agenda 2018,Policy Agenda,2018,0,"learning, machine, machine learning, student, artificial, intelligence, artificial intelligence, performance, prediction, algorithm"
Mexico_AI_National_Agenda_2018_chunk_542,Mexico_AI_National_Agenda_2018,Mexico,Latin America,Mexico Towards an AI National Agenda 2018,Policy Agenda,2018,0,"learning, machine, machine learning, student, artificial, intelligence, artificial intelligence, performance, prediction, algorithm"
Mexico_AI_National_Agenda_2018_chunk_543,Mexico_AI_National_Agenda_2018,Mexico,Latin America,Mexico Towards an AI National Agenda 2018,Policy Agenda,2018,0,"learning, machine, machine learning, student, artificial, intelligence, artificial intelligence, performance, prediction, algorithm"
Mexico_AI_National_Agenda_2018_chunk_544,Mexico_AI_National_Agenda_2018,Mexico,Latin America,Mexico Towards an AI National Agenda 2018,Policy Agenda,2018,0,"learning, machine, machine learning, student, artificial, intelligence, artificial intelligence, performance, prediction, algorithm"
Mexico_AI_National_Agenda_2018_chunk_545,Mexico_AI_National_Agenda_2018,Mexico,Latin America,Mexico Towards an AI National Agenda 2018,Policy Agenda,2018,0,"learning, machine, machine learning, student, artificial, intelligence, artificial intelligence, performance, prediction, algorithm"
Mexico_AI_National_Agenda_2018_chunk_546,Mexico_AI_National_Agenda_2018,Mexico,Latin America,Mexico Towards an AI National Agenda 2018,Policy Agenda,2018,0,"learning, machine, machine learning, student, artificial, intelligence, artificial intelligence, performance, prediction, algorithm"
Mexico_AI_National_Agenda_2018_chunk_547,Mexico_AI_National_Agenda_2018,Mexico,Latin America,Mexico Towards an AI National Agenda 2018,Policy Agenda,2018,0,"learning, machine, machine learning, student, artificial, intelligence, artificial intelligence, performance, prediction, algorithm"
Mexico_AI_National_Agenda_2018_chunk_548,Mexico_AI_National_Agenda_2018,Mexico,Latin America,Mexico Towards an AI National Agenda 2018,Policy Agenda,2018,0,"learning, machine, machine learning, student, artificial, intelligence, artificial intelligence, performance, prediction, algorithm"
Mexico_AI_National_Agenda_2018_chunk_549,Mexico_AI_National_Agenda_2018,Mexico,Latin America,Mexico Towards an AI National Agenda 2018,Policy Agenda,2018,0,"learning, machine, machine learning, student, artificial, intelligence, artificial intelligence, performance, prediction, algorithm"
Mexico_AI_National_Agenda_2018_chunk_550,Mexico_AI_National_Agenda_2018,Mexico,Latin America,Mexico Towards an AI National Agenda 2018,Policy Agenda,2018,0,"learning, machine, machine learning, student, artificial, intelligence, artificial intelligence, performance, prediction, algorithm"
Mexico_AI_National_Agenda_2018_chunk_551,Mexico_AI_National_Agenda_2018,Mexico,Latin America,Mexico Towards an AI National Agenda 2018,Policy Agenda,2018,0,"learning, machine, machine learning, student, artificial, intelligence, artificial intelligence, performance, prediction, algorithm"
Mexico_AI_National_Agenda_2018_chunk_552,Mexico_AI_National_Agenda_2018,Mexico,Latin America,Mexico Towards an AI National Agenda 2018,Policy Agenda,2018,0,"learning, machine, machine learning, student, artificial, intelligence, artificial intelligence, performance, prediction, algorithm"
Mexico_AI_National_Agenda_2018_chunk_553,Mexico_AI_National_Agenda_2018,Mexico,Latin America,Mexico Towards an AI National Agenda 2018,Policy Agenda,2018,0,"learning, machine, machine learning, student, artificial, intelligence, artificial intelligence, performance, prediction, algorithm"
Mexico_AI_National_Agenda_2018_chunk_554,Mexico_AI_National_Agenda_2018,Mexico,Latin America,Mexico Towards an AI National Agenda 2018,Policy Agenda,2018,0,"learning, machine, machine learning, student, artificial, intelligence, artificial intelligence, performance, prediction, algorithm"
Mexico_AI_National_Agenda_2018_chunk_555,Mexico_AI_National_Agenda_2018,Mexico,Latin America,Mexico Towards an AI National Agenda 2018,Policy Agenda,2018,0,"learning, machine, machine learning, student, artificial, intelligence, artificial intelligence, performance, prediction, algorithm"
Mexico_AI_National_Agenda_2018_chunk_556,Mexico_AI_National_Agenda_2018,Mexico,Latin America,Mexico Towards an AI National Agenda 2018,Policy Agenda,2018,0,"learning, machine, machine learning, student, artificial, intelligence, artificial intelligence, performance, prediction, algorithm"
Mexico_AI_National_Agenda_2018_chunk_557,Mexico_AI_National_Agenda_2018,Mexico,Latin America,Mexico Towards an AI National Agenda 2018,Policy Agenda,2018,0,"learning, machine, machine learning, student, artificial, intelligence, artificial intelligence, performance, prediction, algorithm"
Mexico_AI_National_Agenda_2018_chunk_558,Mexico_AI_National_Agenda_2018,Mexico,Latin America,Mexico Towards an AI National Agenda 2018,Policy Agenda,2018,0,"learning, machine, machine learning, student, artificial, intelligence, artificial intelligence, performance, prediction, algorithm"
Mexico_AI_National_Agenda_2018_chunk_559,Mexico_AI_National_Agenda_2018,Mexico,Latin America,Mexico Towards an AI National Agenda 2018,Policy Agenda,2018,0,"learning, machine, machine learning, student, artificial, intelligence, artificial intelligence, performance, prediction, algorithm"
Mexico_AI_National_Agenda_2018_chunk_560,Mexico_AI_National_Agenda_2018,Mexico,Latin America,Mexico Towards an AI National Agenda 2018,Policy Agenda,2018,0,"learning, machine, machine learning, student, artificial, intelligence, artificial intelligence, performance, prediction, algorithm"
Mexico_AI_National_Agenda_2018_chunk_561,Mexico_AI_National_Agenda_2018,Mexico,Latin America,Mexico Towards an AI National Agenda 2018,Policy Agenda,2018,0,"learning, machine, machine learning, student, artificial, intelligence, artificial intelligence, performance, prediction, algorithm"
Mexico_AI_National_Agenda_2018_chunk_562,Mexico_AI_National_Agenda_2018,Mexico,Latin America,Mexico Towards an AI National Agenda 2018,Policy Agenda,2018,0,"learning, machine, machine learning, student, artificial, intelligence, artificial intelligence, performance, prediction, algorithm"
Mexico_AI_National_Agenda_2018_chunk_563,Mexico_AI_National_Agenda_2018,Mexico,Latin America,Mexico Towards an AI National Agenda 2018,Policy Agenda,2018,0,"learning, machine, machine learning, student, artificial, intelligence, artificial intelligence, performance, prediction, algorithm"
Mexico_AI_National_Agenda_2018_chunk_564,Mexico_AI_National_Agenda_2018,Mexico,Latin America,Mexico Towards an AI National Agenda 2018,Policy Agenda,2018,0,"learning, machine, machine learning, student, artificial, intelligence, artificial intelligence, performance, prediction, algorithm"
Mexico_AI_National_Agenda_2018_chunk_565,Mexico_AI_National_Agenda_2018,Mexico,Latin America,Mexico Towards an AI National Agenda 2018,Policy Agenda,2018,0,"learning, machine, machine learning, student, artificial, intelligence, artificial intelligence, performance, prediction, algorithm"
Mexico_AI_National_Agenda_2018_chunk_566,Mexico_AI_National_Agenda_2018,Mexico,Latin America,Mexico Towards an AI National Agenda 2018,Policy Agenda,2018,0,"learning, machine, machine learning, student, artificial, intelligence, artificial intelligence, performance, prediction, algorithm"
Mexico_AI_National_Agenda_2018_chunk_567,Mexico_AI_National_Agenda_2018,Mexico,Latin America,Mexico Towards an AI National Agenda 2018,Policy Agenda,2018,0,"learning, machine, machine learning, student, artificial, intelligence, artificial intelligence, performance, prediction, algorithm"
Mexico_AI_National_Agenda_2018_chunk_568,Mexico_AI_National_Agenda_2018,Mexico,Latin America,Mexico Towards an AI National Agenda 2018,Policy Agenda,2018,0,"learning, machine, machine learning, student, artificial, intelligence, artificial intelligence, performance, prediction, algorithm"
Mexico_AI_National_Agenda_2018_chunk_569,Mexico_AI_National_Agenda_2018,Mexico,Latin America,Mexico Towards an AI National Agenda 2018,Policy Agenda,2018,0,"learning, machine, machine learning, student, artificial, intelligence, artificial intelligence, performance, prediction, algorithm"
Mexico_AI_National_Agenda_2018_chunk_570,Mexico_AI_National_Agenda_2018,Mexico,Latin America,Mexico Towards an AI National Agenda 2018,Policy Agenda,2018,0,"learning, machine, machine learning, student, artificial, intelligence, artificial intelligence, performance, prediction, algorithm"
Mexico_AI_National_Agenda_2018_chunk_571,Mexico_AI_National_Agenda_2018,Mexico,Latin America,Mexico Towards an AI National Agenda 2018,Policy Agenda,2018,0,"learning, machine, machine learning, student, artificial, intelligence, artificial intelligence, performance, prediction, algorithm"
Mexico_AI_National_Agenda_2018_chunk_572,Mexico_AI_National_Agenda_2018,Mexico,Latin America,Mexico Towards an AI National Agenda 2018,Policy Agenda,2018,0,"learning, machine, machine learning, student, artificial, intelligence, artificial intelligence, performance, prediction, algorithm"
Mexico_AI_National_Agenda_2018_chunk_573,Mexico_AI_National_Agenda_2018,Mexico,Latin America,Mexico Towards an AI National Agenda 2018,Policy Agenda,2018,0,"learning, machine, machine learning, student, artificial, intelligence, artificial intelligence, performance, prediction, algorithm"
Mexico_AI_National_Agenda_2018_chunk_574,Mexico_AI_National_Agenda_2018,Mexico,Latin America,Mexico Towards an AI National Agenda 2018,Policy Agenda,2018,0,"learning, machine, machine learning, student, artificial, intelligence, artificial intelligence, performance, prediction, algorithm"
Mexico_AI_National_Agenda_2018_chunk_575,Mexico_AI_National_Agenda_2018,Mexico,Latin America,Mexico Towards an AI National Agenda 2018,Policy Agenda,2018,0,"learning, machine, machine learning, student, artificial, intelligence, artificial intelligence, performance, prediction, algorithm"
Mexico_AI_National_Agenda_2018_chunk_576,Mexico_AI_National_Agenda_2018,Mexico,Latin America,Mexico Towards an AI National Agenda 2018,Policy Agenda,2018,0,"learning, machine, machine learning, student, artificial, intelligence, artificial intelligence, performance, prediction, algorithm"
Mexico_AI_National_Agenda_2018_chunk_577,Mexico_AI_National_Agenda_2018,Mexico,Latin America,Mexico Towards an AI National Agenda 2018,Policy Agenda,2018,0,"learning, machine, machine learning, student, artificial, intelligence, artificial intelligence, performance, prediction, algorithm"
Mexico_AI_National_Agenda_2018_chunk_578,Mexico_AI_National_Agenda_2018,Mexico,Latin America,Mexico Towards an AI National Agenda 2018,Policy Agenda,2018,0,"learning, machine, machine learning, student, artificial, intelligence, artificial intelligence, performance, prediction, algorithm"
Mexico_AI_National_Agenda_2018_chunk_579,Mexico_AI_National_Agenda_2018,Mexico,Latin America,Mexico Towards an AI National Agenda 2018,Policy Agenda,2018,0,"learning, machine, machine learning, student, artificial, intelligence, artificial intelligence, performance, prediction, algorithm"
Mexico_AI_National_Agenda_2018_chunk_580,Mexico_AI_National_Agenda_2018,Mexico,Latin America,Mexico Towards an AI National Agenda 2018,Policy Agenda,2018,0,"learning, machine, machine learning, student, artificial, intelligence, artificial intelligence, performance, prediction, algorithm"
Mexico_AI_National_Agenda_2018_chunk_581,Mexico_AI_National_Agenda_2018,Mexico,Latin America,Mexico Towards an AI National Agenda 2018,Policy Agenda,2018,0,"learning, machine, machine learning, student, artificial, intelligence, artificial intelligence, performance, prediction, algorithm"
Mexico_AI_National_Agenda_2018_chunk_582,Mexico_AI_National_Agenda_2018,Mexico,Latin America,Mexico Towards an AI National Agenda 2018,Policy Agenda,2018,0,"learning, machine, machine learning, student, artificial, intelligence, artificial intelligence, performance, prediction, algorithm"
Mexico_AI_National_Agenda_2018_chunk_583,Mexico_AI_National_Agenda_2018,Mexico,Latin America,Mexico Towards an AI National Agenda 2018,Policy Agenda,2018,0,"learning, machine, machine learning, student, artificial, intelligence, artificial intelligence, performance, prediction, algorithm"
Mexico_AI_National_Agenda_2018_chunk_584,Mexico_AI_National_Agenda_2018,Mexico,Latin America,Mexico Towards an AI National Agenda 2018,Policy Agenda,2018,0,"learning, machine, machine learning, student, artificial, intelligence, artificial intelligence, performance, prediction, algorithm"
Mexico_AI_National_Agenda_2018_chunk_585,Mexico_AI_National_Agenda_2018,Mexico,Latin America,Mexico Towards an AI National Agenda 2018,Policy Agenda,2018,0,"learning, machine, machine learning, student, artificial, intelligence, artificial intelligence, performance, prediction, algorithm"
Mexico_AI_National_Agenda_2018_chunk_586,Mexico_AI_National_Agenda_2018,Mexico,Latin America,Mexico Towards an AI National Agenda 2018,Policy Agenda,2018,0,"learning, machine, machine learning, student, artificial, intelligence, artificial intelligence, performance, prediction, algorithm"
Mexico_AI_National_Agenda_2018_chunk_587,Mexico_AI_National_Agenda_2018,Mexico,Latin America,Mexico Towards an AI National Agenda 2018,Policy Agenda,2018,0,"learning, machine, machine learning, student, artificial, intelligence, artificial intelligence, performance, prediction, algorithm"
Mexico_AI_National_Agenda_2018_chunk_588,Mexico_AI_National_Agenda_2018,Mexico,Latin America,Mexico Towards an AI National Agenda 2018,Policy Agenda,2018,0,"learning, machine, machine learning, student, artificial, intelligence, artificial intelligence, performance, prediction, algorithm"
Mexico_AI_National_Agenda_2018_chunk_589,Mexico_AI_National_Agenda_2018,Mexico,Latin America,Mexico Towards an AI National Agenda 2018,Policy Agenda,2018,0,"learning, machine, machine learning, student, artificial, intelligence, artificial intelligence, performance, prediction, algorithm"
Mexico_AI_National_Agenda_2018_chunk_590,Mexico_AI_National_Agenda_2018,Mexico,Latin America,Mexico Towards an AI National Agenda 2018,Policy Agenda,2018,0,"learning, machine, machine learning, student, artificial, intelligence, artificial intelligence, performance, prediction, algorithm"
Mexico_AI_National_Agenda_2018_chunk_591,Mexico_AI_National_Agenda_2018,Mexico,Latin America,Mexico Towards an AI National Agenda 2018,Policy Agenda,2018,0,"learning, machine, machine learning, student, artificial, intelligence, artificial intelligence, performance, prediction, algorithm"
Mexico_AI_National_Agenda_2018_chunk_592,Mexico_AI_National_Agenda_2018,Mexico,Latin America,Mexico Towards an AI National Agenda 2018,Policy Agenda,2018,0,"learning, machine, machine learning, student, artificial, intelligence, artificial intelligence, performance, prediction, algorithm"
Mexico_AI_National_Agenda_2018_chunk_593,Mexico_AI_National_Agenda_2018,Mexico,Latin America,Mexico Towards an AI National Agenda 2018,Policy Agenda,2018,0,"learning, machine, machine learning, student, artificial, intelligence, artificial intelligence, performance, prediction, algorithm"
Mexico_AI_National_Agenda_2018_chunk_594,Mexico_AI_National_Agenda_2018,Mexico,Latin America,Mexico Towards an AI National Agenda 2018,Policy Agenda,2018,0,"learning, machine, machine learning, student, artificial, intelligence, artificial intelligence, performance, prediction, algorithm"
Mexico_AI_National_Agenda_2018_chunk_595,Mexico_AI_National_Agenda_2018,Mexico,Latin America,Mexico Towards an AI National Agenda 2018,Policy Agenda,2018,0,"learning, machine, machine learning, student, artificial, intelligence, artificial intelligence, performance, prediction, algorithm"
Mexico_AI_National_Agenda_2018_chunk_596,Mexico_AI_National_Agenda_2018,Mexico,Latin America,Mexico Towards an AI National Agenda 2018,Policy Agenda,2018,0,"learning, machine, machine learning, student, artificial, intelligence, artificial intelligence, performance, prediction, algorithm"
Mexico_AI_National_Agenda_2018_chunk_597,Mexico_AI_National_Agenda_2018,Mexico,Latin America,Mexico Towards an AI National Agenda 2018,Policy Agenda,2018,0,"learning, machine, machine learning, student, artificial, intelligence, artificial intelligence, performance, prediction, algorithm"
Mexico_AI_National_Agenda_2018_chunk_598,Mexico_AI_National_Agenda_2018,Mexico,Latin America,Mexico Towards an AI National Agenda 2018,Policy Agenda,2018,0,"learning, machine, machine learning, student, artificial, intelligence, artificial intelligence, performance, prediction, algorithm"
Mexico_AI_National_Agenda_2018_chunk_599,Mexico_AI_National_Agenda_2018,Mexico,Latin America,Mexico Towards an AI National Agenda 2018,Policy Agenda,2018,0,"learning, machine, machine learning, student, artificial, intelligence, artificial intelligence, performance, prediction, algorithm"
Mexico_AI_National_Agenda_2018_chunk_600,Mexico_AI_National_Agenda_2018,Mexico,Latin America,Mexico Towards an AI National Agenda 2018,Policy Agenda,2018,0,"learning, machine, machine learning, student, artificial, intelligence, artificial intelligence, performance, prediction, algorithm"
Mexico_AI_National_Agenda_2018_chunk_601,Mexico_AI_National_Agenda_2018,Mexico,Latin America,Mexico Towards an AI National Agenda 2018,Policy Agenda,2018,0,"learning, machine, machine learning, student, artificial, intelligence, artificial intelligence, performance, prediction, algorithm"
Mexico_AI_National_Agenda_2018_chunk_602,Mexico_AI_National_Agenda_2018,Mexico,Latin America,Mexico Towards an AI National Agenda 2018,Policy Agenda,2018,0,"learning, machine, machine learning, student, artificial, intelligence, artificial intelligence, performance, prediction, algorithm"
Mexico_AI_National_Agenda_2018_chunk_603,Mexico_AI_National_Agenda_2018,Mexico,Latin America,Mexico Towards an AI National Agenda 2018,Policy Agenda,2018,0,"learning, machine, machine learning, student, artificial, intelligence, artificial intelligence, performance, prediction, algorithm"
Mexico_AI_National_Agenda_2018_chunk_604,Mexico_AI_National_Agenda_2018,Mexico,Latin America,Mexico Towards an AI National Agenda 2018,Policy Agenda,2018,0,"learning, machine, machine learning, student, artificial, intelligence, artificial intelligence, performance, prediction, algorithm"
Mexico_AI_National_Agenda_2018_chunk_605,Mexico_AI_National_Agenda_2018,Mexico,Latin America,Mexico Towards an AI National Agenda 2018,Policy Agenda,2018,0,"learning, machine, machine learning, student, artificial, intelligence, artificial intelligence, performance, prediction, algorithm"
Mexico_AI_National_Agenda_2018_chunk_606,Mexico_AI_National_Agenda_2018,Mexico,Latin America,Mexico Towards an AI National Agenda 2018,Policy Agenda,2018,0,"learning, machine, machine learning, student, artificial, intelligence, artificial intelligence, performance, prediction, algorithm"
Mexico_AI_National_Agenda_2018_chunk_607,Mexico_AI_National_Agenda_2018,Mexico,Latin America,Mexico Towards an AI National Agenda 2018,Policy Agenda,2018,0,"learning, machine, machine learning, student, artificial, intelligence, artificial intelligence, performance, prediction, algorithm"
Mexico_AI_National_Agenda_2018_chunk_608,Mexico_AI_National_Agenda_2018,Mexico,Latin America,Mexico Towards an AI National Agenda 2018,Policy Agenda,2018,0,"learning, machine, machine learning, student, artificial, intelligence, artificial intelligence, performance, prediction, algorithm"
Mexico_AI_National_Agenda_2018_chunk_609,Mexico_AI_National_Agenda_2018,Mexico,Latin America,Mexico Towards an AI National Agenda 2018,Policy Agenda,2018,0,"learning, machine, machine learning, student, artificial, intelligence, artificial intelligence, performance, prediction, algorithm"
Mexico_AI_National_Agenda_2018_chunk_610,Mexico_AI_National_Agenda_2018,Mexico,Latin America,Mexico Towards an AI National Agenda 2018,Policy Agenda,2018,0,"learning, machine, machine learning, student, artificial, intelligence, artificial intelligence, performance, prediction, algorithm"
Mexico_AI_National_Agenda_2018_chunk_611,Mexico_AI_National_Agenda_2018,Mexico,Latin America,Mexico Towards an AI National Agenda 2018,Policy Agenda,2018,0,"learning, machine, machine learning, student, artificial, intelligence, artificial intelligence, performance, prediction, algorithm"
Mexico_AI_National_Agenda_2018_chunk_612,Mexico_AI_National_Agenda_2018,Mexico,Latin America,Mexico Towards an AI National Agenda 2018,Policy Agenda,2018,0,"learning, machine, machine learning, student, artificial, intelligence, artificial intelligence, performance, prediction, algorithm"
Mexico_AI_National_Agenda_2018_chunk_613,Mexico_AI_National_Agenda_2018,Mexico,Latin America,Mexico Towards an AI National Agenda 2018,Policy Agenda,2018,0,"learning, machine, machine learning, student, artificial, intelligence, artificial intelligence, performance, prediction, algorithm"
Mexico_AI_National_Agenda_2018_chunk_614,Mexico_AI_National_Agenda_2018,Mexico,Latin America,Mexico Towards an AI National Agenda 2018,Policy Agenda,2018,0,"learning, machine, machine learning, student, artificial, intelligence, artificial intelligence, performance, prediction, algorithm"
Mexico_AI_National_Agenda_2018_chunk_615,Mexico_AI_National_Agenda_2018,Mexico,Latin America,Mexico Towards an AI National Agenda 2018,Policy Agenda,2018,0,"learning, machine, machine learning, student, artificial, intelligence, artificial intelligence, performance, prediction, algorithm"
Mexico_AI_National_Agenda_2018_chunk_616,Mexico_AI_National_Agenda_2018,Mexico,Latin America,Mexico Towards an AI National Agenda 2018,Policy Agenda,2018,0,"learning, machine, machine learning, student, artificial, intelligence, artificial intelligence, performance, prediction, algorithm"
Mexico_AI_National_Agenda_2018_chunk_617,Mexico_AI_National_Agenda_2018,Mexico,Latin America,Mexico Towards an AI National Agenda 2018,Policy Agenda,2018,0,"learning, machine, machine learning, student, artificial, intelligence, artificial intelligence, performance, prediction, algorithm"
Mexico_AI_National_Agenda_2018_chunk_618,Mexico_AI_National_Agenda_2018,Mexico,Latin America,Mexico Towards an AI National Agenda 2018,Policy Agenda,2018,0,"learning, machine, machine learning, student, artificial, intelligence, artificial intelligence, performance, prediction, algorithm"
Mexico_AI_National_Agenda_2018_chunk_619,Mexico_AI_National_Agenda_2018,Mexico,Latin America,Mexico Towards an AI National Agenda 2018,Policy Agenda,2018,0,"learning, machine, machine learning, student, artificial, intelligence, artificial intelligence, performance, prediction, algorithm"
Mexico_AI_National_Agenda_2018_chunk_620,Mexico_AI_National_Agenda_2018,Mexico,Latin America,Mexico Towards an AI National Agenda 2018,Policy Agenda,2018,0,"learning, machine, machine learning, student, artificial, intelligence, artificial intelligence, performance, prediction, algorithm"
Mexico_AI_National_Agenda_2018_chunk_621,Mexico_AI_National_Agenda_2018,Mexico,Latin America,Mexico Towards an AI National Agenda 2018,Policy Agenda,2018,0,"learning, machine, machine learning, student, artificial, intelligence, artificial intelligence, performance, prediction, algorithm"
Mexico_AI_National_Agenda_2018_chunk_622,Mexico_AI_National_Agenda_2018,Mexico,Latin America,Mexico Towards an AI National Agenda 2018,Policy Agenda,2018,0,"learning, machine, machine learning, student, artificial, intelligence, artificial intelligence, performance, prediction, algorithm"
Mexico_AI_National_Agenda_2018_chunk_623,Mexico_AI_National_Agenda_2018,Mexico,Latin America,Mexico Towards an AI National Agenda 2018,Policy Agenda,2018,0,"learning, machine, machine learning, student, artificial, intelligence, artificial intelligence, performance, prediction, algorithm"
Mexico_AI_National_Agenda_2018_chunk_624,Mexico_AI_National_Agenda_2018,Mexico,Latin America,Mexico Towards an AI National Agenda 2018,Policy Agenda,2018,0,"learning, machine, machine learning, student, artificial, intelligence, artificial intelligence, performance, prediction, algorithm"
Mexico_AI_National_Agenda_2018_chunk_625,Mexico_AI_National_Agenda_2018,Mexico,Latin America,Mexico Towards an AI National Agenda 2018,Policy Agenda,2018,0,"learning, machine, machine learning, student, artificial, intelligence, artificial intelligence, performance, prediction, algorithm"
Mexico_AI_National_Agenda_2018_chunk_626,Mexico_AI_National_Agenda_2018,Mexico,Latin America,Mexico Towards an AI National Agenda 2018,Policy Agenda,2018,0,"learning, machine, machine learning, student, artificial, intelligence, artificial intelligence, performance, prediction, algorithm"
Mexico_AI_National_Agenda_2018_chunk_627,Mexico_AI_National_Agenda_2018,Mexico,Latin America,Mexico Towards an AI National Agenda 2018,Policy Agenda,2018,0,"learning, machine, machine learning, student, artificial, intelligence, artificial intelligence, performance, prediction, algorithm"
Mexico_AI_National_Agenda_2018_chunk_628,Mexico_AI_National_Agenda_2018,Mexico,Latin America,Mexico Towards an AI National Agenda 2018,Policy Agenda,2018,0,"learning, machine, machine learning, student, artificial, intelligence, artificial intelligence, performance, prediction, algorithm"
Mexico_AI_National_Agenda_2018_chunk_629,Mexico_AI_National_Agenda_2018,Mexico,Latin America,Mexico Towards an AI National Agenda 2018,Policy Agenda,2018,0,"learning, machine, machine learning, student, artificial, intelligence, artificial intelligence, performance, prediction, algorithm"
Mexico_AI_National_Agenda_2018_chunk_630,Mexico_AI_National_Agenda_2018,Mexico,Latin America,Mexico Towards an AI National Agenda 2018,Policy Agenda,2018,0,"learning, machine, machine learning, student, artificial, intelligence, artificial intelligence, performance, prediction, algorithm"
Mexico_AI_National_Agenda_2018_chunk_631,Mexico_AI_National_Agenda_2018,Mexico,Latin America,Mexico Towards an AI National Agenda 2018,Policy Agenda,2018,0,"learning, machine, machine learning, student, artificial, intelligence, artificial intelligence, performance, prediction, algorithm"
Mexico_AI_National_Agenda_2018_chunk_632,Mexico_AI_National_Agenda_2018,Mexico,Latin America,Mexico Towards an AI National Agenda 2018,Policy Agenda,2018,0,"learning, machine, machine learning, student, artificial, intelligence, artificial intelligence, performance, prediction, algorithm"
Mexico_AI_National_Agenda_2018_chunk_633,Mexico_AI_National_Agenda_2018,Mexico,Latin America,Mexico Towards an AI National Agenda 2018,Policy Agenda,2018,0,"learning, machine, machine learning, student, artificial, intelligence, artificial intelligence, performance, prediction, algorithm"
Mexico_AI_National_Agenda_2018_chunk_634,Mexico_AI_National_Agenda_2018,Mexico,Latin America,Mexico Towards an AI National Agenda 2018,Policy Agenda,2018,0,"learning, machine, machine learning, student, artificial, intelligence, artificial intelligence, performance, prediction, algorithm"
Mexico_AI_National_Agenda_2018_chunk_635,Mexico_AI_National_Agenda_2018,Mexico,Latin America,Mexico Towards an AI National Agenda 2018,Policy Agenda,2018,0,"learning, machine, machine learning, student, artificial, intelligence, artificial intelligence, performance, prediction, algorithm"
Mexico_AI_National_Agenda_2018_chunk_636,Mexico_AI_National_Agenda_2018,Mexico,Latin America,Mexico Towards an AI National Agenda 2018,Policy Agenda,2018,0,"learning, machine, machine learning, student, artificial, intelligence, artificial intelligence, performance, prediction, algorithm"
Mexico_AI_National_Agenda_2018_chunk_637,Mexico_AI_National_Agenda_2018,Mexico,Latin America,Mexico Towards an AI National Agenda 2018,Policy Agenda,2018,0,"learning, machine, machine learning, student, artificial, intelligence, artificial intelligence, performance, prediction, algorithm"
Mexico_AI_National_Agenda_2018_chunk_638,Mexico_AI_National_Agenda_2018,Mexico,Latin America,Mexico Towards an AI National Agenda 2018,Policy Agenda,2018,0,"learning, machine, machine learning, student, artificial, intelligence, artificial intelligence, performance, prediction, algorithm"
Mexico_AI_National_Agenda_2018_chunk_639,Mexico_AI_National_Agenda_2018,Mexico,Latin America,Mexico Towards an AI National Agenda 2018,Policy Agenda,2018,0,"learning, machine, machine learning, student, artificial, intelligence, artificial intelligence, performance, prediction, algorithm"
Mexico_AI_National_Agenda_2018_chunk_640,Mexico_AI_National_Agenda_2018,Mexico,Latin America,Mexico Towards an AI National Agenda 2018,Policy Agenda,2018,0,"learning, machine, machine learning, student, artificial, intelligence, artificial intelligence, performance, prediction, algorithm"
Mexico_AI_National_Agenda_2018_chunk_641,Mexico_AI_National_Agenda_2018,Mexico,Latin America,Mexico Towards an AI National Agenda 2018,Policy Agenda,2018,0,"learning, machine, machine learning, student, artificial, intelligence, artificial intelligence, performance, prediction, algorithm"
Mexico_AI_National_Agenda_2018_chunk_642,Mexico_AI_National_Agenda_2018,Mexico,Latin America,Mexico Towards an AI National Agenda 2018,Policy Agenda,2018,0,"learning, machine, machine learning, student, artificial, intelligence, artificial intelligence, performance, prediction, algorithm"
Mexico_AI_National_Agenda_2018_chunk_643,Mexico_AI_National_Agenda_2018,Mexico,Latin America,Mexico Towards an AI National Agenda 2018,Policy Agenda,2018,0,"learning, machine, machine learning, student, artificial, intelligence, artificial intelligence, performance, prediction, algorithm"
Mexico_AI_National_Agenda_2018_chunk_644,Mexico_AI_National_Agenda_2018,Mexico,Latin America,Mexico Towards an AI National Agenda 2018,Policy Agenda,2018,0,"learning, machine, machine learning, student, artificial, intelligence, artificial intelligence, performance, prediction, algorithm"
Mexico_AI_National_Agenda_2018_chunk_645,Mexico_AI_National_Agenda_2018,Mexico,Latin America,Mexico Towards an AI National Agenda 2018,Policy Agenda,2018,0,"learning, machine, machine learning, student, artificial, intelligence, artificial intelligence, performance, prediction, algorithm"
Mexico_AI_National_Agenda_2018_chunk_646,Mexico_AI_National_Agenda_2018,Mexico,Latin America,Mexico Towards an AI National Agenda 2018,Policy Agenda,2018,0,"learning, machine, machine learning, student, artificial, intelligence, artificial intelligence, performance, prediction, algorithm"
Mexico_AI_National_Agenda_2018_chunk_647,Mexico_AI_National_Agenda_2018,Mexico,Latin America,Mexico Towards an AI National Agenda 2018,Policy Agenda,2018,0,"learning, machine, machine learning, student, artificial, intelligence, artificial intelligence, performance, prediction, algorithm"
Mexico_AI_National_Agenda_2018_chunk_648,Mexico_AI_National_Agenda_2018,Mexico,Latin America,Mexico Towards an AI National Agenda 2018,Policy Agenda,2018,0,"learning, machine, machine learning, student, artificial, intelligence, artificial intelligence, performance, prediction, algorithm"
Mexico_AI_National_Agenda_2018_chunk_649,Mexico_AI_National_Agenda_2018,Mexico,Latin America,Mexico Towards an AI National Agenda 2018,Policy Agenda,2018,0,"learning, machine, machine learning, student, artificial, intelligence, artificial intelligence, performance, prediction, algorithm"
Mexico_AI_National_Agenda_2018_chunk_650,Mexico_AI_National_Agenda_2018,Mexico,Latin America,Mexico Towards an AI National Agenda 2018,Policy Agenda,2018,0,"learning, machine, machine learning, student, artificial, intelligence, artificial intelligence, performance, prediction, algorithm"
Mexico_AI_National_Agenda_2018_chunk_651,Mexico_AI_National_Agenda_2018,Mexico,Latin America,Mexico Towards an AI National Agenda 2018,Policy Agenda,2018,0,"learning, machine, machine learning, student, artificial, intelligence, artificial intelligence, performance, prediction, algorithm"
Mexico_AI_National_Agenda_2018_chunk_652,Mexico_AI_National_Agenda_2018,Mexico,Latin America,Mexico Towards an AI National Agenda 2018,Policy Agenda,2018,0,"learning, machine, machine learning, student, artificial, intelligence, artificial intelligence, performance, prediction, algorithm"
Mexico_AI_National_Agenda_2018_chunk_653,Mexico_AI_National_Agenda_2018,Mexico,Latin America,Mexico Towards an AI National Agenda 2018,Policy Agenda,2018,0,"learning, machine, machine learning, student, artificial, intelligence, artificial intelligence, performance, prediction, algorithm"
Mexico_AI_National_Agenda_2018_chunk_654,Mexico_AI_National_Agenda_2018,Mexico,Latin America,Mexico Towards an AI National Agenda 2018,Policy Agenda,2018,0,"learning, machine, machine learning, student, artificial, intelligence, artificial intelligence, performance, prediction, algorithm"
Mexico_AI_National_Agenda_2018_chunk_655,Mexico_AI_National_Agenda_2018,Mexico,Latin America,Mexico Towards an AI National Agenda 2018,Policy Agenda,2018,0,"learning, machine, machine learning, student, artificial, intelligence, artificial intelligence, performance, prediction, algorithm"
Mexico_AI_National_Agenda_2018_chunk_656,Mexico_AI_National_Agenda_2018,Mexico,Latin America,Mexico Towards an AI National Agenda 2018,Policy Agenda,2018,0,"learning, machine, machine learning, student, artificial, intelligence, artificial intelligence, performance, prediction, algorithm"
Mexico_AI_National_Agenda_2018_chunk_657,Mexico_AI_National_Agenda_2018,Mexico,Latin America,Mexico Towards an AI National Agenda 2018,Policy Agenda,2018,0,"learning, machine, machine learning, student, artificial, intelligence, artificial intelligence, performance, prediction, algorithm"
Mexico_AI_National_Agenda_2018_chunk_658,Mexico_AI_National_Agenda_2018,Mexico,Latin America,Mexico Towards an AI National Agenda 2018,Policy Agenda,2018,0,"learning, machine, machine learning, student, artificial, intelligence, artificial intelligence, performance, prediction, algorithm"
Mexico_AI_National_Agenda_2018_chunk_659,Mexico_AI_National_Agenda_2018,Mexico,Latin America,Mexico Towards an AI National Agenda 2018,Policy Agenda,2018,0,"learning, machine, machine learning, student, artificial, intelligence, artificial intelligence, performance, prediction, algorithm"
Mexico_AI_National_Agenda_2018_chunk_660,Mexico_AI_National_Agenda_2018,Mexico,Latin America,Mexico Towards an AI National Agenda 2018,Policy Agenda,2018,0,"learning, machine, machine learning, student, artificial, intelligence, artificial intelligence, performance, prediction, algorithm"
Mexico_AI_National_Agenda_2018_chunk_661,Mexico_AI_National_Agenda_2018,Mexico,Latin America,Mexico Towards an AI National Agenda 2018,Policy Agenda,2018,0,"learning, machine, machine learning, student, artificial, intelligence, artificial intelligence, performance, prediction, algorithm"
Mexico_AI_National_Agenda_2018_chunk_662,Mexico_AI_National_Agenda_2018,Mexico,Latin America,Mexico Towards an AI National Agenda 2018,Policy Agenda,2018,0,"learning, machine, machine learning, student, artificial, intelligence, artificial intelligence, performance, prediction, algorithm"
Mexico_AI_National_Agenda_2018_chunk_663,Mexico_AI_National_Agenda_2018,Mexico,Latin America,Mexico Towards an AI National Agenda 2018,Policy Agenda,2018,0,"learning, machine, machine learning, student, artificial, intelligence, artificial intelligence, performance, prediction, algorithm"
Mexico_AI_National_Agenda_2018_chunk_664,Mexico_AI_National_Agenda_2018,Mexico,Latin America,Mexico Towards an AI National Agenda 2018,Policy Agenda,2018,0,"learning, machine, machine learning, student, artificial, intelligence, artificial intelligence, performance, prediction, algorithm"
Mexico_AI_National_Agenda_2018_chunk_665,Mexico_AI_National_Agenda_2018,Mexico,Latin America,Mexico Towards an AI National Agenda 2018,Policy Agenda,2018,0,"learning, machine, machine learning, student, artificial, intelligence, artificial intelligence, performance, prediction, algorithm"
Mexico_AI_National_Agenda_2018_chunk_666,Mexico_AI_National_Agenda_2018,Mexico,Latin America,Mexico Towards an AI National Agenda 2018,Policy Agenda,2018,0,"learning, machine, machine learning, student, artificial, intelligence, artificial intelligence, performance, prediction, algorithm"
Mexico_AI_National_Agenda_2018_chunk_667,Mexico_AI_National_Agenda_2018,Mexico,Latin America,Mexico Towards an AI National Agenda 2018,Policy Agenda,2018,0,"learning, machine, machine learning, student, artificial, intelligence, artificial intelligence, performance, prediction, algorithm"
Mexico_AI_National_Agenda_2018_chunk_668,Mexico_AI_National_Agenda_2018,Mexico,Latin America,Mexico Towards an AI National Agenda 2018,Policy Agenda,2018,0,"learning, machine, machine learning, student, artificial, intelligence, artificial intelligence, performance, prediction, algorithm"
Mexico_AI_National_Agenda_2018_chunk_669,Mexico_AI_National_Agenda_2018,Mexico,Latin America,Mexico Towards an AI National Agenda 2018,Policy Agenda,2018,0,"learning, machine, machine learning, student, artificial, intelligence, artificial intelligence, performance, prediction, algorithm"
Mexico_AI_National_Agenda_2018_chunk_670,Mexico_AI_National_Agenda_2018,Mexico,Latin America,Mexico Towards an AI National Agenda 2018,Policy Agenda,2018,0,"learning, machine, machine learning, student, artificial, intelligence, artificial intelligence, performance, prediction, algorithm"
Mexico_AI_National_Agenda_2018_chunk_671,Mexico_AI_National_Agenda_2018,Mexico,Latin America,Mexico Towards an AI National Agenda 2018,Policy Agenda,2018,0,"learning, machine, machine learning, student, artificial, intelligence, artificial intelligence, performance, prediction, algorithm"
Mexico_AI_National_Agenda_2018_chunk_672,Mexico_AI_National_Agenda_2018,Mexico,Latin America,Mexico Towards an AI National Agenda 2018,Policy Agenda,2018,0,"learning, machine, machine learning, student, artificial, intelligence, artificial intelligence, performance, prediction, algorithm"
Mexico_AI_National_Agenda_2018_chunk_673,Mexico_AI_National_Agenda_2018,Mexico,Latin America,Mexico Towards an AI National Agenda 2018,Policy Agenda,2018,0,"learning, machine, machine learning, student, artificial, intelligence, artificial intelligence, performance, prediction, algorithm"
Mexico_AI_National_Agenda_2018_chunk_674,Mexico_AI_National_Agenda_2018,Mexico,Latin America,Mexico Towards an AI National Agenda 2018,Policy Agenda,2018,0,"learning, machine, machine learning, student, artificial, intelligence, artificial intelligence, performance, prediction, algorithm"
Mexico_AI_National_Agenda_2018_chunk_675,Mexico_AI_National_Agenda_2018,Mexico,Latin America,Mexico Towards an AI National Agenda 2018,Policy Agenda,2018,0,"learning, machine, machine learning, student, artificial, intelligence, artificial intelligence, performance, prediction, algorithm"
Mexico_AI_National_Agenda_2018_chunk_676,Mexico_AI_National_Agenda_2018,Mexico,Latin America,Mexico Towards an AI National Agenda 2018,Policy Agenda,2018,0,"learning, machine, machine learning, student, artificial, intelligence, artificial intelligence, performance, prediction, algorithm"
Mexico_AI_National_Agenda_2018_chunk_677,Mexico_AI_National_Agenda_2018,Mexico,Latin America,Mexico Towards an AI National Agenda 2018,Policy Agenda,2018,0,"learning, machine, machine learning, student, artificial, intelligence, artificial intelligence, performance, prediction, algorithm"
Mexico_AI_National_Agenda_2018_chunk_678,Mexico_AI_National_Agenda_2018,Mexico,Latin America,Mexico Towards an AI National Agenda 2018,Policy Agenda,2018,0,"learning, machine, machine learning, student, artificial, intelligence, artificial intelligence, performance, prediction, algorithm"
Mexico_AI_National_Agenda_2018_chunk_679,Mexico_AI_National_Agenda_2018,Mexico,Latin America,Mexico Towards an AI National Agenda 2018,Policy Agenda,2018,0,"learning, machine, machine learning, student, artificial, intelligence, artificial intelligence, performance, prediction, algorithm"
Mexico_AI_National_Agenda_2018_chunk_680,Mexico_AI_National_Agenda_2018,Mexico,Latin America,Mexico Towards an AI National Agenda 2018,Policy Agenda,2018,0,"learning, machine, machine learning, student, artificial, intelligence, artificial intelligence, performance, prediction, algorithm"
Mexico_AI_National_Agenda_2018_chunk_681,Mexico_AI_National_Agenda_2018,Mexico,Latin America,Mexico Towards an AI National Agenda 2018,Policy Agenda,2018,0,"learning, machine, machine learning, student, artificial, intelligence, artificial intelligence, performance, prediction, algorithm"
Mexico_AI_National_Agenda_2018_chunk_682,Mexico_AI_National_Agenda_2018,Mexico,Latin America,Mexico Towards an AI National Agenda 2018,Policy Agenda,2018,0,"learning, machine, machine learning, student, artificial, intelligence, artificial intelligence, performance, prediction, algorithm"
Mexico_AI_National_Agenda_2018_chunk_683,Mexico_AI_National_Agenda_2018,Mexico,Latin America,Mexico Towards an AI National Agenda 2018,Policy Agenda,2018,0,"learning, machine, machine learning, student, artificial, intelligence, artificial intelligence, performance, prediction, algorithm"
Mexico_AI_National_Agenda_2018_chunk_684,Mexico_AI_National_Agenda_2018,Mexico,Latin America,Mexico Towards an AI National Agenda 2018,Policy Agenda,2018,0,"learning, machine, machine learning, student, artificial, intelligence, artificial intelligence, performance, prediction, algorithm"
Mexico_AI_National_Agenda_2018_chunk_685,Mexico_AI_National_Agenda_2018,Mexico,Latin America,Mexico Towards an AI National Agenda 2018,Policy Agenda,2018,0,"learning, machine, machine learning, student, artificial, intelligence, artificial intelligence, performance, prediction, algorithm"
Mexico_AI_National_Agenda_2018_chunk_686,Mexico_AI_National_Agenda_2018,Mexico,Latin America,Mexico Towards an AI National Agenda 2018,Policy Agenda,2018,0,"learning, machine, machine learning, student, artificial, intelligence, artificial intelligence, performance, prediction, algorithm"
Mexico_AI_National_Agenda_2018_chunk_687,Mexico_AI_National_Agenda_2018,Mexico,Latin America,Mexico Towards an AI National Agenda 2018,Policy Agenda,2018,0,"learning, machine, machine learning, student, artificial, intelligence, artificial intelligence, performance, prediction, algorithm"
Mexico_AI_National_Agenda_2018_chunk_688,Mexico_AI_National_Agenda_2018,Mexico,Latin America,Mexico Towards an AI National Agenda 2018,Policy Agenda,2018,0,"learning, machine, machine learning, student, artificial, intelligence, artificial intelligence, performance, prediction, algorithm"
Mexico_AI_National_Agenda_2018_chunk_689,Mexico_AI_National_Agenda_2018,Mexico,Latin America,Mexico Towards an AI National Agenda 2018,Policy Agenda,2018,0,"learning, machine, machine learning, student, artificial, intelligence, artificial intelligence, performance, prediction, algorithm"
Mexico_AI_National_Agenda_2018_chunk_690,Mexico_AI_National_Agenda_2018,Mexico,Latin America,Mexico Towards an AI National Agenda 2018,Policy Agenda,2018,0,"learning, machine, machine learning, student, artificial, intelligence, artificial intelligence, performance, prediction, algorithm"
Mexico_AI_National_Agenda_2018_chunk_691,Mexico_AI_National_Agenda_2018,Mexico,Latin America,Mexico Towards an AI National Agenda 2018,Policy Agenda,2018,0,"learning, machine, machine learning, student, artificial, intelligence, artificial intelligence, performance, prediction, algorithm"
Mexico_AI_National_Agenda_2018_chunk_692,Mexico_AI_National_Agenda_2018,Mexico,Latin America,Mexico Towards an AI National Agenda 2018,Policy Agenda,2018,0,"learning, machine, machine learning, student, artificial, intelligence, artificial intelligence, performance, prediction, algorithm"
Mexico_AI_National_Agenda_2018_chunk_693,Mexico_AI_National_Agenda_2018,Mexico,Latin America,Mexico Towards an AI National Agenda 2018,Policy Agenda,2018,0,"learning, machine, machine learning, student, artificial, intelligence, artificial intelligence, performance, prediction, algorithm"
Mexico_AI_National_Agenda_2018_chunk_694,Mexico_AI_National_Agenda_2018,Mexico,Latin America,Mexico Towards an AI National Agenda 2018,Policy Agenda,2018,0,"learning, machine, machine learning, student, artificial, intelligence, artificial intelligence, performance, prediction, algorithm"
Mexico_AI_National_Agenda_2018_chunk_695,Mexico_AI_National_Agenda_2018,Mexico,Latin America,Mexico Towards an AI National Agenda 2018,Policy Agenda,2018,0,"learning, machine, machine learning, student, artificial, intelligence, artificial intelligence, performance, prediction, algorithm"
Mexico_AI_National_Agenda_2018_chunk_696,Mexico_AI_National_Agenda_2018,Mexico,Latin America,Mexico Towards an AI National Agenda 2018,Policy Agenda,2018,0,"learning, machine, machine learning, student, artificial, intelligence, artificial intelligence, performance, prediction, algorithm"
Mexico_AI_National_Agenda_2018_chunk_697,Mexico_AI_National_Agenda_2018,Mexico,Latin America,Mexico Towards an AI National Agenda 2018,Policy Agenda,2018,0,"learning, machine, machine learning, student, artificial, intelligence, artificial intelligence, performance, prediction, algorithm"
Mexico_AI_National_Agenda_2018_chunk_698,Mexico_AI_National_Agenda_2018,Mexico,Latin America,Mexico Towards an AI National Agenda 2018,Policy Agenda,2018,0,"learning, machine, machine learning, student, artificial, intelligence, artificial intelligence, performance, prediction, algorithm"
Mexico_AI_National_Agenda_2018_chunk_699,Mexico_AI_National_Agenda_2018,Mexico,Latin America,Mexico Towards an AI National Agenda 2018,Policy Agenda,2018,0,"learning, machine, machine learning, student, artificial, intelligence, artificial intelligence, performance, prediction, algorithm"
Mexico_AI_National_Agenda_2018_chunk_700,Mexico_AI_National_Agenda_2018,Mexico,Latin America,Mexico Towards an AI National Agenda 2018,Policy Agenda,2018,0,"learning, machine, machine learning, student, artificial, intelligence, artificial intelligence, performance, prediction, algorithm"
Mexico_AI_National_Agenda_2018_chunk_701,Mexico_AI_National_Agenda_2018,Mexico,Latin America,Mexico Towards an AI National Agenda 2018,Policy Agenda,2018,0,"learning, machine, machine learning, student, artificial, intelligence, artificial intelligence, performance, prediction, algorithm"
Mexico_AI_National_Agenda_2018_chunk_702,Mexico_AI_National_Agenda_2018,Mexico,Latin America,Mexico Towards an AI National Agenda 2018,Policy Agenda,2018,0,"learning, machine, machine learning, student, artificial, intelligence, artificial intelligence, performance, prediction, algorithm"
Mexico_AI_National_Agenda_2018_chunk_703,Mexico_AI_National_Agenda_2018,Mexico,Latin America,Mexico Towards an AI National Agenda 2018,Policy Agenda,2018,0,"learning, machine, machine learning, student, artificial, intelligence, artificial intelligence, performance, prediction, algorithm"
Mexico_AI_National_Agenda_2018_chunk_704,Mexico_AI_National_Agenda_2018,Mexico,Latin America,Mexico Towards an AI National Agenda 2018,Policy Agenda,2018,0,"learning, machine, machine learning, student, artificial, intelligence, artificial intelligence, performance, prediction, algorithm"
Mexico_AI_National_Agenda_2018_chunk_705,Mexico_AI_National_Agenda_2018,Mexico,Latin America,Mexico Towards an AI National Agenda 2018,Policy Agenda,2018,0,"learning, machine, machine learning, student, artificial, intelligence, artificial intelligence, performance, prediction, algorithm"
Mexico_AI_National_Agenda_2018_chunk_706,Mexico_AI_National_Agenda_2018,Mexico,Latin America,Mexico Towards an AI National Agenda 2018,Policy Agenda,2018,0,"learning, machine, machine learning, student, artificial, intelligence, artificial intelligence, performance, prediction, algorithm"
Mexico_AI_National_Agenda_2018_chunk_707,Mexico_AI_National_Agenda_2018,Mexico,Latin America,Mexico Towards an AI National Agenda 2018,Policy Agenda,2018,0,"learning, machine, machine learning, student, artificial, intelligence, artificial intelligence, performance, prediction, algorithm"
Mexico_AI_National_Agenda_2018_chunk_708,Mexico_AI_National_Agenda_2018,Mexico,Latin America,Mexico Towards an AI National Agenda 2018,Policy Agenda,2018,0,"learning, machine, machine learning, student, artificial, intelligence, artificial intelligence, performance, prediction, algorithm"
Mexico_AI_National_Agenda_2018_chunk_709,Mexico_AI_National_Agenda_2018,Mexico,Latin America,Mexico Towards an AI National Agenda 2018,Policy Agenda,2018,0,"learning, machine, machine learning, student, artificial, intelligence, artificial intelligence, performance, prediction, algorithm"
Mexico_AI_National_Agenda_2018_chunk_710,Mexico_AI_National_Agenda_2018,Mexico,Latin America,Mexico Towards an AI National Agenda 2018,Policy Agenda,2018,0,"learning, machine, machine learning, student, artificial, intelligence, artificial intelligence, performance, prediction, algorithm"
Mexico_AI_National_Agenda_2018_chunk_711,Mexico_AI_National_Agenda_2018,Mexico,Latin America,Mexico Towards an AI National Agenda 2018,Policy Agenda,2018,0,"learning, machine, machine learning, student, artificial, intelligence, artificial intelligence, performance, prediction, algorithm"
Mexico_AI_National_Agenda_2018_chunk_712,Mexico_AI_National_Agenda_2018,Mexico,Latin America,Mexico Towards an AI National Agenda 2018,Policy Agenda,2018,0,"learning, machine, machine learning, student, artificial, intelligence, artificial intelligence, performance, prediction, algorithm"
Mexico_AI_National_Agenda_2018_chunk_713,Mexico_AI_National_Agenda_2018,Mexico,Latin America,Mexico Towards an AI National Agenda 2018,Policy Agenda,2018,0,"learning, machine, machine learning, student, artificial, intelligence, artificial intelligence, performance, prediction, algorithm"
Mexico_AI_National_Agenda_2018_chunk_714,Mexico_AI_National_Agenda_2018,Mexico,Latin America,Mexico Towards an AI National Agenda 2018,Policy Agenda,2018,0,"learning, machine, machine learning, student, artificial, intelligence, artificial intelligence, performance, prediction, algorithm"
Mexico_AI_National_Agenda_2018_chunk_715,Mexico_AI_National_Agenda_2018,Mexico,Latin America,Mexico Towards an AI National Agenda 2018,Policy Agenda,2018,0,"learning, machine, machine learning, student, artificial, intelligence, artificial intelligence, performance, prediction, algorithm"
Mexico_AI_National_Agenda_2018_chunk_716,Mexico_AI_National_Agenda_2018,Mexico,Latin America,Mexico Towards an AI National Agenda 2018,Policy Agenda,2018,0,"learning, machine, machine learning, student, artificial, intelligence, artificial intelligence, performance, prediction, algorithm"
Mexico_AI_National_Agenda_2018_chunk_717,Mexico_AI_National_Agenda_2018,Mexico,Latin America,Mexico Towards an AI National Agenda 2018,Policy Agenda,2018,0,"learning, machine, machine learning, student, artificial, intelligence, artificial intelligence, performance, prediction, algorithm"
Mexico_AI_National_Agenda_2018_chunk_718,Mexico_AI_National_Agenda_2018,Mexico,Latin America,Mexico Towards an AI National Agenda 2018,Policy Agenda,2018,0,"learning, machine, machine learning, student, artificial, intelligence, artificial intelligence, performance, prediction, algorithm"
Mexico_AI_National_Agenda_2018_chunk_719,Mexico_AI_National_Agenda_2018,Mexico,Latin America,Mexico Towards an AI National Agenda 2018,Policy Agenda,2018,0,"learning, machine, machine learning, student, artificial, intelligence, artificial intelligence, performance, prediction, algorithm"
Mexico_AI_National_Agenda_2018_chunk_720,Mexico_AI_National_Agenda_2018,Mexico,Latin America,Mexico Towards an AI National Agenda 2018,Policy Agenda,2018,0,"learning, machine, machine learning, student, artificial, intelligence, artificial intelligence, performance, prediction, algorithm"
Mexico_AI_National_Agenda_2018_chunk_721,Mexico_AI_National_Agenda_2018,Mexico,Latin America,Mexico Towards an AI National Agenda 2018,Policy Agenda,2018,0,"learning, machine, machine learning, student, artificial, intelligence, artificial intelligence, performance, prediction, algorithm"
Mexico_AI_National_Agenda_2018_chunk_722,Mexico_AI_National_Agenda_2018,Mexico,Latin America,Mexico Towards an AI National Agenda 2018,Policy Agenda,2018,0,"learning, machine, machine learning, student, artificial, intelligence, artificial intelligence, performance, prediction, algorithm"
Mexico_AI_National_Agenda_2018_chunk_723,Mexico_AI_National_Agenda_2018,Mexico,Latin America,Mexico Towards an AI National Agenda 2018,Policy Agenda,2018,0,"learning, machine, machine learning, student, artificial, intelligence, artificial intelligence, performance, prediction, algorithm"
Mexico_AI_National_Agenda_2018_chunk_724,Mexico_AI_National_Agenda_2018,Mexico,Latin America,Mexico Towards an AI National Agenda 2018,Policy Agenda,2018,0,"learning, machine, machine learning, student, artificial, intelligence, artificial intelligence, performance, prediction, algorithm"
Mexico_AI_National_Agenda_2018_chunk_725,Mexico_AI_National_Agenda_2018,Mexico,Latin America,Mexico Towards an AI National Agenda 2018,Policy Agenda,2018,0,"learning, machine, machine learning, student, artificial, intelligence, artificial intelligence, performance, prediction, algorithm"
Mexico_AI_National_Agenda_2018_chunk_726,Mexico_AI_National_Agenda_2018,Mexico,Latin America,Mexico Towards an AI National Agenda 2018,Policy Agenda,2018,0,"learning, machine, machine learning, student, artificial, intelligence, artificial intelligence, performance, prediction, algorithm"
Mexico_AI_National_Agenda_2018_chunk_727,Mexico_AI_National_Agenda_2018,Mexico,Latin America,Mexico Towards an AI National Agenda 2018,Policy Agenda,2018,0,"learning, machine, machine learning, student, artificial, intelligence, artificial intelligence, performance, prediction, algorithm"
Mexico_AI_National_Agenda_2018_chunk_728,Mexico_AI_National_Agenda_2018,Mexico,Latin America,Mexico Towards an AI National Agenda 2018,Policy Agenda,2018,0,"learning, machine, machine learning, student, artificial, intelligence, artificial intelligence, performance, prediction, algorithm"
Mexico_AI_National_Agenda_2018_chunk_729,Mexico_AI_National_Agenda_2018,Mexico,Latin America,Mexico Towards an AI National Agenda 2018,Policy Agenda,2018,0,"learning, machine, machine learning, student, artificial, intelligence, artificial intelligence, performance, prediction, algorithm"
Mexico_AI_National_Agenda_2018_chunk_730,Mexico_AI_National_Agenda_2018,Mexico,Latin America,Mexico Towards an AI National Agenda 2018,Policy Agenda,2018,0,"learning, machine, machine learning, student, artificial, intelligence, artificial intelligence, performance, prediction, algorithm"
Mexico_AI_National_Agenda_2018_chunk_731,Mexico_AI_National_Agenda_2018,Mexico,Latin America,Mexico Towards an AI National Agenda 2018,Policy Agenda,2018,0,"learning, machine, machine learning, student, artificial, intelligence, artificial intelligence, performance, prediction, algorithm"
Mexico_AI_National_Agenda_2018_chunk_732,Mexico_AI_National_Agenda_2018,Mexico,Latin America,Mexico Towards an AI National Agenda 2018,Policy Agenda,2018,0,"learning, machine, machine learning, student, artificial, intelligence, artificial intelligence, performance, prediction, algorithm"
Mexico_AI_National_Agenda_2018_chunk_733,Mexico_AI_National_Agenda_2018,Mexico,Latin America,Mexico Towards an AI National Agenda 2018,Policy Agenda,2018,0,"learning, machine, machine learning, student, artificial, intelligence, artificial intelligence, performance, prediction, algorithm"
Mexico_AI_National_Agenda_2018_chunk_734,Mexico_AI_National_Agenda_2018,Mexico,Latin America,Mexico Towards an AI National Agenda 2018,Policy Agenda,2018,0,"learning, machine, machine learning, student, artificial, intelligence, artificial intelligence, performance, prediction, algorithm"
Mexico_AI_National_Agenda_2018_chunk_735,Mexico_AI_National_Agenda_2018,Mexico,Latin America,Mexico Towards an AI National Agenda 2018,Policy Agenda,2018,0,"learning, machine, machine learning, student, artificial, intelligence, artificial intelligence, performance, prediction, algorithm"
Mexico_AI_National_Agenda_2018_chunk_736,Mexico_AI_National_Agenda_2018,Mexico,Latin America,Mexico Towards an AI National Agenda 2018,Policy Agenda,2018,0,"learning, machine, machine learning, student, artificial, intelligence, artificial intelligence, performance, prediction, algorithm"
Mexico_AI_National_Agenda_2018_chunk_737,Mexico_AI_National_Agenda_2018,Mexico,Latin America,Mexico Towards an AI National Agenda 2018,Policy Agenda,2018,0,"learning, machine, machine learning, student, artificial, intelligence, artificial intelligence, performance, prediction, algorithm"
Mexico_AI_National_Agenda_2018_chunk_738,Mexico_AI_National_Agenda_2018,Mexico,Latin America,Mexico Towards an AI National Agenda 2018,Policy Agenda,2018,0,"learning, machine, machine learning, student, artificial, intelligence, artificial intelligence, performance, prediction, algorithm"
Mexico_AI_National_Agenda_2018_chunk_739,Mexico_AI_National_Agenda_2018,Mexico,Latin America,Mexico Towards an AI National Agenda 2018,Policy Agenda,2018,0,"learning, machine, machine learning, student, artificial, intelligence, artificial intelligence, performance, prediction, algorithm"
Mexico_AI_National_Agenda_2018_chunk_740,Mexico_AI_National_Agenda_2018,Mexico,Latin America,Mexico Towards an AI National Agenda 2018,Policy Agenda,2018,0,"learning, machine, machine learning, student, artificial, intelligence, artificial intelligence, performance, prediction, algorithm"
Mexico_AI_National_Agenda_2018_chunk_741,Mexico_AI_National_Agenda_2018,Mexico,Latin America,Mexico Towards an AI National Agenda 2018,Policy Agenda,2018,-1,
Rwanda_National_AI_Policy_2023_chunk_0,Rwanda_National_AI_Policy_2023,Rwanda,Africa & Middle East,National AI Policy Rwanda 2023,National Strategy,2023,0,"learning, machine, machine learning, student, artificial, intelligence, artificial intelligence, performance, prediction, algorithm"
Rwanda_National_AI_Policy_2023_chunk_1,Rwanda_National_AI_Policy_2023,Rwanda,Africa & Middle East,National AI Policy Rwanda 2023,National Strategy,2023,0,"learning, machine, machine learning, student, artificial, intelligence, artificial intelligence, performance, prediction, algorithm"
Rwanda_National_AI_Policy_2023_chunk_2,Rwanda_National_AI_Policy_2023,Rwanda,Africa & Middle East,National AI Policy Rwanda 2023,National Strategy,2023,-1,
Rwanda_National_AI_Policy_2023_chunk_3,Rwanda_National_AI_Policy_2023,Rwanda,Africa & Middle East,National AI Policy Rwanda 2023,National Strategy,2023,-1,
Rwanda_National_AI_Policy_2023_chunk_4,Rwanda_National_AI_Policy_2023,Rwanda,Africa & Middle East,National AI Policy Rwanda 2023,National Strategy,2023,-1,
Rwanda_National_AI_Policy_2023_chunk_5,Rwanda_National_AI_Policy_2023,Rwanda,Africa & Middle East,National AI Policy Rwanda 2023,National Strategy,2023,-1,
Rwanda_National_AI_Policy_2023_chunk_6,Rwanda_National_AI_Policy_2023,Rwanda,Africa & Middle East,National AI Policy Rwanda 2023,National Strategy,2023,-1,
Kenya_National_AI_Strategy_Draft_2025_chunk_0,Kenya_National_AI_Strategy_Draft_2025,Kenya,Africa & Middle East,Kenya National AI Strategy Draft 2025,National Strategy,2025,-1,
Kenya_National_AI_Strategy_Draft_2025_chunk_1,Kenya_National_AI_Strategy_Draft_2025,Kenya,Africa & Middle East,Kenya National AI Strategy Draft 2025,National Strategy,2025,-1,
Kenya_National_AI_Strategy_Draft_2025_chunk_2,Kenya_National_AI_Strategy_Draft_2025,Kenya,Africa & Middle East,Kenya National AI Strategy Draft 2025,National Strategy,2025,-1,
Kenya_National_AI_Strategy_Draft_2025_chunk_3,Kenya_National_AI_Strategy_Draft_2025,Kenya,Africa & Middle East,Kenya National AI Strategy Draft 2025,National Strategy,2025,-1,
Kenya_National_AI_Strategy_Draft_2025_chunk_4,Kenya_National_AI_Strategy_Draft_2025,Kenya,Africa & Middle East,Kenya National AI Strategy Draft 2025,National Strategy,2025,-1,
Kenya_National_AI_Strategy_Draft_2025_chunk_5,Kenya_National_AI_Strategy_Draft_2025,Kenya,Africa & Middle East,Kenya National AI Strategy Draft 2025,National Strategy,2025,-1,
Kenya_National_AI_Strategy_Draft_2025_chunk_6,Kenya_National_AI_Strategy_Draft_2025,Kenya,Africa & Middle East,Kenya National AI Strategy Draft 2025,National Strategy,2025,-1,
Kenya_National_AI_Strategy_Draft_2025_chunk_7,Kenya_National_AI_Strategy_Draft_2025,Kenya,Africa & Middle East,Kenya National AI Strategy Draft 2025,National Strategy,2025,-1,
Kenya_National_AI_Strategy_Draft_2025_chunk_8,Kenya_National_AI_Strategy_Draft_2025,Kenya,Africa & Middle East,Kenya National AI Strategy Draft 2025,National Strategy,2025,-1,
Kenya_National_AI_Strategy_Draft_2025_chunk_9,Kenya_National_AI_Strategy_Draft_2025,Kenya,Africa & Middle East,Kenya National AI Strategy Draft 2025,National Strategy,2025,0,"learning, machine, machine learning, student, artificial, intelligence, artificial intelligence, performance, prediction, algorithm"
Kenya_National_AI_Strategy_Draft_2025_chunk_10,Kenya_National_AI_Strategy_Draft_2025,Kenya,Africa & Middle East,Kenya National AI Strategy Draft 2025,National Strategy,2025,-1,
Kenya_National_AI_Strategy_Draft_2025_chunk_11,Kenya_National_AI_Strategy_Draft_2025,Kenya,Africa & Middle East,Kenya National AI Strategy Draft 2025,National Strategy,2025,-1,
Kenya_National_AI_Strategy_Draft_2025_chunk_12,Kenya_National_AI_Strategy_Draft_2025,Kenya,Africa & Middle East,Kenya National AI Strategy Draft 2025,National Strategy,2025,-1,
Kenya_National_AI_Strategy_Draft_2025_chunk_13,Kenya_National_AI_Strategy_Draft_2025,Kenya,Africa & Middle East,Kenya National AI Strategy Draft 2025,National Strategy,2025,-1,
Kenya_National_AI_Strategy_Draft_2025_chunk_14,Kenya_National_AI_Strategy_Draft_2025,Kenya,Africa & Middle East,Kenya National AI Strategy Draft 2025,National Strategy,2025,-1,
Kenya_National_AI_Strategy_Draft_2025_chunk_15,Kenya_National_AI_Strategy_Draft_2025,Kenya,Africa & Middle East,Kenya National AI Strategy Draft 2025,National Strategy,2025,-1,
Kenya_National_AI_Strategy_Draft_2025_chunk_16,Kenya_National_AI_Strategy_Draft_2025,Kenya,Africa & Middle East,Kenya National AI Strategy Draft 2025,National Strategy,2025,-1,
Kenya_National_AI_Strategy_Draft_2025_chunk_17,Kenya_National_AI_Strategy_Draft_2025,Kenya,Africa & Middle East,Kenya National AI Strategy Draft 2025,National Strategy,2025,-1,
Kenya_National_AI_Strategy_Draft_2025_chunk_18,Kenya_National_AI_Strategy_Draft_2025,Kenya,Africa & Middle East,Kenya National AI Strategy Draft 2025,National Strategy,2025,-1,
Kenya_National_AI_Strategy_Draft_2025_chunk_19,Kenya_National_AI_Strategy_Draft_2025,Kenya,Africa & Middle East,Kenya National AI Strategy Draft 2025,National Strategy,2025,-1,
Kenya_National_AI_Strategy_Draft_2025_chunk_20,Kenya_National_AI_Strategy_Draft_2025,Kenya,Africa & Middle East,Kenya National AI Strategy Draft 2025,National Strategy,2025,-1,
Kenya_National_AI_Strategy_Draft_2025_chunk_21,Kenya_National_AI_Strategy_Draft_2025,Kenya,Africa & Middle East,Kenya National AI Strategy Draft 2025,National Strategy,2025,0,"learning, machine, machine learning, student, artificial, intelligence, artificial intelligence, performance, prediction, algorithm"
Kenya_National_AI_Strategy_Draft_2025_chunk_22,Kenya_National_AI_Strategy_Draft_2025,Kenya,Africa & Middle East,Kenya National AI Strategy Draft 2025,National Strategy,2025,0,"learning, machine, machine learning, student, artificial, intelligence, artificial intelligence, performance, prediction, algorithm"
Kenya_National_AI_Strategy_Draft_2025_chunk_23,Kenya_National_AI_Strategy_Draft_2025,Kenya,Africa & Middle East,Kenya National AI Strategy Draft 2025,National Strategy,2025,-1,
Kenya_National_AI_Strategy_Draft_2025_chunk_24,Kenya_National_AI_Strategy_Draft_2025,Kenya,Africa & Middle East,Kenya National AI Strategy Draft 2025,National Strategy,2025,-1,
Kenya_National_AI_Strategy_Draft_2025_chunk_25,Kenya_National_AI_Strategy_Draft_2025,Kenya,Africa & Middle East,Kenya National AI Strategy Draft 2025,National Strategy,2025,-1,
Kenya_National_AI_Strategy_Draft_2025_chunk_26,Kenya_National_AI_Strategy_Draft_2025,Kenya,Africa & Middle East,Kenya National AI Strategy Draft 2025,National Strategy,2025,-1,
Kenya_National_AI_Strategy_Draft_2025_chunk_27,Kenya_National_AI_Strategy_Draft_2025,Kenya,Africa & Middle East,Kenya National AI Strategy Draft 2025,National Strategy,2025,-1,
Kenya_National_AI_Strategy_Draft_2025_chunk_28,Kenya_National_AI_Strategy_Draft_2025,Kenya,Africa & Middle East,Kenya National AI Strategy Draft 2025,National Strategy,2025,-1,
Kenya_National_AI_Strategy_Draft_2025_chunk_29,Kenya_National_AI_Strategy_Draft_2025,Kenya,Africa & Middle East,Kenya National AI Strategy Draft 2025,National Strategy,2025,-1,
Kenya_National_AI_Strategy_Draft_2025_chunk_30,Kenya_National_AI_Strategy_Draft_2025,Kenya,Africa & Middle East,Kenya National AI Strategy Draft 2025,National Strategy,2025,25,"cell, microscopy, image, tissue, imaging, cellular, raman, phenotype, morphology, single"
Kenya_National_AI_Strategy_Draft_2025_chunk_31,Kenya_National_AI_Strategy_Draft_2025,Kenya,Africa & Middle East,Kenya National AI Strategy Draft 2025,National Strategy,2025,-1,
Kenya_National_AI_Strategy_Draft_2025_chunk_32,Kenya_National_AI_Strategy_Draft_2025,Kenya,Africa & Middle East,Kenya National AI Strategy Draft 2025,National Strategy,2025,-1,
Kenya_National_AI_Strategy_Draft_2025_chunk_33,Kenya_National_AI_Strategy_Draft_2025,Kenya,Africa & Middle East,Kenya National AI Strategy Draft 2025,National Strategy,2025,-1,
Egypt_National_AI_Strategy_2021_chunk_0,Egypt_National_AI_Strategy_2021,Egypt,Africa & Middle East,Egypt National AI Strategy 2021,National Strategy,2021,-1,
Egypt_National_AI_Strategy_2021_chunk_1,Egypt_National_AI_Strategy_2021,Egypt,Africa & Middle East,Egypt National AI Strategy 2021,National Strategy,2021,0,"learning, machine, machine learning, student, artificial, intelligence, artificial intelligence, performance, prediction, algorithm"
Egypt_National_AI_Strategy_2021_chunk_2,Egypt_National_AI_Strategy_2021,Egypt,Africa & Middle East,Egypt National AI Strategy 2021,National Strategy,2021,-1,
Egypt_National_AI_Strategy_2021_chunk_3,Egypt_National_AI_Strategy_2021,Egypt,Africa & Middle East,Egypt National AI Strategy 2021,National Strategy,2021,-1,
Egypt_National_AI_Strategy_2021_chunk_4,Egypt_National_AI_Strategy_2021,Egypt,Africa & Middle East,Egypt National AI Strategy 2021,National Strategy,2021,0,"learning, machine, machine learning, student, artificial, intelligence, artificial intelligence, performance, prediction, algorithm"
Egypt_National_AI_Strategy_2021_chunk_5,Egypt_National_AI_Strategy_2021,Egypt,Africa & Middle East,Egypt National AI Strategy 2021,National Strategy,2021,-1,
Egypt_National_AI_Strategy_2021_chunk_6,Egypt_National_AI_Strategy_2021,Egypt,Africa & Middle East,Egypt National AI Strategy 2021,National Strategy,2021,-1,
Egypt_National_AI_Strategy_2021_chunk_7,Egypt_National_AI_Strategy_2021,Egypt,Africa & Middle East,Egypt National AI Strategy 2021,National Strategy,2021,-1,
Egypt_National_AI_Strategy_2021_chunk_8,Egypt_National_AI_Strategy_2021,Egypt,Africa & Middle East,Egypt National AI Strategy 2021,National Strategy,2021,-1,
Egypt_National_AI_Strategy_2021_chunk_9,Egypt_National_AI_Strategy_2021,Egypt,Africa & Middle East,Egypt National AI Strategy 2021,National Strategy,2021,0,"learning, machine, machine learning, student, artificial, intelligence, artificial intelligence, performance, prediction, algorithm"
Egypt_National_AI_Strategy_2021_chunk_10,Egypt_National_AI_Strategy_2021,Egypt,Africa & Middle East,Egypt National AI Strategy 2021,National Strategy,2021,-1,
Egypt_National_AI_Strategy_2021_chunk_11,Egypt_National_AI_Strategy_2021,Egypt,Africa & Middle East,Egypt National AI Strategy 2021,National Strategy,2021,-1,
Egypt_National_AI_Strategy_2021_chunk_12,Egypt_National_AI_Strategy_2021,Egypt,Africa & Middle East,Egypt National AI Strategy 2021,National Strategy,2021,-1,
Egypt_National_AI_Strategy_2021_chunk_13,Egypt_National_AI_Strategy_2021,Egypt,Africa & Middle East,Egypt National AI Strategy 2021,National Strategy,2021,0,"learning, machine, machine learning, student, artificial, intelligence, artificial intelligence, performance, prediction, algorithm"
Egypt_National_AI_Strategy_2021_chunk_14,Egypt_National_AI_Strategy_2021,Egypt,Africa & Middle East,Egypt National AI Strategy 2021,National Strategy,2021,0,"learning, machine, machine learning, student, artificial, intelligence, artificial intelligence, performance, prediction, algorithm"
Egypt_National_AI_Strategy_2021_chunk_15,Egypt_National_AI_Strategy_2021,Egypt,Africa & Middle East,Egypt National AI Strategy 2021,National Strategy,2021,0,"learning, machine, machine learning, student, artificial, intelligence, artificial intelligence, performance, prediction, algorithm"
Egypt_National_AI_Strategy_2021_chunk_16,Egypt_National_AI_Strategy_2021,Egypt,Africa & Middle East,Egypt National AI Strategy 2021,National Strategy,2021,0,"learning, machine, machine learning, student, artificial, intelligence, artificial intelligence, performance, prediction, algorithm"
Egypt_National_AI_Strategy_2021_chunk_17,Egypt_National_AI_Strategy_2021,Egypt,Africa & Middle East,Egypt National AI Strategy 2021,National Strategy,2021,-1,
Egypt_National_AI_Strategy_2021_chunk_18,Egypt_National_AI_Strategy_2021,Egypt,Africa & Middle East,Egypt National AI Strategy 2021,National Strategy,2021,-1,
Egypt_National_AI_Strategy_2021_chunk_19,Egypt_National_AI_Strategy_2021,Egypt,Africa & Middle East,Egypt National AI Strategy 2021,National Strategy,2021,-1,
Egypt_National_AI_Strategy_2021_chunk_20,Egypt_National_AI_Strategy_2021,Egypt,Africa & Middle East,Egypt National AI Strategy 2021,National Strategy,2021,-1,
Egypt_National_AI_Strategy_2021_chunk_21,Egypt_National_AI_Strategy_2021,Egypt,Africa & Middle East,Egypt National AI Strategy 2021,National Strategy,2021,0,"learning, machine, machine learning, student, artificial, intelligence, artificial intelligence, performance, prediction, algorithm"
Egypt_National_AI_Strategy_2021_chunk_22,Egypt_National_AI_Strategy_2021,Egypt,Africa & Middle East,Egypt National AI Strategy 2021,National Strategy,2021,0,"learning, machine, machine learning, student, artificial, intelligence, artificial intelligence, performance, prediction, algorithm"
Egypt_National_AI_Strategy_2021_chunk_23,Egypt_National_AI_Strategy_2021,Egypt,Africa & Middle East,Egypt National AI Strategy 2021,National Strategy,2021,-1,
Egypt_National_AI_Strategy_2021_chunk_24,Egypt_National_AI_Strategy_2021,Egypt,Africa & Middle East,Egypt National AI Strategy 2021,National Strategy,2021,0,"learning, machine, machine learning, student, artificial, intelligence, artificial intelligence, performance, prediction, algorithm"
Egypt_National_AI_Strategy_2021_chunk_25,Egypt_National_AI_Strategy_2021,Egypt,Africa & Middle East,Egypt National AI Strategy 2021,National Strategy,2021,-1,
Egypt_National_AI_Strategy_2021_chunk_26,Egypt_National_AI_Strategy_2021,Egypt,Africa & Middle East,Egypt National AI Strategy 2021,National Strategy,2021,-1,
Egypt_National_AI_Strategy_2021_chunk_27,Egypt_National_AI_Strategy_2021,Egypt,Africa & Middle East,Egypt National AI Strategy 2021,National Strategy,2021,-1,
Egypt_National_AI_Strategy_2021_chunk_28,Egypt_National_AI_Strategy_2021,Egypt,Africa & Middle East,Egypt National AI Strategy 2021,National Strategy,2021,-1,
UAE_National_AI_Strategy_2031_chunk_0,UAE_National_AI_Strategy_2031,UAE,Africa & Middle East,UAE National AI Strategy 2031,National Strategy,2022,-1,
UAE_National_AI_Strategy_2031_chunk_1,UAE_National_AI_Strategy_2031,UAE,Africa & Middle East,UAE National AI Strategy 2031,National Strategy,2022,-1,
UAE_National_AI_Strategy_2031_chunk_2,UAE_National_AI_Strategy_2031,UAE,Africa & Middle East,UAE National AI Strategy 2031,National Strategy,2022,-1,
UAE_National_AI_Strategy_2031_chunk_3,UAE_National_AI_Strategy_2031,UAE,Africa & Middle East,UAE National AI Strategy 2031,National Strategy,2022,0,"learning, machine, machine learning, student, artificial, intelligence, artificial intelligence, performance, prediction, algorithm"
UAE_National_AI_Strategy_2031_chunk_4,UAE_National_AI_Strategy_2031,UAE,Africa & Middle East,UAE National AI Strategy 2031,National Strategy,2022,-1,
UAE_National_AI_Strategy_2031_chunk_5,UAE_National_AI_Strategy_2031,UAE,Africa & Middle East,UAE National AI Strategy 2031,National Strategy,2022,-1,
UAE_National_AI_Strategy_2031_chunk_6,UAE_National_AI_Strategy_2031,UAE,Africa & Middle East,UAE National AI Strategy 2031,National Strategy,2022,-1,
UAE_National_AI_Strategy_2031_chunk_7,UAE_National_AI_Strategy_2031,UAE,Africa & Middle East,UAE National AI Strategy 2031,National Strategy,2022,-1,
UAE_National_AI_Strategy_2031_chunk_8,UAE_National_AI_Strategy_2031,UAE,Africa & Middle East,UAE National AI Strategy 2031,National Strategy,2022,0,"learning, machine, machine learning, student, artificial, intelligence, artificial intelligence, performance, prediction, algorithm"
UAE_National_AI_Strategy_2031_chunk_9,UAE_National_AI_Strategy_2031,UAE,Africa & Middle East,UAE National AI Strategy 2031,National Strategy,2022,0,"learning, machine, machine learning, student, artificial, intelligence, artificial intelligence, performance, prediction, algorithm"
UAE_National_AI_Strategy_2031_chunk_10,UAE_National_AI_Strategy_2031,UAE,Africa & Middle East,UAE National AI Strategy 2031,National Strategy,2022,-1,
UAE_National_AI_Strategy_2031_chunk_11,UAE_National_AI_Strategy_2031,UAE,Africa & Middle East,UAE National AI Strategy 2031,National Strategy,2022,-1,
UAE_National_AI_Strategy_2031_chunk_12,UAE_National_AI_Strategy_2031,UAE,Africa & Middle East,UAE National AI Strategy 2031,National Strategy,2022,-1,
SouthAfrica_National_AI_Policy_Framework_2023_chunk_0,SouthAfrica_National_AI_Policy_Framework_2023,South Africa,Africa & Middle East,South Africa National AI Policy Framework 2023,Policy Framework,2023,-1,
SouthAfrica_National_AI_Policy_Framework_2023_chunk_1,SouthAfrica_National_AI_Policy_Framework_2023,South Africa,Africa & Middle East,South Africa National AI Policy Framework 2023,Policy Framework,2023,-1,
SouthAfrica_National_AI_Policy_Framework_2023_chunk_2,SouthAfrica_National_AI_Policy_Framework_2023,South Africa,Africa & Middle East,South Africa National AI Policy Framework 2023,Policy Framework,2023,0,"learning, machine, machine learning, student, artificial, intelligence, artificial intelligence, performance, prediction, algorithm"
SouthAfrica_National_AI_Policy_Framework_2023_chunk_3,SouthAfrica_National_AI_Policy_Framework_2023,South Africa,Africa & Middle East,South Africa National AI Policy Framework 2023,Policy Framework,2023,-1,
SouthAfrica_National_AI_Policy_Framework_2023_chunk_4,SouthAfrica_National_AI_Policy_Framework_2023,South Africa,Africa & Middle East,South Africa National AI Policy Framework 2023,Policy Framework,2023,-1,
Zimbabwe_National_AI_Strategy_chunk_0,Zimbabwe_National_AI_Strategy,Zimbabwe,Africa & Middle East,Zimbabwe National AI Strategy,National Strategy,2024,-1,
Zimbabwe_National_AI_Strategy_chunk_1,Zimbabwe_National_AI_Strategy,Zimbabwe,Africa & Middle East,Zimbabwe National AI Strategy,National Strategy,2024,-1,
Zimbabwe_National_AI_Strategy_chunk_2,Zimbabwe_National_AI_Strategy,Zimbabwe,Africa & Middle East,Zimbabwe National AI Strategy,National Strategy,2024,-1,
Zimbabwe_National_AI_Strategy_chunk_3,Zimbabwe_National_AI_Strategy,Zimbabwe,Africa & Middle East,Zimbabwe National AI Strategy,National Strategy,2024,-1,
Zimbabwe_National_AI_Strategy_chunk_4,Zimbabwe_National_AI_Strategy,Zimbabwe,Africa & Middle East,Zimbabwe National AI Strategy,National Strategy,2024,-1,
Zimbabwe_National_AI_Strategy_chunk_5,Zimbabwe_National_AI_Strategy,Zimbabwe,Africa & Middle East,Zimbabwe National AI Strategy,National Strategy,2024,0,"learning, machine, machine learning, student, artificial, intelligence, artificial intelligence, performance, prediction, algorithm"
Zimbabwe_National_AI_Strategy_chunk_6,Zimbabwe_National_AI_Strategy,Zimbabwe,Africa & Middle East,Zimbabwe National AI Strategy,National Strategy,2024,0,"learning, machine, machine learning, student, artificial, intelligence, artificial intelligence, performance, prediction, algorithm"
Zimbabwe_National_AI_Strategy_chunk_7,Zimbabwe_National_AI_Strategy,Zimbabwe,Africa & Middle East,Zimbabwe National AI Strategy,National Strategy,2024,0,"learning, machine, machine learning, student, artificial, intelligence, artificial intelligence, performance, prediction, algorithm"
Zimbabwe_National_AI_Strategy_chunk_8,Zimbabwe_National_AI_Strategy,Zimbabwe,Africa & Middle East,Zimbabwe National AI Strategy,National Strategy,2024,-1,
Zimbabwe_National_AI_Strategy_chunk_9,Zimbabwe_National_AI_Strategy,Zimbabwe,Africa & Middle East,Zimbabwe National AI Strategy,National Strategy,2024,-1,
Zimbabwe_National_AI_Strategy_chunk_10,Zimbabwe_National_AI_Strategy,Zimbabwe,Africa & Middle East,Zimbabwe National AI Strategy,National Strategy,2024,-1,
Zimbabwe_National_AI_Strategy_chunk_11,Zimbabwe_National_AI_Strategy,Zimbabwe,Africa & Middle East,Zimbabwe National AI Strategy,National Strategy,2024,0,"learning, machine, machine learning, student, artificial, intelligence, artificial intelligence, performance, prediction, algorithm"
Zimbabwe_National_AI_Strategy_chunk_12,Zimbabwe_National_AI_Strategy,Zimbabwe,Africa & Middle East,Zimbabwe National AI Strategy,National Strategy,2024,-1,
Zimbabwe_National_AI_Strategy_chunk_13,Zimbabwe_National_AI_Strategy,Zimbabwe,Africa & Middle East,Zimbabwe National AI Strategy,National Strategy,2024,-1,
Zimbabwe_National_AI_Strategy_chunk_14,Zimbabwe_National_AI_Strategy,Zimbabwe,Africa & Middle East,Zimbabwe National AI Strategy,National Strategy,2024,-1,
Zimbabwe_National_AI_Strategy_chunk_15,Zimbabwe_National_AI_Strategy,Zimbabwe,Africa & Middle East,Zimbabwe National AI Strategy,National Strategy,2024,-1,
Zimbabwe_National_AI_Strategy_chunk_16,Zimbabwe_National_AI_Strategy,Zimbabwe,Africa & Middle East,Zimbabwe National AI Strategy,National Strategy,2024,-1,
Zimbabwe_National_AI_Strategy_chunk_17,Zimbabwe_National_AI_Strategy,Zimbabwe,Africa & Middle East,Zimbabwe National AI Strategy,National Strategy,2024,-1,
Zimbabwe_National_AI_Strategy_chunk_18,Zimbabwe_National_AI_Strategy,Zimbabwe,Africa & Middle East,Zimbabwe National AI Strategy,National Strategy,2024,0,"learning, machine, machine learning, student, artificial, intelligence, artificial intelligence, performance, prediction, algorithm"
Zimbabwe_National_AI_Strategy_chunk_19,Zimbabwe_National_AI_Strategy,Zimbabwe,Africa & Middle East,Zimbabwe National AI Strategy,National Strategy,2024,-1,
Zimbabwe_National_AI_Strategy_chunk_20,Zimbabwe_National_AI_Strategy,Zimbabwe,Africa & Middle East,Zimbabwe National AI Strategy,National Strategy,2024,0,"learning, machine, machine learning, student, artificial, intelligence, artificial intelligence, performance, prediction, algorithm"
Zimbabwe_National_AI_Strategy_chunk_21,Zimbabwe_National_AI_Strategy,Zimbabwe,Africa & Middle East,Zimbabwe National AI Strategy,National Strategy,2024,-1,
Zimbabwe_National_AI_Strategy_chunk_22,Zimbabwe_National_AI_Strategy,Zimbabwe,Africa & Middle East,Zimbabwe National AI Strategy,National Strategy,2024,-1,
Zimbabwe_National_AI_Strategy_chunk_23,Zimbabwe_National_AI_Strategy,Zimbabwe,Africa & Middle East,Zimbabwe National AI Strategy,National Strategy,2024,-1,
Zimbabwe_National_AI_Strategy_chunk_24,Zimbabwe_National_AI_Strategy,Zimbabwe,Africa & Middle East,Zimbabwe National AI Strategy,National Strategy,2024,-1,
Zimbabwe_National_AI_Strategy_chunk_25,Zimbabwe_National_AI_Strategy,Zimbabwe,Africa & Middle East,Zimbabwe National AI Strategy,National Strategy,2024,-1,
Zimbabwe_National_AI_Strategy_chunk_26,Zimbabwe_National_AI_Strategy,Zimbabwe,Africa & Middle East,Zimbabwe National AI Strategy,National Strategy,2024,-1,
Zimbabwe_National_AI_Strategy_chunk_27,Zimbabwe_National_AI_Strategy,Zimbabwe,Africa & Middle East,Zimbabwe National AI Strategy,National Strategy,2024,0,"learning, machine, machine learning, student, artificial, intelligence, artificial intelligence, performance, prediction, algorithm"
Zimbabwe_National_AI_Strategy_chunk_28,Zimbabwe_National_AI_Strategy,Zimbabwe,Africa & Middle East,Zimbabwe National AI Strategy,National Strategy,2024,0,"learning, machine, machine learning, student, artificial, intelligence, artificial intelligence, performance, prediction, algorithm"
Zimbabwe_National_AI_Strategy_chunk_29,Zimbabwe_National_AI_Strategy,Zimbabwe,Africa & Middle East,Zimbabwe National AI Strategy,National Strategy,2024,-1,
Nigeria_National_AI_Strategy_2024_chunk_0,Nigeria_National_AI_Strategy_2024,Nigeria,Africa & Middle East,Nigeria National AI Strategy Draft 2024,National Strategy,2024,-1,
Nigeria_National_AI_Strategy_2024_chunk_1,Nigeria_National_AI_Strategy_2024,Nigeria,Africa & Middle East,Nigeria National AI Strategy Draft 2024,National Strategy,2024,-1,
Nigeria_National_AI_Strategy_2024_chunk_2,Nigeria_National_AI_Strategy_2024,Nigeria,Africa & Middle East,Nigeria National AI Strategy Draft 2024,National Strategy,2024,0,"learning, machine, machine learning, student, artificial, intelligence, artificial intelligence, performance, prediction, algorithm"
Nigeria_National_AI_Strategy_2024_chunk_3,Nigeria_National_AI_Strategy_2024,Nigeria,Africa & Middle East,Nigeria National AI Strategy Draft 2024,National Strategy,2024,-1,
Nigeria_National_AI_Strategy_2024_chunk_4,Nigeria_National_AI_Strategy_2024,Nigeria,Africa & Middle East,Nigeria National AI Strategy Draft 2024,National Strategy,2024,-1,
Nigeria_National_AI_Strategy_2024_chunk_5,Nigeria_National_AI_Strategy_2024,Nigeria,Africa & Middle East,Nigeria National AI Strategy Draft 2024,National Strategy,2024,-1,
Nigeria_National_AI_Strategy_2024_chunk_6,Nigeria_National_AI_Strategy_2024,Nigeria,Africa & Middle East,Nigeria National AI Strategy Draft 2024,National Strategy,2024,-1,
Nigeria_National_AI_Strategy_2024_chunk_7,Nigeria_National_AI_Strategy_2024,Nigeria,Africa & Middle East,Nigeria National AI Strategy Draft 2024,National Strategy,2024,-1,
Nigeria_National_AI_Strategy_2024_chunk_8,Nigeria_National_AI_Strategy_2024,Nigeria,Africa & Middle East,Nigeria National AI Strategy Draft 2024,National Strategy,2024,-1,
Nigeria_National_AI_Strategy_2024_chunk_9,Nigeria_National_AI_Strategy_2024,Nigeria,Africa & Middle East,Nigeria National AI Strategy Draft 2024,National Strategy,2024,-1,
Nigeria_National_AI_Strategy_2024_chunk_10,Nigeria_National_AI_Strategy_2024,Nigeria,Africa & Middle East,Nigeria National AI Strategy Draft 2024,National Strategy,2024,-1,
Nigeria_National_AI_Strategy_2024_chunk_11,Nigeria_National_AI_Strategy_2024,Nigeria,Africa & Middle East,Nigeria National AI Strategy Draft 2024,National Strategy,2024,-1,
Nigeria_National_AI_Strategy_2024_chunk_12,Nigeria_National_AI_Strategy_2024,Nigeria,Africa & Middle East,Nigeria National AI Strategy Draft 2024,National Strategy,2024,0,"learning, machine, machine learning, student, artificial, intelligence, artificial intelligence, performance, prediction, algorithm"
Nigeria_National_AI_Strategy_2024_chunk_13,Nigeria_National_AI_Strategy_2024,Nigeria,Africa & Middle East,Nigeria National AI Strategy Draft 2024,National Strategy,2024,-1,
Nigeria_National_AI_Strategy_2024_chunk_14,Nigeria_National_AI_Strategy_2024,Nigeria,Africa & Middle East,Nigeria National AI Strategy Draft 2024,National Strategy,2024,-1,
Nigeria_National_AI_Strategy_2024_chunk_15,Nigeria_National_AI_Strategy_2024,Nigeria,Africa & Middle East,Nigeria National AI Strategy Draft 2024,National Strategy,2024,-1,
Nigeria_National_AI_Strategy_2024_chunk_16,Nigeria_National_AI_Strategy_2024,Nigeria,Africa & Middle East,Nigeria National AI Strategy Draft 2024,National Strategy,2024,-1,
Nigeria_National_AI_Strategy_2024_chunk_17,Nigeria_National_AI_Strategy_2024,Nigeria,Africa & Middle East,Nigeria National AI Strategy Draft 2024,National Strategy,2024,-1,
Nigeria_National_AI_Strategy_2024_chunk_18,Nigeria_National_AI_Strategy_2024,Nigeria,Africa & Middle East,Nigeria National AI Strategy Draft 2024,National Strategy,2024,-1,
Nigeria_National_AI_Strategy_2024_chunk_19,Nigeria_National_AI_Strategy_2024,Nigeria,Africa & Middle East,Nigeria National AI Strategy Draft 2024,National Strategy,2024,-1,
Nigeria_National_AI_Strategy_2024_chunk_20,Nigeria_National_AI_Strategy_2024,Nigeria,Africa & Middle East,Nigeria National AI Strategy Draft 2024,National Strategy,2024,-1,
Nigeria_National_AI_Strategy_2024_chunk_21,Nigeria_National_AI_Strategy_2024,Nigeria,Africa & Middle East,Nigeria National AI Strategy Draft 2024,National Strategy,2024,-1,
Nigeria_National_AI_Strategy_2024_chunk_22,Nigeria_National_AI_Strategy_2024,Nigeria,Africa & Middle East,Nigeria National AI Strategy Draft 2024,National Strategy,2024,-1,
Nigeria_National_AI_Strategy_2024_chunk_23,Nigeria_National_AI_Strategy_2024,Nigeria,Africa & Middle East,Nigeria National AI Strategy Draft 2024,National Strategy,2024,0,"learning, machine, machine learning, student, artificial, intelligence, artificial intelligence, performance, prediction, algorithm"
Nigeria_National_AI_Strategy_2024_chunk_24,Nigeria_National_AI_Strategy_2024,Nigeria,Africa & Middle East,Nigeria National AI Strategy Draft 2024,National Strategy,2024,-1,
Nigeria_National_AI_Strategy_2024_chunk_25,Nigeria_National_AI_Strategy_2024,Nigeria,Africa & Middle East,Nigeria National AI Strategy Draft 2024,National Strategy,2024,-1,
Nigeria_National_AI_Strategy_2024_chunk_26,Nigeria_National_AI_Strategy_2024,Nigeria,Africa & Middle East,Nigeria National AI Strategy Draft 2024,National Strategy,2024,-1,
UNESCO_Recommendation_Ethics_AI_2021_chunk_0,UNESCO_Recommendation_Ethics_AI_2021,UNESCO,International,UNESCO Recommendation on the Ethics of AI 2021,International Recommendation,2021,-1,
UNESCO_Recommendation_Ethics_AI_2021_chunk_1,UNESCO_Recommendation_Ethics_AI_2021,UNESCO,International,UNESCO Recommendation on the Ethics of AI 2021,International Recommendation,2021,-1,
UNESCO_Recommendation_Ethics_AI_2021_chunk_2,UNESCO_Recommendation_Ethics_AI_2021,UNESCO,International,UNESCO Recommendation on the Ethics of AI 2021,International Recommendation,2021,-1,
UNESCO_Recommendation_Ethics_AI_2021_chunk_3,UNESCO_Recommendation_Ethics_AI_2021,UNESCO,International,UNESCO Recommendation on the Ethics of AI 2021,International Recommendation,2021,-1,
UNESCO_Recommendation_Ethics_AI_2021_chunk_4,UNESCO_Recommendation_Ethics_AI_2021,UNESCO,International,UNESCO Recommendation on the Ethics of AI 2021,International Recommendation,2021,0,"learning, machine, machine learning, student, artificial, intelligence, artificial intelligence, performance, prediction, algorithm"
UNESCO_Recommendation_Ethics_AI_2021_chunk_5,UNESCO_Recommendation_Ethics_AI_2021,UNESCO,International,UNESCO Recommendation on the Ethics of AI 2021,International Recommendation,2021,-1,
UNESCO_Recommendation_Ethics_AI_2021_chunk_6,UNESCO_Recommendation_Ethics_AI_2021,UNESCO,International,UNESCO Recommendation on the Ethics of AI 2021,International Recommendation,2021,-1,
UNESCO_Recommendation_Ethics_AI_2021_chunk_7,UNESCO_Recommendation_Ethics_AI_2021,UNESCO,International,UNESCO Recommendation on the Ethics of AI 2021,International Recommendation,2021,-1,
UNESCO_Recommendation_Ethics_AI_2021_chunk_8,UNESCO_Recommendation_Ethics_AI_2021,UNESCO,International,UNESCO Recommendation on the Ethics of AI 2021,International Recommendation,2021,-1,
UNESCO_Recommendation_Ethics_AI_2021_chunk_9,UNESCO_Recommendation_Ethics_AI_2021,UNESCO,International,UNESCO Recommendation on the Ethics of AI 2021,International Recommendation,2021,-1,
UNESCO_Recommendation_Ethics_AI_2021_chunk_10,UNESCO_Recommendation_Ethics_AI_2021,UNESCO,International,UNESCO Recommendation on the Ethics of AI 2021,International Recommendation,2021,0,"learning, machine, machine learning, student, artificial, intelligence, artificial intelligence, performance, prediction, algorithm"
UNESCO_Recommendation_Ethics_AI_2021_chunk_11,UNESCO_Recommendation_Ethics_AI_2021,UNESCO,International,UNESCO Recommendation on the Ethics of AI 2021,International Recommendation,2021,-1,
UNESCO_Recommendation_Ethics_AI_2021_chunk_12,UNESCO_Recommendation_Ethics_AI_2021,UNESCO,International,UNESCO Recommendation on the Ethics of AI 2021,International Recommendation,2021,0,"learning, machine, machine learning, student, artificial, intelligence, artificial intelligence, performance, prediction, algorithm"
UNESCO_Recommendation_Ethics_AI_2021_chunk_13,UNESCO_Recommendation_Ethics_AI_2021,UNESCO,International,UNESCO Recommendation on the Ethics of AI 2021,International Recommendation,2021,9,"library, academic library, service, academic, information, technology, li, university, artificial intelligence, intelligence"
UNESCO_Recommendation_Ethics_AI_2021_chunk_14,UNESCO_Recommendation_Ethics_AI_2021,UNESCO,International,UNESCO Recommendation on the Ethics of AI 2021,International Recommendation,2021,-1,
UNESCO_Recommendation_Ethics_AI_2021_chunk_15,UNESCO_Recommendation_Ethics_AI_2021,UNESCO,International,UNESCO Recommendation on the Ethics of AI 2021,International Recommendation,2021,-1,
UNESCO_Recommendation_Ethics_AI_2021_chunk_16,UNESCO_Recommendation_Ethics_AI_2021,UNESCO,International,UNESCO Recommendation on the Ethics of AI 2021,International Recommendation,2021,-1,
UNESCO_Recommendation_Ethics_AI_2021_chunk_17,UNESCO_Recommendation_Ethics_AI_2021,UNESCO,International,UNESCO Recommendation on the Ethics of AI 2021,International Recommendation,2021,-1,
OECD_AI_Principles_2023_chunk_0,OECD_AI_Principles_2023,OECD,International,OECD AI Principles 2023,International Principles,2023,-1,
OECD_AI_Principles_2023_chunk_1,OECD_AI_Principles_2023,OECD,International,OECD AI Principles 2023,International Principles,2023,-1,
OECD_AI_Principles_2023_chunk_2,OECD_AI_Principles_2023,OECD,International,OECD AI Principles 2023,International Principles,2023,-1,
OECD_AI_Principles_2023_chunk_3,OECD_AI_Principles_2023,OECD,International,OECD AI Principles 2023,International Principles,2023,-1,
OECD_AI_Principles_2023_chunk_4,OECD_AI_Principles_2023,OECD,International,OECD AI Principles 2023,International Principles,2023,-1,
OECD_AI_Principles_2023_chunk_5,OECD_AI_Principles_2023,OECD,International,OECD AI Principles 2023,International Principles,2023,-1,
G7_Hiroshima_AI_Process_Guiding_Principles_2023_chunk_0,G7_Hiroshima_AI_Process_Guiding_Principles_2023,G7,International,G7 Hiroshima AI Process Guiding Principles 2023,International Principles,2023,-1,
G7_Hiroshima_AI_Process_Guiding_Principles_2023_chunk_1,G7_Hiroshima_AI_Process_Guiding_Principles_2023,G7,International,G7 Hiroshima AI Process Guiding Principles 2023,International Principles,2023,2,"attack, iot, detection, security, cybersecurity, intrusion, threat, cyber, network, id"
CouncilOfEurope_AI_Framework_Convention_CETS225_2024_chunk_0,CouncilOfEurope_AI_Framework_Convention_CETS225_2024,Council of Europe,International,Framework Convention on AI Human Rights Democracy Rule of Law CETS 225,Binding International Treaty,2024,-1,
CouncilOfEurope_AI_Framework_Convention_CETS225_2024_chunk_1,CouncilOfEurope_AI_Framework_Convention_CETS225_2024,Council of Europe,International,Framework Convention on AI Human Rights Democracy Rule of Law CETS 225,Binding International Treaty,2024,-1,
CouncilOfEurope_AI_Framework_Convention_CETS225_2024_chunk_2,CouncilOfEurope_AI_Framework_Convention_CETS225_2024,Council of Europe,International,Framework Convention on AI Human Rights Democracy Rule of Law CETS 225,Binding International Treaty,2024,-1,
CouncilOfEurope_AI_Framework_Convention_CETS225_2024_chunk_3,CouncilOfEurope_AI_Framework_Convention_CETS225_2024,Council of Europe,International,Framework Convention on AI Human Rights Democracy Rule of Law CETS 225,Binding International Treaty,2024,-1,
CouncilOfEurope_AI_Framework_Convention_CETS225_2024_chunk_4,CouncilOfEurope_AI_Framework_Convention_CETS225_2024,Council of Europe,International,Framework Convention on AI Human Rights Democracy Rule of Law CETS 225,Binding International Treaty,2024,0,"learning, machine, machine learning, student, artificial, intelligence, artificial intelligence, performance, prediction, algorithm"
CouncilOfEurope_AI_Framework_Convention_CETS225_2024_chunk_5,CouncilOfEurope_AI_Framework_Convention_CETS225_2024,Council of Europe,International,Framework Convention on AI Human Rights Democracy Rule of Law CETS 225,Binding International Treaty,2024,-1,
AfricanUnion_Continental_AI_Strategy_2024_chunk_0,AfricanUnion_Continental_AI_Strategy_2024,African Union,International,AU Continental AI Strategy for Africa 2024,Continental Strategy,2024,-1,
AfricanUnion_Continental_AI_Strategy_2024_chunk_1,AfricanUnion_Continental_AI_Strategy_2024,African Union,International,AU Continental AI Strategy for Africa 2024,Continental Strategy,2024,-1,
AfricanUnion_Continental_AI_Strategy_2024_chunk_2,AfricanUnion_Continental_AI_Strategy_2024,African Union,International,AU Continental AI Strategy for Africa 2024,Continental Strategy,2024,-1,
AfricanUnion_Continental_AI_Strategy_2024_chunk_3,AfricanUnion_Continental_AI_Strategy_2024,African Union,International,AU Continental AI Strategy for Africa 2024,Continental Strategy,2024,0,"learning, machine, machine learning, student, artificial, intelligence, artificial intelligence, performance, prediction, algorithm"
AfricanUnion_Continental_AI_Strategy_2024_chunk_4,AfricanUnion_Continental_AI_Strategy_2024,African Union,International,AU Continental AI Strategy for Africa 2024,Continental Strategy,2024,-1,
AfricanUnion_Continental_AI_Strategy_2024_chunk_5,AfricanUnion_Continental_AI_Strategy_2024,African Union,International,AU Continental AI Strategy for Africa 2024,Continental Strategy,2024,-1,
AfricanUnion_Continental_AI_Strategy_2024_chunk_6,AfricanUnion_Continental_AI_Strategy_2024,African Union,International,AU Continental AI Strategy for Africa 2024,Continental Strategy,2024,-1,
AfricanUnion_Continental_AI_Strategy_2024_chunk_7,AfricanUnion_Continental_AI_Strategy_2024,African Union,International,AU Continental AI Strategy for Africa 2024,Continental Strategy,2024,-1,
AfricanUnion_Continental_AI_Strategy_2024_chunk_8,AfricanUnion_Continental_AI_Strategy_2024,African Union,International,AU Continental AI Strategy for Africa 2024,Continental Strategy,2024,-1,
AfricanUnion_Continental_AI_Strategy_2024_chunk_9,AfricanUnion_Continental_AI_Strategy_2024,African Union,International,AU Continental AI Strategy for Africa 2024,Continental Strategy,2024,-1,
AfricanUnion_Continental_AI_Strategy_2024_chunk_10,AfricanUnion_Continental_AI_Strategy_2024,African Union,International,AU Continental AI Strategy for Africa 2024,Continental Strategy,2024,-1,
AfricanUnion_Continental_AI_Strategy_2024_chunk_11,AfricanUnion_Continental_AI_Strategy_2024,African Union,International,AU Continental AI Strategy for Africa 2024,Continental Strategy,2024,-1,
AfricanUnion_Continental_AI_Strategy_2024_chunk_12,AfricanUnion_Continental_AI_Strategy_2024,African Union,International,AU Continental AI Strategy for Africa 2024,Continental Strategy,2024,-1,
AfricanUnion_Continental_AI_Strategy_2024_chunk_13,AfricanUnion_Continental_AI_Strategy_2024,African Union,International,AU Continental AI Strategy for Africa 2024,Continental Strategy,2024,-1,
AfricanUnion_Continental_AI_Strategy_2024_chunk_14,AfricanUnion_Continental_AI_Strategy_2024,African Union,International,AU Continental AI Strategy for Africa 2024,Continental Strategy,2024,0,"learning, machine, machine learning, student, artificial, intelligence, artificial intelligence, performance, prediction, algorithm"
AfricanUnion_Continental_AI_Strategy_2024_chunk_15,AfricanUnion_Continental_AI_Strategy_2024,African Union,International,AU Continental AI Strategy for Africa 2024,Continental Strategy,2024,0,"learning, machine, machine learning, student, artificial, intelligence, artificial intelligence, performance, prediction, algorithm"
AfricanUnion_Continental_AI_Strategy_2024_chunk_16,AfricanUnion_Continental_AI_Strategy_2024,African Union,International,AU Continental AI Strategy for Africa 2024,Continental Strategy,2024,0,"learning, machine, machine learning, student, artificial, intelligence, artificial intelligence, performance, prediction, algorithm"
AfricanUnion_Continental_AI_Strategy_2024_chunk_17,AfricanUnion_Continental_AI_Strategy_2024,African Union,International,AU Continental AI Strategy for Africa 2024,Continental Strategy,2024,-1,
AfricanUnion_Continental_AI_Strategy_2024_chunk_18,AfricanUnion_Continental_AI_Strategy_2024,African Union,International,AU Continental AI Strategy for Africa 2024,Continental Strategy,2024,-1,
AfricanUnion_Continental_AI_Strategy_2024_chunk_19,AfricanUnion_Continental_AI_Strategy_2024,African Union,International,AU Continental AI Strategy for Africa 2024,Continental Strategy,2024,-1,
AfricanUnion_Continental_AI_Strategy_2024_chunk_20,AfricanUnion_Continental_AI_Strategy_2024,African Union,International,AU Continental AI Strategy for Africa 2024,Continental Strategy,2024,0,"learning, machine, machine learning, student, artificial, intelligence, artificial intelligence, performance, prediction, algorithm"
AfricanUnion_Continental_AI_Strategy_2024_chunk_21,AfricanUnion_Continental_AI_Strategy_2024,African Union,International,AU Continental AI Strategy for Africa 2024,Continental Strategy,2024,-1,
AfricanUnion_Continental_AI_Strategy_2024_chunk_22,AfricanUnion_Continental_AI_Strategy_2024,African Union,International,AU Continental AI Strategy for Africa 2024,Continental Strategy,2024,0,"learning, machine, machine learning, student, artificial, intelligence, artificial intelligence, performance, prediction, algorithm"
AfricanUnion_Continental_AI_Strategy_2024_chunk_23,AfricanUnion_Continental_AI_Strategy_2024,African Union,International,AU Continental AI Strategy for Africa 2024,Continental Strategy,2024,-1,
AfricanUnion_Continental_AI_Strategy_2024_chunk_24,AfricanUnion_Continental_AI_Strategy_2024,African Union,International,AU Continental AI Strategy for Africa 2024,Continental Strategy,2024,-1,
AfricanUnion_Continental_AI_Strategy_2024_chunk_25,AfricanUnion_Continental_AI_Strategy_2024,African Union,International,AU Continental AI Strategy for Africa 2024,Continental Strategy,2024,-1,
AfricanUnion_Continental_AI_Strategy_2024_chunk_26,AfricanUnion_Continental_AI_Strategy_2024,African Union,International,AU Continental AI Strategy for Africa 2024,Continental Strategy,2024,-1,
AfricanUnion_Continental_AI_Strategy_2024_chunk_27,AfricanUnion_Continental_AI_Strategy_2024,African Union,International,AU Continental AI Strategy for Africa 2024,Continental Strategy,2024,-1,
AfricanUnion_Continental_AI_Strategy_2024_chunk_28,AfricanUnion_Continental_AI_Strategy_2024,African Union,International,AU Continental AI Strategy for Africa 2024,Continental Strategy,2024,-1,
ASEAN_Guide_AI_Governance_Ethics_2024_chunk_0,ASEAN_Guide_AI_Governance_Ethics_2024,ASEAN,International,ASEAN Guide on AI Governance and Ethics 2024,Regional Framework,2024,0,"learning, machine, machine learning, student, artificial, intelligence, artificial intelligence, performance, prediction, algorithm"
ASEAN_Guide_AI_Governance_Ethics_2024_chunk_1,ASEAN_Guide_AI_Governance_Ethics_2024,ASEAN,International,ASEAN Guide on AI Governance and Ethics 2024,Regional Framework,2024,-1,
ASEAN_Guide_AI_Governance_Ethics_2024_chunk_2,ASEAN_Guide_AI_Governance_Ethics_2024,ASEAN,International,ASEAN Guide on AI Governance and Ethics 2024,Regional Framework,2024,-1,
ASEAN_Guide_AI_Governance_Ethics_2024_chunk_3,ASEAN_Guide_AI_Governance_Ethics_2024,ASEAN,International,ASEAN Guide on AI Governance and Ethics 2024,Regional Framework,2024,-1,
ASEAN_Guide_AI_Governance_Ethics_2024_chunk_4,ASEAN_Guide_AI_Governance_Ethics_2024,ASEAN,International,ASEAN Guide on AI Governance and Ethics 2024,Regional Framework,2024,-1,
ASEAN_Guide_AI_Governance_Ethics_2024_chunk_5,ASEAN_Guide_AI_Governance_Ethics_2024,ASEAN,International,ASEAN Guide on AI Governance and Ethics 2024,Regional Framework,2024,-1,
ASEAN_Guide_AI_Governance_Ethics_2024_chunk_6,ASEAN_Guide_AI_Governance_Ethics_2024,ASEAN,International,ASEAN Guide on AI Governance and Ethics 2024,Regional Framework,2024,-1,
ASEAN_Guide_AI_Governance_Ethics_2024_chunk_7,ASEAN_Guide_AI_Governance_Ethics_2024,ASEAN,International,ASEAN Guide on AI Governance and Ethics 2024,Regional Framework,2024,-1,
ASEAN_Guide_AI_Governance_Ethics_2024_chunk_8,ASEAN_Guide_AI_Governance_Ethics_2024,ASEAN,International,ASEAN Guide on AI Governance and Ethics 2024,Regional Framework,2024,-1,
ASEAN_Guide_AI_Governance_Ethics_2024_chunk_9,ASEAN_Guide_AI_Governance_Ethics_2024,ASEAN,International,ASEAN Guide on AI Governance and Ethics 2024,Regional Framework,2024,-1,
ASEAN_Guide_AI_Governance_Ethics_2024_chunk_10,ASEAN_Guide_AI_Governance_Ethics_2024,ASEAN,International,ASEAN Guide on AI Governance and Ethics 2024,Regional Framework,2024,-1,
ASEAN_Guide_AI_Governance_Ethics_2024_chunk_11,ASEAN_Guide_AI_Governance_Ethics_2024,ASEAN,International,ASEAN Guide on AI Governance and Ethics 2024,Regional Framework,2024,-1,
ASEAN_Guide_AI_Governance_Ethics_2024_chunk_12,ASEAN_Guide_AI_Governance_Ethics_2024,ASEAN,International,ASEAN Guide on AI Governance and Ethics 2024,Regional Framework,2024,-1,
ASEAN_Guide_AI_Governance_Ethics_2024_chunk_13,ASEAN_Guide_AI_Governance_Ethics_2024,ASEAN,International,ASEAN Guide on AI Governance and Ethics 2024,Regional Framework,2024,0,"learning, machine, machine learning, student, artificial, intelligence, artificial intelligence, performance, prediction, algorithm"
ASEAN_Guide_AI_Governance_Ethics_2024_chunk_14,ASEAN_Guide_AI_Governance_Ethics_2024,ASEAN,International,ASEAN Guide on AI Governance and Ethics 2024,Regional Framework,2024,-1,
ASEAN_Guide_AI_Governance_Ethics_2024_chunk_15,ASEAN_Guide_AI_Governance_Ethics_2024,ASEAN,International,ASEAN Guide on AI Governance and Ethics 2024,Regional Framework,2024,-1,
ASEAN_Guide_AI_Governance_Ethics_2024_chunk_16,ASEAN_Guide_AI_Governance_Ethics_2024,ASEAN,International,ASEAN Guide on AI Governance and Ethics 2024,Regional Framework,2024,-1,
ASEAN_Guide_AI_Governance_Ethics_2024_chunk_17,ASEAN_Guide_AI_Governance_Ethics_2024,ASEAN,International,ASEAN Guide on AI Governance and Ethics 2024,Regional Framework,2024,-1,
ASEAN_Guide_AI_Governance_Ethics_2024_chunk_18,ASEAN_Guide_AI_Governance_Ethics_2024,ASEAN,International,ASEAN Guide on AI Governance and Ethics 2024,Regional Framework,2024,-1,
ASEAN_Guide_AI_Governance_Ethics_2024_chunk_19,ASEAN_Guide_AI_Governance_Ethics_2024,ASEAN,International,ASEAN Guide on AI Governance and Ethics 2024,Regional Framework,2024,0,"learning, machine, machine learning, student, artificial, intelligence, artificial intelligence, performance, prediction, algorithm"
ASEAN_Guide_AI_Governance_Ethics_2024_chunk_20,ASEAN_Guide_AI_Governance_Ethics_2024,ASEAN,International,ASEAN Guide on AI Governance and Ethics 2024,Regional Framework,2024,-1,
ASEAN_Guide_AI_Governance_Ethics_2024_chunk_21,ASEAN_Guide_AI_Governance_Ethics_2024,ASEAN,International,ASEAN Guide on AI Governance and Ethics 2024,Regional Framework,2024,-1,
ASEAN_Guide_AI_Governance_Ethics_2024_chunk_22,ASEAN_Guide_AI_Governance_Ethics_2024,ASEAN,International,ASEAN Guide on AI Governance and Ethics 2024,Regional Framework,2024,-1,
ASEAN_Guide_AI_Governance_Ethics_2024_chunk_23,ASEAN_Guide_AI_Governance_Ethics_2024,ASEAN,International,ASEAN Guide on AI Governance and Ethics 2024,Regional Framework,2024,-1,
ASEAN_Guide_AI_Governance_Ethics_2024_chunk_24,ASEAN_Guide_AI_Governance_Ethics_2024,ASEAN,International,ASEAN Guide on AI Governance and Ethics 2024,Regional Framework,2024,0,"learning, machine, machine learning, student, artificial, intelligence, artificial intelligence, performance, prediction, algorithm"
ASEAN_Guide_AI_Governance_Ethics_2024_chunk_25,ASEAN_Guide_AI_Governance_Ethics_2024,ASEAN,International,ASEAN Guide on AI Governance and Ethics 2024,Regional Framework,2024,0,"learning, machine, machine learning, student, artificial, intelligence, artificial intelligence, performance, prediction, algorithm"
ASEAN_Guide_AI_Governance_Ethics_2024_chunk_26,ASEAN_Guide_AI_Governance_Ethics_2024,ASEAN,International,ASEAN Guide on AI Governance and Ethics 2024,Regional Framework,2024,-1,
ASEAN_Guide_AI_Governance_Ethics_2024_chunk_27,ASEAN_Guide_AI_Governance_Ethics_2024,ASEAN,International,ASEAN Guide on AI Governance and Ethics 2024,Regional Framework,2024,0,"learning, machine, machine learning, student, artificial, intelligence, artificial intelligence, performance, prediction, algorithm"
ASEAN_Guide_AI_Governance_Ethics_2024_chunk_28,ASEAN_Guide_AI_Governance_Ethics_2024,ASEAN,International,ASEAN Guide on AI Governance and Ethics 2024,Regional Framework,2024,-1,
ASEAN_Guide_AI_Governance_Ethics_2024_chunk_29,ASEAN_Guide_AI_Governance_Ethics_2024,ASEAN,International,ASEAN Guide on AI Governance and Ethics 2024,Regional Framework,2024,-1,
ASEAN_Guide_AI_Governance_Ethics_2024_chunk_30,ASEAN_Guide_AI_Governance_Ethics_2024,ASEAN,International,ASEAN Guide on AI Governance and Ethics 2024,Regional Framework,2024,0,"learning, machine, machine learning, student, artificial, intelligence, artificial intelligence, performance, prediction, algorithm"
ASEAN_Guide_AI_Governance_Ethics_2024_chunk_31,ASEAN_Guide_AI_Governance_Ethics_2024,ASEAN,International,ASEAN Guide on AI Governance and Ethics 2024,Regional Framework,2024,-1,
ASEAN_Guide_AI_Governance_Ethics_2024_chunk_32,ASEAN_Guide_AI_Governance_Ethics_2024,ASEAN,International,ASEAN Guide on AI Governance and Ethics 2024,Regional Framework,2024,-1,
ASEAN_Guide_AI_Governance_Ethics_2024_chunk_33,ASEAN_Guide_AI_Governance_Ethics_2024,ASEAN,International,ASEAN Guide on AI Governance and Ethics 2024,Regional Framework,2024,0,"learning, machine, machine learning, student, artificial, intelligence, artificial intelligence, performance, prediction, algorithm"
ASEAN_Expanded_Guide_AI_Governance_GenAI_2025_chunk_0,ASEAN_Expanded_Guide_AI_Governance_GenAI_2025,ASEAN,International,ASEAN Expanded Guide AI Governance Generative AI 2025,Regional Framework,2025,-1,
ASEAN_Expanded_Guide_AI_Governance_GenAI_2025_chunk_1,ASEAN_Expanded_Guide_AI_Governance_GenAI_2025,ASEAN,International,ASEAN Expanded Guide AI Governance Generative AI 2025,Regional Framework,2025,-1,
ASEAN_Expanded_Guide_AI_Governance_GenAI_2025_chunk_2,ASEAN_Expanded_Guide_AI_Governance_GenAI_2025,ASEAN,International,ASEAN Expanded Guide AI Governance Generative AI 2025,Regional Framework,2025,-1,
ASEAN_Expanded_Guide_AI_Governance_GenAI_2025_chunk_3,ASEAN_Expanded_Guide_AI_Governance_GenAI_2025,ASEAN,International,ASEAN Expanded Guide AI Governance Generative AI 2025,Regional Framework,2025,-1,
ASEAN_Expanded_Guide_AI_Governance_GenAI_2025_chunk_4,ASEAN_Expanded_Guide_AI_Governance_GenAI_2025,ASEAN,International,ASEAN Expanded Guide AI Governance Generative AI 2025,Regional Framework,2025,-1,
ASEAN_Expanded_Guide_AI_Governance_GenAI_2025_chunk_5,ASEAN_Expanded_Guide_AI_Governance_GenAI_2025,ASEAN,International,ASEAN Expanded Guide AI Governance Generative AI 2025,Regional Framework,2025,-1,
ASEAN_Expanded_Guide_AI_Governance_GenAI_2025_chunk_6,ASEAN_Expanded_Guide_AI_Governance_GenAI_2025,ASEAN,International,ASEAN Expanded Guide AI Governance Generative AI 2025,Regional Framework,2025,-1,
ASEAN_Expanded_Guide_AI_Governance_GenAI_2025_chunk_7,ASEAN_Expanded_Guide_AI_Governance_GenAI_2025,ASEAN,International,ASEAN Expanded Guide AI Governance Generative AI 2025,Regional Framework,2025,-1,
ASEAN_Expanded_Guide_AI_Governance_GenAI_2025_chunk_8,ASEAN_Expanded_Guide_AI_Governance_GenAI_2025,ASEAN,International,ASEAN Expanded Guide AI Governance Generative AI 2025,Regional Framework,2025,0,"learning, machine, machine learning, student, artificial, intelligence, artificial intelligence, performance, prediction, algorithm"
ASEAN_Expanded_Guide_AI_Governance_GenAI_2025_chunk_9,ASEAN_Expanded_Guide_AI_Governance_GenAI_2025,ASEAN,International,ASEAN Expanded Guide AI Governance Generative AI 2025,Regional Framework,2025,-1,
ASEAN_Expanded_Guide_AI_Governance_GenAI_2025_chunk_10,ASEAN_Expanded_Guide_AI_Governance_GenAI_2025,ASEAN,International,ASEAN Expanded Guide AI Governance Generative AI 2025,Regional Framework,2025,-1,
ASEAN_Expanded_Guide_AI_Governance_GenAI_2025_chunk_11,ASEAN_Expanded_Guide_AI_Governance_GenAI_2025,ASEAN,International,ASEAN Expanded Guide AI Governance Generative AI 2025,Regional Framework,2025,2,"attack, iot, detection, security, cybersecurity, intrusion, threat, cyber, network, id"
ASEAN_Expanded_Guide_AI_Governance_GenAI_2025_chunk_12,ASEAN_Expanded_Guide_AI_Governance_GenAI_2025,ASEAN,International,ASEAN Expanded Guide AI Governance Generative AI 2025,Regional Framework,2025,-1,
ASEAN_Expanded_Guide_AI_Governance_GenAI_2025_chunk_13,ASEAN_Expanded_Guide_AI_Governance_GenAI_2025,ASEAN,International,ASEAN Expanded Guide AI Governance Generative AI 2025,Regional Framework,2025,-1,
ASEAN_Expanded_Guide_AI_Governance_GenAI_2025_chunk_14,ASEAN_Expanded_Guide_AI_Governance_GenAI_2025,ASEAN,International,ASEAN Expanded Guide AI Governance Generative AI 2025,Regional Framework,2025,-1,
ASEAN_Expanded_Guide_AI_Governance_GenAI_2025_chunk_15,ASEAN_Expanded_Guide_AI_Governance_GenAI_2025,ASEAN,International,ASEAN Expanded Guide AI Governance Generative AI 2025,Regional Framework,2025,-1,
ASEAN_Expanded_Guide_AI_Governance_GenAI_2025_chunk_16,ASEAN_Expanded_Guide_AI_Governance_GenAI_2025,ASEAN,International,ASEAN Expanded Guide AI Governance Generative AI 2025,Regional Framework,2025,-1,
ASEAN_Expanded_Guide_AI_Governance_GenAI_2025_chunk_17,ASEAN_Expanded_Guide_AI_Governance_GenAI_2025,ASEAN,International,ASEAN Expanded Guide AI Governance Generative AI 2025,Regional Framework,2025,-1,
ASEAN_Expanded_Guide_AI_Governance_GenAI_2025_chunk_18,ASEAN_Expanded_Guide_AI_Governance_GenAI_2025,ASEAN,International,ASEAN Expanded Guide AI Governance Generative AI 2025,Regional Framework,2025,-1,
